id,file,offset,category,original,translation,status,note
DATA5.BIN#40401,DATA5.BIN,40401,对话,"はーい、あれが今回のターゲットでーす。
それでは、目標をロックオンしまーす。",,untranslated,
DATA5.BIN#40522,DATA5.BIN,40522,对话,"システム・オールグリーン。
カウントダウン開始。
エネルギー充填…８０％…９０％…。",,untranslated,
DATA5.BIN#40650,DATA5.BIN,40650,菜单,ファイアー！,,untranslated,
DATA5.BIN#40741,DATA5.BIN,40741,对话,"やりましたぁ！
大成功です！",,untranslated,
DATA5.BIN#40796,DATA5.BIN,40796,对话,"（大成功って言っても…
いくら何でも、やりすぎだよなぁ…）",,untranslated,
DATA5.BIN#40885,DATA5.BIN,40885,对话,てへへ、失敗しちゃったぁ。,,untranslated,
DATA5.BIN#40939,DATA5.BIN,40939,菜单,（あ、あのなぁ…）,,untranslated,
DATA5.BIN#49998,DATA5.BIN,49998,菜单,峺2甁Dえ,,untranslated,
DATA5.BIN#50460,DATA5.BIN,50460,菜单,j &]蓊が,,untranslated,
DATA5.BIN#50853,DATA5.BIN,50853,菜单,"c礇2巉""パ",,untranslated,
DATA5.BIN#51023,DATA5.BIN,51023,菜单,"勗-aРぐ訝橙""i",,untranslated,
DATA5.BIN#52995,DATA5.BIN,52995,菜单,示止1ゐ1,,untranslated,
DATA5.BIN#58644,DATA5.BIN,58644,菜单,#ゎy栂,,untranslated,
DATA5.BIN#75236,DATA5.BIN,75236,菜单,r2齡~ヒ,,untranslated,
DATA5.BIN#77125,DATA5.BIN,77125,菜单,0圸慄ン,,untranslated,
DATA5.BIN#80176,DATA5.BIN,80176,菜单,4孫8イ,,untranslated,
DATA5.BIN#123857,DATA5.BIN,123857,对话,"各パーツ、リフト・オフ！
…合体開始！",,untranslated,
DATA5.BIN#137111,DATA5.BIN,137111,菜单,6Gび鞣,,untranslated,
DATA5.BIN#144234,DATA5.BIN,144234,菜单,)7Kづ騾,,untranslated,
DATA5.BIN#164943,DATA5.BIN,164943,菜单,*2J`ぽ杞1,,untranslated,
DATA5.BIN#188414,DATA5.BIN,188414,菜单,≦{ヱ肢,,untranslated,
DATA5.BIN#193673,DATA5.BIN,193673,菜单,xp{~|≧準ユ騰,,untranslated,
DATA5.BIN#198498,DATA5.BIN,198498,菜单,ヤ諮随書,,untranslated,
DATA5.BIN#198677,DATA5.BIN,198677,菜单,窮пヨ穴,,untranslated,
DATA5.BIN#209321,DATA5.BIN,209321,菜单,爽ゲK06,,untranslated,
DATA5.BIN#209864,DATA5.BIN,209864,菜单,宴yラ視,,untranslated,
DATA5.BIN#214528,DATA5.BIN,214528,菜单,|ュパs,,untranslated,
DATA5.BIN#220250,DATA5.BIN,220250,菜单,リ鰹巨椨,,untranslated,
DATA5.BIN#223213,DATA5.BIN,223213,菜单,0醇ポ準|,,untranslated,
DATA5.BIN#266167,DATA5.BIN,266167,菜单,「おばあちゃんと私,,untranslated,
DATA5.BIN#266194,DATA5.BIN,266194,对话,"「わたしには大好きなおばあちゃんがいます。
もえぎの高校の近くで
駄菓子屋さんをやっているおばあちゃんです。
おばあちゃんはよく、わたしに
『女の子なら優しさと思いやりを
いつまでも忘れないでいてね…』
って、言い聞かせてくれます。
本当にその通りだと思いますし、
わたし自身、そうありたいと願っています。
将来のことはまだ分かりませんが、
ずっとずっと遠い未来には
おばあちゃんみたいに子供に好かれる
素敵なお婆さんになれたらいいなと
思っています。
そのためにも、日々優しさと思いやりを
忘れずに過ごしていきたいと思います",,untranslated,
DATA5.BIN#266741,DATA5.BIN,266741,对话,"「わたしには大好きなおばあちゃんがいます。
それはもえぎの高校の近くで
駄菓子屋さんをやっていたおばあちゃんです。
今はもう天国に行ってしまって淋しいけど…、
わたしの心の中に今でも生き続けています。
おばあちゃんはよく、わたしに
『女の子なら優しさと思いやりを
いつまでも忘れないでいてね…』
と、言い聞かせてくれました。
将来のことはまだ分かりませんが、
ずっとずっと遠い未来には
おばあちゃんみたいに子供に好かれる
素敵なお婆さんになれたらいいなと
思っています。
そのためにも、日々優しさと思いやりを
忘れずに過ごしていきたいと思います",,untranslated,
DATA5.BIN#267334,DATA5.BIN,267334,菜单,おばあちゃんと私。,,untranslated,
DATA5.BIN#267398,DATA5.BIN,267398,对话,"わたしには大好きな
おばあちゃんがいます。",,untranslated,
DATA5.BIN#267467,DATA5.BIN,267467,对话,"「『優しさと思いやりをいつも忘れないでね』
と口癖のようにわたしに言い聞かせてくれる
おばあちゃんです。",,untranslated,
DATA5.BIN#267597,DATA5.BIN,267597,对话,"「そのおばあちゃんは、もえぎの高校の近くで
駄菓子屋さんをやっていて、",,untranslated,
DATA5.BIN#267694,DATA5.BIN,267694,对话,"「お店に遊びに行くと、いつも
優しい笑顔で出迎えてくれます。
わたしは、そんなおばあちゃんが大好きです。",,untranslated,
DATA5.BIN#267824,DATA5.BIN,267824,对话,"「将来のことはまだ分かりませんが、
素敵な女性になって、",,untranslated,
DATA5.BIN#267907,DATA5.BIN,267907,对话,"「素敵な人と築く幸せな家庭を、
おばあちゃんに見せてあげたいと思います。",,untranslated,
DATA5.BIN#268006,DATA5.BIN,268006,对话,"「そのためにも、いつも優しさと思いやりを
忘れずに過ごしていきたいと思います。",,untranslated,
DATA5.BIN#268238,DATA5.BIN,268238,对话,"わたしには大好きな
おばあちゃんがいました。",,untranslated,
DATA5.BIN#268309,DATA5.BIN,268309,对话,"「『優しさと思いやりをいつも忘れないでね』
と口癖のようにわたしに言い聞かせてくれた
おばあちゃんです。",,untranslated,
DATA5.BIN#268536,DATA5.BIN,268536,对话,"「お店に遊びに行くと、いつも
優しい笑顔で出迎えてくれました。",,untranslated,
DATA5.BIN#268625,DATA5.BIN,268625,对话,"「今はもう天国に行ってしまいましたが
わたしは、今でも
おばあちゃんのことが大好きです。",,untranslated,
DATA5.BIN#268739,DATA5.BIN,268739,对话,"「将来のことはまだわかりませんが、
素敵な女性になって、",,untranslated,
DATA5.BIN#268822,DATA5.BIN,268822,对话,"「素敵な人と築く幸せな家庭を、
天国のおばあちゃんに
見せてあげたいと思います。",,untranslated,
DATA5.BIN#269094,DATA5.BIN,269094,菜单,私の研究について。,,untranslated,
DATA5.BIN#269158,DATA5.BIN,269158,对话,"わたしが現在研究開発中の
完全自律型４脚歩行ロボットは、
モジュール化したプログラムによって、",,untranslated,
DATA5.BIN#269278,DATA5.BIN,269278,对话,"「複数のタスクをパラレルに処理する、
サブサンプション・アーキテクチャによる
制御を行っています。",,untranslated,
DATA5.BIN#269402,DATA5.BIN,269402,对话,"「機体各部に搭載されたＧセンサ、
６軸力センサ、角度センサ、速度センサ、
タッチセンサ、それに個体イメージセンサ、",,untranslated,
DATA5.BIN#269542,DATA5.BIN,269542,对话,"「などから入力されたデータにより
行動フラグを順次更新し、",,untranslated,
DATA5.BIN#269627,DATA5.BIN,269627,对话,"「その行動ステータスによって、
次の行動方針が決定されます。",,untranslated,
DATA5.BIN#269714,DATA5.BIN,269714,对话,"「同時に、各関節を構成する
リニアモータ・アレイへの
制御信号に同期して、",,untranslated,
DATA5.BIN#269814,DATA5.BIN,269814,对话,"「外部割り込みが入り、行動フラグに
応じて各関節の作動を実時間で演算します。",,untranslated,
DATA5.BIN#269917,DATA5.BIN,269917,对话,"「この機体全体の動きは、加速度センサの
フィードバックを含めた姿勢制御演算に
よってリアルタイムに生成しています。",,untranslated,
DATA5.BIN#270057,DATA5.BIN,270057,对话,"「リニアモータ・アレイを利用する利点は、
エネルギーロスを最小限にとどめ、",,untranslated,
DATA5.BIN#270158,DATA5.BIN,270158,对话,"「非常に小型ながら大きなトルクを
得られることにあります。",,untranslated,
DATA5.BIN#270243,DATA5.BIN,270243,对话,"「今回は、機体の軽量化を実現しつつ
充分な出力を達成することができました。",,untranslated,
DATA5.BIN#270344,DATA5.BIN,270344,对话,"「今後は、アレイ特有の欠点でもある、
結線の複雑さの解消に
取り組みたいと考えています。",,untranslated,
DATA5.BIN#270488,DATA5.BIN,270488,对话,"（弁論じゃないぞ、それ…。
…まぁ、",,untranslated,
DATA5.BIN#270528,DATA5.BIN,270528,菜单,らしいけど…）,,untranslated,
DATA5.BIN#270556,DATA5.BIN,270556,对话,（な、何だったんだ、今のは…）,,untranslated,
DATA5.BIN#270678,DATA5.BIN,270678,菜单,将来の夢。,,untranslated,
DATA5.BIN#270734,DATA5.BIN,270734,对话,"将来の夢…と言っても、
うちにはまだよくわかりません。",,untranslated,
DATA5.BIN#270815,DATA5.BIN,270815,对话,"「ただ、進学か就職かだけじゃなくて、
うちらしい、スケールの大きいことが
できたらいいと思っています。",,untranslated,
DATA5.BIN#270943,DATA5.BIN,270943,对话,"「うちは英語だけは得意だし、
外国のこともすごく興味があるので、",,untranslated,
DATA5.BIN#271034,DATA5.BIN,271034,对话,"「どうせなら、世界を股にかけて働くような
ビッグな人間になりたいと思います。",,untranslated,
DATA5.BIN#271137,DATA5.BIN,271137,对话,"「…あ、今のはもちろん、
背が高くなりたいという
意味ではありません。",,untranslated,
DATA5.BIN#271294,DATA5.BIN,271294,菜单,部活動と私。,,untranslated,
DATA5.BIN#271352,DATA5.BIN,271352,对话,"私は、このもえぎの高校に入学して
すぐに合気道部に入部することを決めました。",,untranslated,
DATA5.BIN#271455,DATA5.BIN,271455,对话,"「幼い頃から打ち込んできた合気道を、
より深く極めたかったからです。",,untranslated,
DATA5.BIN#271550,DATA5.BIN,271550,对话,"「以来三年間、私の高校生活は
この部活動とともに
あったといっても過言ではありません。",,untranslated,
DATA5.BIN#271662,DATA5.BIN,271662,对话,"「しかし、私はそこで合気道だけではない、
多くのことを学びました。",,untranslated,
DATA5.BIN#271755,DATA5.BIN,271755,对话,"「自分という存在が、いかに多くの人たちに
支えられているのかということ……。",,untranslated,
DATA5.BIN#271858,DATA5.BIN,271858,对话,"「こんな当たり前のことを
気づかせてくれたのは
ともに部活動を続けてきた仲間たちでした。",,untranslated,
DATA5.BIN#271972,DATA5.BIN,271972,对话,"「私は今、この仲間たちに心から感謝の言葉を
送りたいと思います。
ありがとうございました……。",,untranslated,
DATA5.BIN#272158,DATA5.BIN,272158,菜单,高校生活を振り返って。,,untranslated,
DATA5.BIN#272226,DATA5.BIN,272226,对话,"入学した頃のわたしは、
高校生活にまったく希望を持てずにいました。",,untranslated,
DATA5.BIN#272319,DATA5.BIN,272319,对话,"「でも、今こうして思い返せば、
３年間という時間は、
あっという間に過ぎていった気がします。",,untranslated,
DATA5.BIN#272437,DATA5.BIN,272437,对话,"「新しい知識を得たり、先生や友人たちと
過ごした日々は毎日が新鮮で、
わたしにとって大きな支えとなりました。",,untranslated,
DATA5.BIN#272571,DATA5.BIN,272571,对话,"「高校生活もあとわずかとなりましたが、
わたしは、一瞬一瞬を大切にして、",,untranslated,
DATA5.BIN#272670,DATA5.BIN,272670,对话,"「残された日々を有意義に
過ごしていきたいと思います。",,untranslated,
DATA5.BIN#295470,DATA5.BIN,295470,对话,"おっまたせしました～～っ！
放送部主催、早口バトルロイヤル、
いよいよ決勝戦ですっ",,untranslated,
DATA5.BIN#295580,DATA5.BIN,295580,对话,"「激戦を勝ち抜いてきた両雄、
勝利の栄光を手にするのは、
果たしてどちらでしょうかっ！",,untranslated,
DATA5.BIN#295692,DATA5.BIN,295692,对话,「それでは、早口バトルロイヤル決勝戦！,,untranslated,
DATA5.BIN#295797,DATA5.BIN,295797,对话,「なまむぎなまごめなまたまごっ！,,untranslated,
DATA5.BIN#295865,DATA5.BIN,295865,对话,「赤パジャマ青パジャマ黄パジャマっ！,,untranslated,
DATA5.BIN#295937,DATA5.BIN,295937,对话,「隣の客は良くカキ食う客だっ！,,untranslated,
DATA5.BIN#296003,DATA5.BIN,296003,对话,"「坊主がびょうぶに上手に
坊主の絵を描いた",,untranslated,
DATA5.BIN#296082,DATA5.BIN,296082,菜单,「東京特許許可局～っ,,untranslated,
DATA5.BIN#296140,DATA5.BIN,296140,对话,"「新人シャンソン歌手
新春シャンソンショーっ！",,untranslated,
DATA5.BIN#296221,DATA5.BIN,296221,对话,"「この竹垣に竹立てかけたのは、
竹立てかけたかったから竹立てかけたっ",,untranslated,
DATA5.BIN#296326,DATA5.BIN,296326,对话,"「かえるぴょこぴょこみぴょこぴょこっ
あわせてぴょこぴょこむぴょこぴょこっ",,untranslated,
DATA5.BIN#296437,DATA5.BIN,296437,菜单,「スモモも桃も桃の内！,,untranslated,
DATA5.BIN#296495,DATA5.BIN,296495,对话,「庭には二羽にわとりがいる！,,untranslated,
DATA5.BIN#296559,DATA5.BIN,296559,菜单,「バス　ガス爆発！,,untranslated,
DATA5.BIN#296613,DATA5.BIN,296613,菜单,「お綾や、母親にお謝り！,,untranslated,
DATA5.BIN#296698,DATA5.BIN,296698,对话,"「いや～～、白熱した対戦でしたね。
それではまたお会いしましょう！",,untranslated,
DATA5.BIN#296820,DATA5.BIN,296820,对话,"「…そ、それでは、そーゆーことで、
またお会いしましょう。
…",,untranslated,
DATA5.BIN#366483,DATA5.BIN,366483,菜单,の灌壁厥@,,untranslated,
DATA5.BIN#375099,DATA5.BIN,375099,菜单,&@さ注,,untranslated,
DATA5.BIN#381792,DATA5.BIN,381792,菜单,Q罠る罰俍,,untranslated,
DATA5.BIN#393396,DATA5.BIN,393396,菜单,-剋+ゑC,,untranslated,
DATA5.BIN#413552,DATA5.BIN,413552,菜单,"Sq ""裨颱大ヮ",,untranslated,
DATA5.BIN#421032,DATA5.BIN,421032,菜单,1S裘ツ,,untranslated,
DATA5.BIN#450351,DATA5.BIN,450351,菜单,",Yァ版菱",,untranslated,
DATA5.BIN#452264,DATA5.BIN,452264,菜单,ぃ訒:#,,untranslated,
DATA5.BIN#484381,DATA5.BIN,484381,菜单,G~~ヱ莫,,untranslated,
DATA5.BIN#498711,DATA5.BIN,498711,菜单,"j
Q2ぃ痛辰22",,untranslated,
DATA5.BIN#528540,DATA5.BIN,528540,菜单,ざ71鄲,,untranslated,
DATA5.BIN#530301,DATA5.BIN,530301,菜单,Wミャ豚,,untranslated,
DATA5.BIN#532168,DATA5.BIN,532168,菜单,"+ぽ珈
|q",,untranslated,
DATA5.BIN#551450,DATA5.BIN,551450,菜单,ゑ%彫翕,,untranslated,
DATA5.BIN#554644,DATA5.BIN,554644,菜单,N鶻'ク,,untranslated,
DATA5.BIN#556527,DATA5.BIN,556527,菜单,癜P単ベ,,untranslated,
DATA5.BIN#558232,DATA5.BIN,558232,菜单,(B恒ょ,,untranslated,
DATA5.BIN#575545,DATA5.BIN,575545,菜单,y恚ビ[,,untranslated,
DATA5.BIN#591128,DATA5.BIN,591128,菜单,U梳年3鹵&ザ(ろ,,untranslated,
DATA5.BIN#592540,DATA5.BIN,592540,菜单,少恃ネC6,,untranslated,
DATA5.BIN#631303,DATA5.BIN,631303,菜单,ま!!鉗葷,,untranslated,
DATA5.BIN#635154,DATA5.BIN,635154,菜单,ゃP韃澈,,untranslated,
DATA5.BIN#636038,DATA5.BIN,636038,菜单,れ4(鋪,,untranslated,
DATA5.BIN#643664,DATA5.BIN,643664,菜单,Q'糟じ,,untranslated,
DATA5.BIN#645828,DATA5.BIN,645828,菜单,耻隱Nぞ,,untranslated,
DATA5.BIN#655961,DATA5.BIN,655961,菜单,9ヰルΨY,,untranslated,
DATA5.BIN#663612,DATA5.BIN,663612,菜单,(ヘS'莉,,untranslated,
DATA5.BIN#672082,DATA5.BIN,672082,菜单,6ッ陀3懿,,untranslated,
DATA5.BIN#674602,DATA5.BIN,674602,菜单,",]ヤ鐵U",,untranslated,
DATA5.BIN#674876,DATA5.BIN,674876,菜单,hゾ填/,,untranslated,
DATA5.BIN#696406,DATA5.BIN,696406,菜单,\纜Tご,,untranslated,
DATA5.BIN#725986,DATA5.BIN,725986,菜单,綉Kゴ&痼,,untranslated,
DATA5.BIN#733878,DATA5.BIN,733878,菜单,o屬哭と,,untranslated,
DATA5.BIN#734781,DATA5.BIN,734781,菜单,%ぼ(B/張,,untranslated,
DATA5.BIN#735400,DATA5.BIN,735400,菜单,o}羯%ニ*Q)絳,,untranslated,
DATA5.BIN#736833,DATA5.BIN,736833,菜单,"'眥が""R$r朶",,untranslated,
DATA5.BIN#739553,DATA5.BIN,739553,菜单,ー\唳',,untranslated,
DATA5.BIN#740986,DATA5.BIN,740986,菜单,}y}ギ橢,,untranslated,
DATA5.BIN#747464,DATA5.BIN,747464,菜单,`渇ボ{,,untranslated,
DATA5.BIN#747923,DATA5.BIN,747923,菜单,!ミ噪.,,untranslated,
DATA5.BIN#750386,DATA5.BIN,750386,菜单,*c株ボ,,untranslated,
DATA5.BIN#751198,DATA5.BIN,751198,对话,"純""}ヱ)('【a奄恕笞囁~l",,untranslated,
DATA5.BIN#751601,DATA5.BIN,751601,菜单,"ム*&""Lと",,untranslated,
DATA5.BIN#752185,DATA5.BIN,752185,菜单,'と像Q,,untranslated,
DATA5.BIN#752476,DATA5.BIN,752476,菜单,}ラ柮%,,untranslated,
DATA5.BIN#757865,DATA5.BIN,757865,菜单,k擅)疳栫}ボ,,untranslated,
DATA5.BIN#758428,DATA5.BIN,758428,菜单,@+aル暑Β,,untranslated,
DATA5.BIN#758976,DATA5.BIN,758976,菜单,&Qキ払,,untranslated,
DATA5.BIN#759775,DATA5.BIN,759775,菜单,2*痞ラ,,untranslated,
DATA5.BIN#760657,DATA5.BIN,760657,菜单,マ緖H~}},,untranslated,
DATA5.BIN#763088,DATA5.BIN,763088,菜单,H緒4ヘ&,,untranslated,
DATA5.BIN#766062,DATA5.BIN,766062,菜单,丕5)ギ,,untranslated,
DATA5.BIN#767633,DATA5.BIN,767633,菜单,1zzワ}@|ュ,,untranslated,
DATA5.BIN#767739,DATA5.BIN,767739,菜单,荘ム&Q,,untranslated,
DATA5.BIN#769846,DATA5.BIN,769846,菜单,マs於圓,,untranslated,
DATA5.BIN#769857,DATA5.BIN,769857,菜单,リ渇~M',,untranslated,
DATA5.BIN#772535,DATA5.BIN,772535,菜单,氈ペw',,untranslated,
DATA5.BIN#774584,DATA5.BIN,774584,菜单,U楷'ヘ,,untranslated,
DATA5.BIN#776308,DATA5.BIN,776308,菜单,廚O2(じ,,untranslated,
DATA5.BIN#780080,DATA5.BIN,780080,菜单,淞暈vザ,,untranslated,
DATA5.BIN#780470,DATA5.BIN,780470,菜单,服ゐr(,,untranslated,
DATA5.BIN#780591,DATA5.BIN,780591,菜单,效U&で縢¨,,untranslated,
DATA5.BIN#785376,DATA5.BIN,785376,菜单,+ぷ汨x,,untranslated,
DATA5.BIN#786389,DATA5.BIN,786389,菜单,"丁""畢1&痴げ",,untranslated,
DATA5.BIN#789502,DATA5.BIN,789502,菜单,j悖'ヘ,,untranslated,
DATA5.BIN#789935,DATA5.BIN,789935,菜单,E灌$む,,untranslated,
DATA5.BIN#790153,DATA5.BIN,790153,菜单,&嫁ぬ+∧,,untranslated,
DATA5.BIN#791980,DATA5.BIN,791980,菜单,僘矣み檻粭裹,,untranslated,
DATA5.BIN#792191,DATA5.BIN,792191,菜单,Mブ2&で,,untranslated,
DATA5.BIN#793076,DATA5.BIN,793076,菜单,(ボ穽Ｖ,,untranslated,
DATA5.BIN#793254,DATA5.BIN,793254,系统文本,"&)%ゎ樰險鱚艀""TRP(≪鉤",,untranslated,
DATA5.BIN#794518,DATA5.BIN,794518,菜单,ゐ泯;X%h齏鳫,,untranslated,
DATA5.BIN#794668,DATA5.BIN,794668,菜单,3Kが專嶮),,untranslated,
DATA5.BIN#796716,DATA5.BIN,796716,菜单,*¨ぺ股,,untranslated,
DATA5.BIN#796777,DATA5.BIN,796777,菜单,5蓆r啄へ,,untranslated,
DATA5.BIN#797690,DATA5.BIN,797690,菜单,&頭獷'カ,,untranslated,
DATA5.BIN#800983,DATA5.BIN,800983,菜单,跳uク#,,untranslated,
DATA5.BIN#814680,DATA5.BIN,814680,对话,。、ー々？ぁぃぅぇぉっゃゅょゎァィゥェォッャュョヮ,,untranslated,
DATA5.BIN#830680,DATA5.BIN,830680,对话,－－－－－　出資者の皆様　－－－－－,,untranslated,
DATA5.BIN#839706,DATA5.BIN,839706,对话,こうして、俺の高校３年間は幕を閉じた…,,untranslated,
DATA5.BIN#839927,DATA5.BIN,839927,对话,"今思えば、本を読んでばかり
いた気がするなぁ…",,untranslated,
DATA5.BIN#839982,DATA5.BIN,839982,对话,"今思えば、数学・理科の勉強ばかり
していた気がするなぁ…。",,untranslated,
DATA5.BIN#840049,DATA5.BIN,840049,对话,"今思えば、絵を描いてばかり
いた気がするなぁ…。",,untranslated,
DATA5.BIN#840106,DATA5.BIN,840106,对话,"今思えば、運動ばかり
していた気がするなぁ…。",,untranslated,
DATA5.BIN#840161,DATA5.BIN,840161,对话,"今思えば、寝てばかり
いた気がするなぁ…。",,untranslated,
DATA5.BIN#840212,DATA5.BIN,840212,对话,"今思えば、演劇の練習ばかり
していた気がするなぁ…。",,untranslated,
DATA5.BIN#840335,DATA5.BIN,840335,对话,"でも、おかげで、演劇コンクールで
優勝できたんだよな。
学校もトップの成績で卒業できたし、
完璧だよな。",,untranslated,
DATA5.BIN#840446,DATA5.BIN,840446,对话,"でも、おかげで、演劇コンクールで
優勝できたんだよな。
学校も成績優秀のうちに卒業できたし、
これってすごいことだよな。",,untranslated,
DATA5.BIN#840573,DATA5.BIN,840573,对话,"でも、おかげで、演劇コンクールで
優勝できたんだし、
それだけでもすごいことだよな。",,untranslated,
DATA5.BIN#840665,DATA5.BIN,840665,对话,"おかげで、学校の成績は
あまりよくなかったけど、
代わりに演劇コンクールで優勝
できたんだよな。",,untranslated,
DATA5.BIN#840768,DATA5.BIN,840768,对话,"おかげで、学校の成績は
ボロボロだったけど、
代わりに演劇コンクールで優勝
できたんだよな。",,untranslated,
DATA5.BIN#840875,DATA5.BIN,840875,对话,"今思えば、星を眺めてばかり
いた気がするなぁ…。",,untranslated,
DATA5.BIN#840994,DATA5.BIN,840994,对话,"でも、おかげで、すい星を発見
できたんだよな。
学校もトップの成績で卒業できたし、
完璧だよな。",,untranslated,
DATA5.BIN#841097,DATA5.BIN,841097,对话,"でも、おかげで、すい星を発見
できたんだよな。
学校も成績優秀のうちに卒業できたし、
これってすごいことだよな。",,untranslated,
DATA5.BIN#841216,DATA5.BIN,841216,对话,"でも、おかげで、すい星を発見
できたんだし、それだけでも
すごいことだよな。",,untranslated,
DATA5.BIN#841300,DATA5.BIN,841300,对话,"おかげで、学校の成績は
あまり良くなかったけど、
代わりにすい星を発見できたんだよな。",,untranslated,
DATA5.BIN#841394,DATA5.BIN,841394,对话,"おかげで、学校の成績は
ボロボロだったけど、
代わりにすい星を発見できたんだよな。",,untranslated,
DATA5.BIN#841492,DATA5.BIN,841492,对话,"今思えば、野球ばかり
していた気がするなぁ…。",,untranslated,
DATA5.BIN#841609,DATA5.BIN,841609,对话,"でも、おかげで、高校野球大会で優勝
できたんだよな。
学校もトップの成績で卒業できたし、
文武両道において完璧だよな。",,untranslated,
DATA5.BIN#841734,DATA5.BIN,841734,对话,"でも、おかげで、高校野球大会で優勝
できたんだよな。
学校も成績優秀のうちに卒業できたし、
これってすごい事だよな。",,untranslated,
DATA5.BIN#841857,DATA5.BIN,841857,对话,"でも、おかげで、高校野球大会で優勝
できたんだし、それだけでもすごいことだよな。",,untranslated,
DATA5.BIN#841946,DATA5.BIN,841946,对话,"おかげで、学校の成績は
あまり良くなかったけど、
代わりに高校野球大会で優勝できたんだよな。",,untranslated,
DATA5.BIN#842046,DATA5.BIN,842046,对话,"おかげで、学校の成績は
ボロボロだったけど、
代わりに高校野球大会で優勝できたんだよな。",,untranslated,
DATA5.BIN#842150,DATA5.BIN,842150,对话,"今思えば、テニスばかり
していた気がするなぁ…。",,untranslated,
DATA5.BIN#842269,DATA5.BIN,842269,对话,"でも、おかげで、インターハイ優勝
できたんだよな。
学校もトップの成績で卒業できたし、
文武両道において完璧だよな。",,untranslated,
DATA5.BIN#842392,DATA5.BIN,842392,对话,"でも、おかげで、インターハイ優勝
できたんだよな。学校も成績優秀のうちに卒業
できたし、これってすごいことだよな。",,untranslated,
DATA5.BIN#842514,DATA5.BIN,842514,对话,"でも、おかげで、インターハイ優勝
できたんだし、それだけでもすごいことだよな。",,untranslated,
DATA5.BIN#842601,DATA5.BIN,842601,对话,"おかげで、学校の成績は
あまり良くなかったけど、
代わりにインターハイ優勝できたんだよな。",,untranslated,
DATA5.BIN#842699,DATA5.BIN,842699,对话,"おかげで、学校の成績は
ボロボロだったけど、
代わりにインターハイ優勝できたんだよな。",,untranslated,
DATA5.BIN#842801,DATA5.BIN,842801,对话,"今思えば、実験ばかり
していた気がするなぁ…。",,untranslated,
DATA5.BIN#842918,DATA5.BIN,842918,对话,"でも、おかげで、ノーベル賞を受賞
できたんだよな。
学校もトップの成績で卒業できたし、
完璧だよな。",,untranslated,
DATA5.BIN#843025,DATA5.BIN,843025,对话,"でも、おかげで、ノーベル賞を受賞
できたんだよな。
学校も成績優秀のうちに卒業できたし、
これってすごいことだよな。",,untranslated,
DATA5.BIN#843148,DATA5.BIN,843148,对话,"でも、おかげで、ノーベル賞を受賞
できたんだし、それだけでも
すごいことだよな。",,untranslated,
DATA5.BIN#843236,DATA5.BIN,843236,对话,"おかげで、学校の成績はあまり良くなかったが、
代わりにノーベル賞を受賞できたんだよな。",,untranslated,
DATA5.BIN#843331,DATA5.BIN,843331,对话,"おかげで、学校の成績はボロボロだったけど、
代わりにノーベル賞を受賞できたんだよな。",,untranslated,
DATA5.BIN#843432,DATA5.BIN,843432,对话,"今思えば、トラックを走ってばかり
いた気がするなぁ…。",,untranslated,
DATA5.BIN#843557,DATA5.BIN,843557,对话,"でも、おかげで、インターハイ優勝
できたんだよな。学校もトップの成績で卒業
できたし、文武両道において完璧だよな。",,untranslated,
DATA5.BIN#843888,DATA5.BIN,843888,对话,"おかげで、学校の成績はあまり良くなかったが、
代わりにインターハイ優勝できたんだよな。",,untranslated,
DATA5.BIN#843983,DATA5.BIN,843983,对话,"おかげで、学校の成績はボロボロだったけど、
代わりにインターハイ優勝できたんだよな。",,untranslated,
DATA5.BIN#844084,DATA5.BIN,844084,对话,"今思えば、生徒会活動にばかり
明け暮れていた気がするなぁ…。",,untranslated,
DATA5.BIN#844215,DATA5.BIN,844215,对话,"でも、おかげで、影の生徒会長に
なることができたんだよな。
学校もトップの成績で卒業できたし、
完璧だよな。",,untranslated,
DATA5.BIN#844330,DATA5.BIN,844330,对话,"でも、おかげで、影の生徒会長に
なることができたんだよな。
学校も成績優秀のうちに卒業できたし、
これってすごいことだよな。",,untranslated,
DATA5.BIN#844461,DATA5.BIN,844461,对话,"でも、おかげで、影の生徒会長に
なることができたんだし、
それだけでもすごいことだよな。",,untranslated,
DATA5.BIN#844557,DATA5.BIN,844557,对话,"おかげで、学校の成績は
あまり良くなかったけど、
代わりに影の生徒会長になることが
できたんだよな。",,untranslated,
DATA5.BIN#844664,DATA5.BIN,844664,对话,"おかげで、学校の成績は
ボロボロだったけど、
代わりに影の生徒会長になることが
できたんだよな。",,untranslated,
DATA5.BIN#844775,DATA5.BIN,844775,对话,"今思えば、マイクを握ってばかり
いた気がするなぁ…。",,untranslated,
DATA5.BIN#844898,DATA5.BIN,844898,对话,"でも、おかげで、放送コンクールで
優勝できたんだよな。
学校もトップの成績で卒業できたし、
完璧だよな。",,untranslated,
DATA5.BIN#845009,DATA5.BIN,845009,对话,"でも、おかげで、放送コンクールで
優勝できたんだよな。
学校も成績優秀のうちに卒業できたし、
これってすごいことだよな。",,untranslated,
DATA5.BIN#845136,DATA5.BIN,845136,对话,"でも、おかげで、放送コンクールで
優勝できたんだし、
それだけでもすごいことだよな。",,untranslated,
DATA5.BIN#845228,DATA5.BIN,845228,对话,"おかげで、学校の成績はあまり良くなかったが、
代わりに放送コンクールで優勝
できたんだよな。",,untranslated,
DATA5.BIN#845328,DATA5.BIN,845328,对话,"おかげで、学校の成績はボロボロだったけど、
代わりに放送コンクールで優勝
できたんだよな。",,untranslated,
DATA5.BIN#845434,DATA5.BIN,845434,对话,"今思えば、サッカーばかり
していた気がするなぁ…。",,untranslated,
DATA5.BIN#845555,DATA5.BIN,845555,对话,"でも、おかげで、全国大会で優勝
できたんだよな。学校もトップの成績で卒業
できたし、文武両道において完璧だよな。",,untranslated,
DATA5.BIN#845675,DATA5.BIN,845675,对话,"でも、おかげで、全国大会で優勝
できたんだよな。学校も成績優秀のうちに卒業
できたし、これってすごいことだよな。",,untranslated,
DATA5.BIN#845795,DATA5.BIN,845795,对话,"でも、おかげで、全国大会で優勝
できたんだし、それだけでもすごいことだよな。",,untranslated,
DATA5.BIN#845880,DATA5.BIN,845880,对话,"おかげで、学校の成績は
あまり良くなかったけど、
代わりにサッカーでインターハイ優勝
できたんだよな。",,untranslated,
DATA5.BIN#845989,DATA5.BIN,845989,对话,"おかげで、学校の成績は
ボロボロだったけど、
代わりにサッカーでインターハイ優勝
できたんだよな。",,untranslated,
DATA5.BIN#846102,DATA5.BIN,846102,对话,"今思えば、道場に通ってばかり
いた気がするなぁ…。",,untranslated,
DATA5.BIN#846223,DATA5.BIN,846223,对话,"でも、おかげで、合気道でインターハイ優勝
できたんだよな。
学校もトップの成績で卒業できたし、
文武両道において完璧だよな。",,untranslated,
DATA5.BIN#846354,DATA5.BIN,846354,对话,"でも、おかげで、合気道でインターハイ優勝
できたんだよな。
学校も成績優秀のうちに卒業できたし、
これってすごいことだよな。",,untranslated,
DATA5.BIN#846485,DATA5.BIN,846485,对话,"でも、おかげで、合気道でインターハイ優勝
できたんだし、それだけでもすごいことだよな。",,untranslated,
DATA5.BIN#846580,DATA5.BIN,846580,对话,"おかげで、学校の成績は
あまり良くなかったけど、
代わりに合気道でインターハイ優勝
できたんだよな。",,untranslated,
DATA5.BIN#846687,DATA5.BIN,846687,对话,"おかげで、学校の成績は
ボロボロだったけど、
代わりに合気道でインターハイ優勝
できたんだよな。",,untranslated,
DATA5.BIN#846798,DATA5.BIN,846798,对话,"今思えば、家で草いじりばかり
していた気がするなぁ…。",,untranslated,
DATA5.BIN#846861,DATA5.BIN,846861,对话,"今思えば、釣りばかり
していた気がするなぁ…。",,untranslated,
DATA5.BIN#846916,DATA5.BIN,846916,对话,"今思えば、家で手芸ばかり
していた気がするなぁ…。",,untranslated,
DATA5.BIN#846975,DATA5.BIN,846975,对话,"今思えば、家で本を読んでばかり
いた気がするなぁ…。",,untranslated,
DATA5.BIN#847036,DATA5.BIN,847036,对话,"今思えば、家で絵を描いてばかり
いた気がするなぁ…。",,untranslated,
DATA5.BIN#847097,DATA5.BIN,847097,对话,"今思えば、家で料理ばかり
作っていた気がするなぁ…。",,untranslated,
DATA5.BIN#847158,DATA5.BIN,847158,对话,"今思えば、地面を
掘ってばかりいた気がするなぁ…。",,untranslated,
DATA5.BIN#847217,DATA5.BIN,847217,对话,"今思えば、あっちこっち散策ばかり
していたなぁ…。",,untranslated,
DATA5.BIN#847276,DATA5.BIN,847276,对话,"今思えば、家で模型ばかり
作っていた気がするなぁ…。",,untranslated,
DATA5.BIN#847337,DATA5.BIN,847337,对话,"今思えば、家でペットの世話ばかり
していた気がするなぁ…。",,untranslated,
DATA5.BIN#847404,DATA5.BIN,847404,对话,"今思えば、家で音楽を聴いてばかり
いた気がするなぁ…。",,untranslated,
DATA5.BIN#847467,DATA5.BIN,847467,对话,"今思えば、家でＷＥＢサーフィンばかり
していた気がするなぁ…。",,untranslated,
DATA5.BIN#847538,DATA5.BIN,847538,对话,"今思えば、何をするでもなく
淡々と過ごしていた気がするなぁ…。",,untranslated,
DATA5.BIN#847663,DATA5.BIN,847663,对话,"でも、まあ、学年トップの成績で卒業できたし、
これって、文武両道を問わず、
何でもソツなくこなせたってことだよな。",,untranslated,
DATA5.BIN#847785,DATA5.BIN,847785,对话,"でも、まあ、学年トップの成績で卒業できたし、
これって、何でもソツなく
こなせたってことだよな。",,untranslated,
DATA5.BIN#847935,DATA5.BIN,847935,对话,"ともかく、学校の成績は全く駄目だったが、
無事、人並みに卒業することができた。",,untranslated,
DATA5.BIN#848022,DATA5.BIN,848022,对话,"特に何ができるというわけでもなく、
無事に卒業できたということくらいが俺の勲章かな。
寂しいな…。",,untranslated,
DATA5.BIN#848193,DATA5.BIN,848193,对话,"ともかく、学年トップの成績で
卒業することができてよかった。",,untranslated,
DATA5.BIN#848262,DATA5.BIN,848262,对话,"ともかく、成績優秀のうちに
卒業することができてよかった。",,untranslated,
DATA5.BIN#848329,DATA5.BIN,848329,对话,"ともかく、まあまあ優秀な成績で
卒業することができてよかった。",,untranslated,
DATA5.BIN#848400,DATA5.BIN,848400,对话,"ともかく、人並みの成績で
卒業することができてよかった。",,untranslated,
DATA5.BIN#848465,DATA5.BIN,848465,对话,"そのためか、学校の成績は
あまり良くなかったよな。
なんとか卒業することができて
ほっとしているよ。",,untranslated,
DATA5.BIN#848580,DATA5.BIN,848580,对话,"そのためか、学校の成績は
全くだめだったよな。
なんとか卒業することができて
本当にほっとしているよ。",,untranslated,
DATA5.BIN#848756,DATA5.BIN,848756,菜单,そして、何より、,,untranslated,
DATA5.BIN#848779,DATA5.BIN,848779,对话,"というかわいい
彼女ができたのが、すごくうれしいな。
素晴らしい高校生活を送れたと
自分でも感心している。",,untranslated,
DATA5.BIN#848892,DATA5.BIN,848892,对话,"今振り返ると、充実した高校生活を送れたと思う。
唯一、心残りなのは彼女と呼べる大切な存在が
できなかったことかな。その点ではすごく残念だ。",,untranslated,
DATA5.BIN#849091,DATA5.BIN,849091,对话,"というかわいい彼女が
できただけでも、大満足かな。
その意味では充実した高校生活を送れたと思う。",,untranslated,
DATA5.BIN#849195,DATA5.BIN,849195,对话,"彼女と呼べる大切な人もできなかったし、
振り返ると、後悔ばかりだなあ。
…いったい何をしていたんだろう。",,untranslated,
DATA5.BIN#849484,DATA5.BIN,849484,对话,"結局、俺は、めでたく一流大学の文学部に
進学できることになった。",,untranslated,
DATA5.BIN#849557,DATA5.BIN,849557,对话,"結局、俺は、めでたく一流大学の工学部に
進学できることになった。",,untranslated,
DATA5.BIN#849630,DATA5.BIN,849630,对话,"結局、俺は、めでたく一流芸術大学に
進学できることになった。",,untranslated,
DATA5.BIN#849699,DATA5.BIN,849699,对话,"結局、俺は、めでたく一流体育大学に
進学できることになった。",,untranslated,
DATA5.BIN#849768,DATA5.BIN,849768,对话,"結局、俺は、めでたく一流大学に
進学できることになった。",,untranslated,
DATA5.BIN#849871,DATA5.BIN,849871,对话,"結局、俺は、二流大学の文学部に
進学することにした。",,untranslated,
DATA5.BIN#849932,DATA5.BIN,849932,对话,"結局、俺は、二流大学の工学部に
進学することにした。",,untranslated,
DATA5.BIN#849993,DATA5.BIN,849993,对话,"結局、俺は、二流芸術大学に
進学することにした。",,untranslated,
DATA5.BIN#850050,DATA5.BIN,850050,对话,"結局、俺は、二流体育大学に
進学することにした。",,untranslated,
DATA5.BIN#850107,DATA5.BIN,850107,对话,結局、俺は、二流大学に進学することにした。,,untranslated,
DATA5.BIN#850197,DATA5.BIN,850197,对话,"結局、俺は、しぶしぶ三流大学の文学部に
進学することにした。",,untranslated,
DATA5.BIN#850266,DATA5.BIN,850266,对话,"結局、俺は、しぶしぶ三流大学の工学部に
進学することにした。",,untranslated,
DATA5.BIN#850335,DATA5.BIN,850335,对话,"結局、俺は、しぶしぶ三流芸術大学に
進学することにした。",,untranslated,
DATA5.BIN#850400,DATA5.BIN,850400,对话,"結局、俺は、しぶしぶ三流体育大学に
進学することにした。",,untranslated,
DATA5.BIN#850465,DATA5.BIN,850465,对话,"結局、俺は、しぶしぶ三流大学に
進学することにした。",,untranslated,
DATA5.BIN#850526,DATA5.BIN,850526,对话,"結局、俺は、めでたく一流企業に就職
できることになった。",,untranslated,
DATA5.BIN#850591,DATA5.BIN,850591,对话,結局、俺は、二流企業に就職することにした。,,untranslated,
DATA5.BIN#850643,DATA5.BIN,850643,对话,"結局、俺は、しぶしぶ三流企業に就職
することにした。",,untranslated,
DATA5.BIN#850704,DATA5.BIN,850704,对话,"結局、俺は、俳優になり演劇の道を
進むことにした。",,untranslated,
DATA5.BIN#850763,DATA5.BIN,850763,对话,"結局、俺は、国立宇宙研究所の研究員になり
星の研究を続けることにした。",,untranslated,
DATA5.BIN#850842,DATA5.BIN,850842,对话,"結局、俺は、プロ野球チームに入団し、
野球を続けることにした。",,untranslated,
DATA5.BIN#850913,DATA5.BIN,850913,对话,"結局、俺は、プロテニス選手になり
テニスを続けることにした。",,untranslated,
DATA5.BIN#850982,DATA5.BIN,850982,对话,"結局、俺は、工科大学へ進学し、
科学部での研究を継続することにした。",,untranslated,
DATA5.BIN#851059,DATA5.BIN,851059,对话,"結局、俺は、国内でも数少ない
プロの陸上選手になった。",,untranslated,
DATA5.BIN#851122,DATA5.BIN,851122,对话,"結局、俺は、生徒会で培った政治力を生かし、
影の生徒会長として、学校を牛耳ることになった。",,untranslated,
DATA5.BIN#851221,DATA5.BIN,851221,对话,"結局、俺は、放送部での実績を生かし、
ＤＪになった。",,untranslated,
DATA5.BIN#851282,DATA5.BIN,851282,对话,"結局、俺は、プロサッカーチームに入団し、
サッカーを続けることにした。",,untranslated,
DATA5.BIN#851361,DATA5.BIN,851361,对话,"結局、俺は、道場の師範となり、
合気道を続けることにした。",,untranslated,
DATA5.BIN#851428,DATA5.BIN,851428,对话,"結局、俺は、ガーデニング好きがこうじて
花屋を開いた。",,untranslated,
DATA5.BIN#851491,DATA5.BIN,851491,对话,"結局、俺は、釣り好きがこうじて
漁師になった。",,untranslated,
DATA5.BIN#851546,DATA5.BIN,851546,对话,"結局、俺は、文学好きがこうじて
小説家になった。",,untranslated,
DATA5.BIN#851603,DATA5.BIN,851603,对话,"結局、俺は、絵画好きがこうじて
画家になった。",,untranslated,
DATA5.BIN#851658,DATA5.BIN,851658,对话,"結局、俺は、料理好きがこうじて
コックになった。",,untranslated,
DATA5.BIN#851715,DATA5.BIN,851715,对话,"結局、俺は、発掘好きがこうじて
考古学者になった。",,untranslated,
DATA5.BIN#851774,DATA5.BIN,851774,对话,"結局、俺は、模型好きがこうじて
プロモデラーになった。",,untranslated,
DATA5.BIN#851837,DATA5.BIN,851837,对话,"結局、俺は、散策好きがこうじて
登山家になった。",,untranslated,
DATA5.BIN#851894,DATA5.BIN,851894,对话,"結局、俺は、フリーターになった。
人生、自分を見つめ直す時間も必要だよな。
}",,untranslated,
DATA5.BIN#852810,DATA5.BIN,852810,菜单,はというと…,,untranslated,
DATA5.BIN#852838,DATA5.BIN,852838,对话,"二人ともいろいろと忙しいけど、時間を見つけては
一緒にデートしている。
彼女はかわいくて、誰にでも優しいから、
皆に愛される",,untranslated,
DATA5.BIN#852967,DATA5.BIN,852967,对话,"になれるだろう。
少し不安になることもあるけれど、
俺は二人の愛は永遠だと信じている。
坂の伝説と共に、
あの日の二人の約束と共に…永遠に。",,untranslated,
DATA5.BIN#853113,DATA5.BIN,853113,菜单,そういえば、,,untranslated,
DATA5.BIN#853142,DATA5.BIN,853142,菜单,そうだ。,,untranslated,
DATA5.BIN#853160,DATA5.BIN,853160,对话,"彼女はかわいくて、誰にでも優しいから、
皆に愛される",,untranslated,
DATA5.BIN#853218,DATA5.BIN,853218,对话,"になれるだろう。
結果的に振ったことになったけど、
惜しいことしたかなぁ…。",,untranslated,
DATA5.BIN#853406,DATA5.BIN,853406,对话,"になれるだろう。
…せめて伝説が成就していればなぁ。
はぁ…。",,untranslated,
DATA5.BIN#853554,DATA5.BIN,853554,菜单,医学大学に進学した,,untranslated,
DATA5.BIN#853581,DATA5.BIN,853581,菜单,薬科大学に進学した,,untranslated,
DATA5.BIN#853608,DATA5.BIN,853608,菜单,アイドルになった,,untranslated,
DATA5.BIN#853633,DATA5.BIN,853633,菜单,一流大学に進学した,,untranslated,
DATA5.BIN#853660,DATA5.BIN,853660,菜单,二流大学に進学した,,untranslated,
DATA5.BIN#853687,DATA5.BIN,853687,菜单,三流大学に進学した,,untranslated,
DATA5.BIN#853714,DATA5.BIN,853714,菜单,一流企業に就職した,,untranslated,
DATA5.BIN#853741,DATA5.BIN,853741,菜单,二流企業に就職した,,untranslated,
DATA5.BIN#853768,DATA5.BIN,853768,菜单,三流企業に就職した,,untranslated,
DATA5.BIN#853795,DATA5.BIN,853795,菜单,公務員になった,,untranslated,
DATA5.BIN#853818,DATA5.BIN,853818,菜单,看護大学に進学した,,untranslated,
DATA5.BIN#853845,DATA5.BIN,853845,菜单,教育大学に進学した,,untranslated,
DATA5.BIN#853920,DATA5.BIN,853920,菜单,ステキな女医さん,,untranslated,
DATA5.BIN#853945,DATA5.BIN,853945,菜单,ステキな薬剤師,,untranslated,
DATA5.BIN#853968,DATA5.BIN,853968,菜单,ステキなアイドル,,untranslated,
DATA5.BIN#853993,DATA5.BIN,853993,菜单,ステキな女性,,untranslated,
DATA5.BIN#854014,DATA5.BIN,854014,菜单,ステキな公務員,,untranslated,
DATA5.BIN#854037,DATA5.BIN,854037,菜单,ステキな看護婦,,untranslated,
DATA5.BIN#854060,DATA5.BIN,854060,菜单,ステキな先生,,untranslated,
DATA5.BIN#854089,DATA5.BIN,854089,对话,"おばあちゃんとの交流が、
彼女にそう決断させたんだと思う。
}",,untranslated,
DATA5.BIN#854179,DATA5.BIN,854179,菜单,彼女は俺と同じ,,untranslated,
DATA5.BIN#854837,DATA5.BIN,854837,对话,"俺たちの理想が達成されるその日まで、
数々の障害が待ち受けているだろう。
もしかしたら、俺を信じてついて来てくれた彼女を
危険にさらすことになるかもしれない…。
少し不安になることもあるけれど、
俺は二人の愛は永遠だと信じている。
坂の伝説と共に、
あの日の二人の約束と共に…永遠に。",,untranslated,
DATA5.BIN#855159,DATA5.BIN,855159,对话,"二人ともいろいろと忙しいけど、時間を見つけては
一緒にデートしている。
彼女はかわいくて、頭もいいから
皆に愛される",,untranslated,
DATA5.BIN#855472,DATA5.BIN,855472,对话,"彼女はかわいくて、頭もいいから
皆に愛される",,untranslated,
DATA5.BIN#855840,DATA5.BIN,855840,菜单,影の生徒会参謀になった,,untranslated,
DATA5.BIN#855871,DATA5.BIN,855871,菜单,獣医学部に進学した,,untranslated,
DATA5.BIN#855898,DATA5.BIN,855898,菜单,プロ棋士として活躍中だ,,untranslated,
DATA5.BIN#855929,DATA5.BIN,855929,菜单,工科大学に進学した,,untranslated,
DATA5.BIN#856064,DATA5.BIN,856064,菜单,おもちゃ屋さんを開いた,,untranslated,
DATA5.BIN#856095,DATA5.BIN,856095,对话,フリーのプログラマーになった,,untranslated,
DATA5.BIN#856180,DATA5.BIN,856180,菜单,ステキな科学者,,untranslated,
DATA5.BIN#856203,DATA5.BIN,856203,菜单,ステキな獣医さん,,untranslated,
DATA5.BIN#856228,DATA5.BIN,856228,菜单,実力ある女流棋士,,untranslated,
DATA5.BIN#856253,DATA5.BIN,856253,菜单,有能なエンジニア,,untranslated,
DATA5.BIN#856299,DATA5.BIN,856299,菜单,ステキなおもちゃ屋さん,,untranslated,
DATA5.BIN#856330,DATA5.BIN,856330,菜单,有能なプログラマー,,untranslated,
DATA5.BIN#856364,DATA5.BIN,856364,对话,"メカふりくたーの遺したメッセージを
彼女が受け止めた上での選択だと思う。",,untranslated,
DATA5.BIN#856458,DATA5.BIN,856458,对话,"俺の片腕として、その科学力で
影の生徒会活動を支えてくれている。",,untranslated,
DATA5.BIN#857354,DATA5.BIN,857354,对话,"二人ともいろいろと忙しいけど、時間を見つけては
一緒にデートしている。
彼女は美人だし、才能もあるから
皆に人気のある",,untranslated,
DATA5.BIN#857477,DATA5.BIN,857477,对话,"になれるだろう。
少し不安になることもあるけれど、
俺は二人の愛は永遠だと信じている。
坂の伝説と共に、
あの日の二人の約束と共に…永遠に",,untranslated,
DATA5.BIN#857667,DATA5.BIN,857667,对话,"彼女は美人だし、才能もあるから
皆に人気のある",,untranslated,
DATA5.BIN#857719,DATA5.BIN,857719,对话,"になれるだろう。
結果的に振ったことになったけど、
惜しいことしたかなぁ…",,untranslated,
DATA5.BIN#857899,DATA5.BIN,857899,对话,"になれるだろう。
…せめて伝説が成就していればなぁ。
はぁ…",,untranslated,
DATA5.BIN#858030,DATA5.BIN,858030,菜单,舞台女優として活躍中だ,,untranslated,
DATA5.BIN#858061,DATA5.BIN,858061,菜单,映画女優として活躍中だ,,untranslated,
DATA5.BIN#858092,DATA5.BIN,858092,菜单,演劇を学ぶために留学した,,untranslated,
DATA5.BIN#858125,DATA5.BIN,858125,菜单,映画監督になった,,untranslated,
DATA5.BIN#858328,DATA5.BIN,858328,菜单,ステキな舞台女優,,untranslated,
DATA5.BIN#858353,DATA5.BIN,858353,菜单,ステキな映画女優,,untranslated,
DATA5.BIN#858378,DATA5.BIN,858378,菜单,国際的な映画監督,,untranslated,
DATA5.BIN#858403,DATA5.BIN,858403,菜单,ステキな女優,,untranslated,
DATA5.BIN#858473,DATA5.BIN,858473,对话,"もえぎの高校で過ごした３年間で
彼女は確実に何かをつかんだのだと思う。",,untranslated,
DATA5.BIN#858565,DATA5.BIN,858565,对话,"彼女にしては意外な選択だったけど、
きっと、思うところがあってのことなのだろう。",,untranslated,
DATA5.BIN#859237,DATA5.BIN,859237,对话,"二人ともいろいろと忙しいけど、時間を見つけては
一緒にデートしている。
彼女はかわいいし、明るい性格だから
皆に好かれる",,untranslated,
DATA5.BIN#859554,DATA5.BIN,859554,对话,"彼女はかわいいし、明るい性格だから
皆に好かれる",,untranslated,
DATA5.BIN#859935,DATA5.BIN,859935,菜单,英文学科に留学している,,untranslated,
DATA5.BIN#859966,DATA5.BIN,859966,菜单,語学留学している,,untranslated,
DATA5.BIN#859991,DATA5.BIN,859991,菜单,海外でＤＪをしている,,untranslated,
DATA5.BIN#860045,DATA5.BIN,860045,对话,地元のラジオ局でＤＪをしている,,untranslated,
DATA5.BIN#860084,DATA5.BIN,860084,菜单,スチュワーデスになった,,untranslated,
DATA5.BIN#860115,DATA5.BIN,860115,菜单,フリーターをしている,,untranslated,
DATA5.BIN#860306,DATA5.BIN,860306,菜单,ステキなＤＪ,,untranslated,
DATA5.BIN#860352,DATA5.BIN,860352,菜单,スチュワーデス,,untranslated,
DATA5.BIN#860971,DATA5.BIN,860971,对话,"二人ともいろいろと忙しいけど、時間を見つけては
一緒にデートしている。
彼女は美人だし、面倒見もいいから
皆に慕われる",,untranslated,
DATA5.BIN#861286,DATA5.BIN,861286,对话,"彼女は美人だし、面倒見もいいから
皆に慕われる",,untranslated,
DATA5.BIN#861653,DATA5.BIN,861653,对话,家業を手伝いながら合気道を続けている,,untranslated,
DATA5.BIN#861698,DATA5.BIN,861698,菜单,体育大学に進学した,,untranslated,
DATA5.BIN#861725,DATA5.BIN,861725,菜单,歌手になった,,untranslated,
DATA5.BIN#861746,DATA5.BIN,861746,对话,祖父の道場で師範代をしている,,untranslated,
DATA5.BIN#861891,DATA5.BIN,861891,菜单,家事手伝いをしている,,untranslated,
DATA5.BIN#861974,DATA5.BIN,861974,菜单,スポーツ指導者,,untranslated,
DATA5.BIN#861997,DATA5.BIN,861997,菜单,ステキな歌手,,untranslated,
DATA5.BIN#862018,DATA5.BIN,862018,菜单,ステキな師範代,,untranslated,
DATA5.BIN#862048,DATA5.BIN,862048,对话,国体にも出場して、見事優勝をおさめている。,,untranslated,
DATA5.BIN#863243,DATA5.BIN,863243,对话,"彼女は美人だし、強くて優しい心の持ち主だから
きっと皆に慕われる",,untranslated,
DATA5.BIN#863313,DATA5.BIN,863313,对话,"に
なっているんだろうな。
彼女が俺の元へ戻ってくるその日を
これからも俺は待ち続ける。
少し不安になることもあるけれど、
俺は二人の愛は永遠だと信じている。
坂の伝説と共に、
あの日の二人の約束と共に…永遠に。",,untranslated,
DATA5.BIN#863576,DATA5.BIN,863576,对话,"二人ともいろいろと忙しいけど、時間を見つけては
一緒にデートしている。
下手をするとケガどころか
命さえ落としかねない危険な仕事だし、
少し不安になることもあるけれど、
俺は二人の愛は永遠だと信じている。
坂の伝説と共に、
あの日の二人の約束と共に…永遠に。",,untranslated,
DATA5.BIN#863872,DATA5.BIN,863872,对话,"二人ともいろいろと忙しいけど、時間を見つけては
一緒にデートしている。
彼女は美人だし、強くて優しい心の持ち主だから
皆に慕われる",,untranslated,
DATA5.BIN#864208,DATA5.BIN,864208,对话,"彼女は美人だし、強くて優しい心の持ち主だから、
きっと皆に慕われる",,untranslated,
DATA5.BIN#864280,DATA5.BIN,864280,对话,"に
なっているんだろうな。
結果的に振ったことになったけど、
惜しいことしたかなぁ…。",,untranslated,
DATA5.BIN#864419,DATA5.BIN,864419,对话,"彼女は美人だし、強くて優しい心の持ち主だから
皆に慕われる",,untranslated,
DATA5.BIN#864694,DATA5.BIN,864694,对话,"に
なっているんだろうな。
…せめて伝説が成就していればなぁ。
はぁ…。",,untranslated,
DATA5.BIN#865036,DATA5.BIN,865036,菜单,警察官になった,,untranslated,
DATA5.BIN#865059,DATA5.BIN,865059,菜单,警察大学に進学した,,untranslated,
DATA5.BIN#865086,DATA5.BIN,865086,对话,仕事で全国各地を転々としている,,untranslated,
DATA5.BIN#865308,DATA5.BIN,865308,对话,"あれからしばらくして
音信不通になってしまった",,untranslated,
DATA5.BIN#865362,DATA5.BIN,865362,菜单,自衛官になった,,untranslated,
DATA5.BIN#865385,DATA5.BIN,865385,菜单,あれから、一人で旅に出た,,untranslated,
DATA5.BIN#865451,DATA5.BIN,865451,菜单,ステキな婦警さん,,untranslated,
DATA5.BIN#865518,DATA5.BIN,865518,菜单,ステキな自衛官,,untranslated,
DATA5.BIN#865548,DATA5.BIN,865548,对话,"彼女の長い闘いの日々は
ようやく終わりを告げたのだ。",,untranslated,
DATA5.BIN#865622,DATA5.BIN,865622,对话,"彼女は自らの意志で
闘いつづけることを選択したのだ。",,untranslated,
DATA5.BIN#865696,DATA5.BIN,865696,对话,"とっても重要な仕事だそうだけど…
何をしているのかは誰も知らない。",,untranslated,
DATA5.BIN#865784,DATA5.BIN,865784,对话,"彼女の長い闘いの日々は
ようやく終わりを告げたのだ。
でも、この進路はちょっと意外だったな…。",,untranslated,
DATA5.BIN#865899,DATA5.BIN,865899,对话,今ごろどこで何をしているんだろう…。,,untranslated,
DATA5.BIN#865958,DATA5.BIN,865958,对话,今はＮＰＯで戦地に赴いているらしい。,,untranslated,
DATA5.BIN#866017,DATA5.BIN,866017,对话,"生き別れの両親を捜す旅だそうだけど
今ごろ、どこを旅しているんだろう…。",,untranslated,
DATA5.BIN#866730,DATA5.BIN,866730,对话,"二人ともいろいろと忙しいけど、時間を見つけては
一緒にデートしている。
彼女はかわいくて器用だし、ガッツがあるから
皆に愛される",,untranslated,
DATA5.BIN#867055,DATA5.BIN,867055,对话,"彼女はかわいくて器用だし、ガッツがあるから
皆に愛される",,untranslated,
DATA5.BIN#867247,DATA5.BIN,867247,对话,"彼女はかわいくて器用だし、ガッツがあるから、
皆に愛される",,untranslated,
DATA5.BIN#867434,DATA5.BIN,867434,菜单,コックになった,,untranslated,
DATA5.BIN#867457,DATA5.BIN,867457,菜单,なんと、石油王になった,,untranslated,
DATA5.BIN#867488,DATA5.BIN,867488,对话,料理の専門学校に通っている,,untranslated,
DATA5.BIN#867659,DATA5.BIN,867659,菜单,ステキなコックさん,,untranslated,
DATA5.BIN#867686,DATA5.BIN,867686,菜单,ステキな石油王,,untranslated,
DATA5.BIN#867737,DATA5.BIN,867737,对话,"バイトで鍛えた彼女の腕前なら
きっと大繁盛間違いなしだろう。",,untranslated,
DATA5.BIN#867819,DATA5.BIN,867819,对话,"なんでも、自宅の庭先を掘っていたら
突然石油が出てきたのだそうだ。",,untranslated,
DATA5.BIN#867907,DATA5.BIN,867907,对话,"バイト経験を大いに生かして、
経理一切を処理しているらしい。",,untranslated,
DATA5.BIN#867989,DATA5.BIN,867989,对话,"最近はお父さんの体調もいいそうだし、
安心して勉強に専念できているようだ。",,untranslated,
DATA5.BIN#868817,DATA5.BIN,868817,对话,"彼女は美人だし、聡明だから、
きっと皆に愛される",,untranslated,
DATA5.BIN#868871,DATA5.BIN,868871,对话,"に
なっているんだろうな。
彼女の笑顔に再び会えるその日まで、
俺はいつまでも待っている。
少し不安になることもあるけれど、
俺は二人の愛は永遠だと信じている。
坂の伝説と共に、
あの日の二人の約束と共に…永遠に。",,untranslated,
DATA5.BIN#869135,DATA5.BIN,869135,对话,"俺もいろいろ忙しいけれど、時間を見つけては
お見舞いに行っている。
彼女が治って、一緒にデートできる日を
俺はいつまでも待っている。
少し不安になることもあるけれど、
俺は二人の愛は永遠だと信じている。
坂の伝説と共に、
あの日の二人の約束と共に…永遠に。",,untranslated,
DATA5.BIN#869428,DATA5.BIN,869428,对话,"二人ともいろいろと忙しいけど、時間を見つけては
一緒にデートしている。
彼女は美人だし、聡明だから、
皆に愛される",,untranslated,
DATA5.BIN#869958,DATA5.BIN,869958,对话,"早く元気になるといいな…。
結果的に振ったことになったけど、
惜しいことしたかなぁ…",,untranslated,
DATA5.BIN#870096,DATA5.BIN,870096,对话,"彼女は美人だし、聡明だから、
皆に愛される",,untranslated,
DATA5.BIN#870341,DATA5.BIN,870341,对话,"に
なっているんだろうな。
…せめて伝説が成就していればなぁ。
はぁ…",,untranslated,
DATA5.BIN#870477,DATA5.BIN,870477,对话,"早く元気になるといいけど…。
…せめて伝説が成就していればなぁ。
はぁ…。",,untranslated,
DATA5.BIN#870786,DATA5.BIN,870786,菜单,芸術大学に進学した,,untranslated,
DATA5.BIN#870813,DATA5.BIN,870813,菜单,プロテニス選手になった,,untranslated,
DATA5.BIN#870844,DATA5.BIN,870844,菜单,作曲家になった,,untranslated,
DATA5.BIN#870942,DATA5.BIN,870942,菜单,留学した,,untranslated,
DATA5.BIN#870959,DATA5.BIN,870959,对话,古傷が悪化して入院してしまった,,untranslated,
DATA5.BIN#871090,DATA5.BIN,871090,菜单,ステキな音楽家,,untranslated,
DATA5.BIN#871113,DATA5.BIN,871113,菜单,ステキなテニス選手,,untranslated,
DATA5.BIN#871140,DATA5.BIN,871140,菜单,ステキな作曲家,,untranslated,
DATA5.BIN#871212,DATA5.BIN,871212,对话,元々音楽の才能があったからなぁ。,,untranslated,
DATA5.BIN#871267,DATA5.BIN,871267,对话,事故の後遺症も全くないようだ。,,untranslated,
DATA5.BIN#871320,DATA5.BIN,871320,对话,"病状は一進一退で、
退院のめどは当分立たないそうだ。",,untranslated,
DATA5.BIN#871394,DATA5.BIN,871394,对话,今頃どこで何をしているんだろう…。,,untranslated,
DATA5.BIN#872080,DATA5.BIN,872080,菜单,スーパーバイザー,,untranslated,
DATA5.BIN#872120,DATA5.BIN,872120,对话,エグゼクティブプロデューサー,,untranslated,
DATA5.BIN#872152,DATA5.BIN,872152,菜单,メタルユーキ,,untranslated,
DATA5.BIN#872168,DATA5.BIN,872168,菜单,サブディレクター,,untranslated,
DATA5.BIN#872192,DATA5.BIN,872192,菜单,マネックス証券(株),,untranslated,
DATA5.BIN#872264,DATA5.BIN,872264,菜单,はぐれもなか,,untranslated,
DATA5.BIN#872376,DATA5.BIN,872376,菜单,スペシャルサンクス,,untranslated,
DATA5.BIN#872400,DATA5.BIN,872400,菜单,ミニゲーム技術協力,,untranslated,
DATA5.BIN#872440,DATA5.BIN,872440,对话,バグチェック管理/工程管理,,untranslated,
DATA5.BIN#872528,DATA5.BIN,872528,菜单,パッケージデザイン,,untranslated,
DATA5.BIN#872552,DATA5.BIN,872552,菜单,「抱きしめていて」,,untranslated,
DATA5.BIN#872840,DATA5.BIN,872840,菜单,［ボーカル曲］,,untranslated,
DATA5.BIN#872888,DATA5.BIN,872888,菜单,水口 さとみ,,untranslated,
DATA5.BIN#873024,DATA5.BIN,873024,菜单,［ミニゲーム］,,untranslated,
DATA5.BIN#873136,DATA5.BIN,873136,菜单,ディレクション,,untranslated,
DATA5.BIN#873152,DATA5.BIN,873152,菜单,［服飾モデリング］,,untranslated,
DATA5.BIN#873192,DATA5.BIN,873192,菜单,プロデューサー,,untranslated,
DATA5.BIN#873208,DATA5.BIN,873208,菜单,＜株式会社エイチアイ＞,,untranslated,
DATA5.BIN#873376,DATA5.BIN,873376,菜单,望月 ゆきえ,,untranslated,
DATA5.BIN#873536,DATA5.BIN,873536,菜单,―スタジオエル―,,untranslated,
DATA5.BIN#873584,DATA5.BIN,873584,菜单,仕上げ検査,,untranslated,
DATA5.BIN#873600,DATA5.BIN,873600,菜单,大塚 あきら,,untranslated,
DATA5.BIN#873664,DATA5.BIN,873664,菜单,―スタジオジャイアンツ―,,untranslated,
DATA5.BIN#873760,DATA5.BIN,873760,对话,原図アドバイザー/原画検査,,untranslated,
DATA5.BIN#873792,DATA5.BIN,873792,菜单,［エキストラ］,,untranslated,
DATA5.BIN#874048,DATA5.BIN,874048,菜单,―アトリエムサ―,,untranslated,
DATA5.BIN#874080,DATA5.BIN,874080,菜单,ふくもとかん,,untranslated,
DATA5.BIN#874096,DATA5.BIN,874096,菜单,原図アドバイザー,,untranslated,
DATA5.BIN#874120,DATA5.BIN,874120,对话,池田 繁美（アトリエムサ）,,untranslated,
DATA5.BIN#874184,DATA5.BIN,874184,菜单,＜株式会社スタジオ旗艦＞,,untranslated,
DATA5.BIN#874248,DATA5.BIN,874248,菜单,（シグマセブン）,,untranslated,
DATA5.BIN#874288,DATA5.BIN,874288,菜单,（アーツビジョン）,,untranslated,
DATA5.BIN#874328,DATA5.BIN,874328,菜单,（青二プロダクション）,,untranslated,
DATA5.BIN#874368,DATA5.BIN,874368,对话,スケジュールマネージメント,,untranslated,
DATA5.BIN#874432,DATA5.BIN,874432,菜单,アシスタントエンジニア,,untranslated,
DATA5.BIN#874472,DATA5.BIN,874472,菜单,（鯛スタ）,,untranslated,
DATA5.BIN#874504,DATA5.BIN,874504,菜单,レコーディングエンジニア,,untranslated,
DATA5.BIN#874568,DATA5.BIN,874568,菜单,ディレクター,,untranslated,
DATA5.BIN#874632,DATA5.BIN,874632,对话,ＥＶＳプログラム/データ作成,,untranslated,
DATA5.BIN#874680,DATA5.BIN,874680,菜单,イーグル沢夫,,untranslated,
DATA5.BIN#874752,DATA5.BIN,874752,菜单,ニセカッパくん,,untranslated,
DATA5.BIN#874864,DATA5.BIN,874864,菜单,山岡 さやか,,untranslated,
DATA5.BIN#874912,DATA5.BIN,874912,菜单,あきろぴと,,untranslated,
DATA5.BIN#874928,DATA5.BIN,874928,菜单,ディレクター/プログラム,,untranslated,
DATA5.BIN#874952,DATA5.BIN,874952,菜单,［サウンド］,,untranslated,
DATA5.BIN#875016,DATA5.BIN,875016,菜单,藤沢 ゆき,,untranslated,
DATA5.BIN#875112,DATA5.BIN,875112,菜单,２Ｄデザイン,,untranslated,
DATA5.BIN#875344,DATA5.BIN,875344,菜单,しずもん,,untranslated,
DATA5.BIN#875392,DATA5.BIN,875392,菜单,３Ｄデザイン,,untranslated,
DATA5.BIN#875408,DATA5.BIN,875408,菜单,服飾デザイン,,untranslated,
DATA5.BIN#875424,DATA5.BIN,875424,菜单,茅ヶ崎 京,,untranslated,
DATA5.BIN#875440,DATA5.BIN,875440,对话,トゥーンレンダリングエンジン,,untranslated,
DATA5.BIN#875600,DATA5.BIN,875600,菜单,プログラム,,untranslated,
DATA5.BIN#875632,DATA5.BIN,875632,菜单,タナカヒデキ,,untranslated,
DATA5.BIN#875664,DATA5.BIN,875664,菜单,演出/絵コンテ,,untranslated,
DATA5.BIN#875776,DATA5.BIN,875776,菜单,あべけん,,untranslated,
DATA5.BIN#875808,DATA5.BIN,875808,菜单,―ぶらざあのっぽ―,,untranslated,
DATA5.BIN#875832,DATA5.BIN,875832,菜单,さ ゆ 鈴,,untranslated,
DATA5.BIN#875848,DATA5.BIN,875848,菜单,鷹島 あかね,,untranslated,
DATA5.BIN#875864,DATA5.BIN,875864,菜单,シナリオ,,untranslated,
DATA5.BIN#875880,DATA5.BIN,875880,菜单,こくら 雅史,,untranslated,
DATA5.BIN#875944,DATA5.BIN,875944,菜单,かわの りょうこ,,untranslated,
DATA5.BIN#875984,DATA5.BIN,875984,菜单,阪井 あかね,,untranslated,
DATA5.BIN#876000,DATA5.BIN,876000,菜单,エキストラ:,,untranslated,
DATA5.BIN#876128,DATA5.BIN,876128,菜单,渡井 かずみ:,,untranslated,
DATA5.BIN#876288,DATA5.BIN,876288,菜单,相沢 ちとせ:,,untranslated,
DATA5.BIN#876336,DATA5.BIN,876336,菜单,［声の出演］,,untranslated,
DATA5.BIN#876416,DATA5.BIN,876416,对话,(株)コナミコンピュータエンタテインメント東京,,untranslated,
DATA5.BIN#876480,DATA5.BIN,876480,菜单,コナミ(株),,untranslated,
DATA5.BIN#878497,DATA5.BIN,878497,菜单,近藤さなえ,,untranslated,
DATA5.BIN#878849,DATA5.BIN,878849,菜单,鈴木ふく美,,untranslated,
DATA5.BIN#878945,DATA5.BIN,878945,菜单,鶴ヶ谷宗昭,,untranslated,
DATA5.BIN#878961,DATA5.BIN,878961,菜单,荻さおり,,untranslated,
DATA5.BIN#879377,DATA5.BIN,879377,菜单,佐藤ひとみ,,untranslated,
DATA5.BIN#880009,DATA5.BIN,880009,菜单,ソネザキヤスシ,,untranslated,
DATA5.BIN#880161,DATA5.BIN,880161,菜单,オガワタカヒサ,,untranslated,
DATA5.BIN#881097,DATA5.BIN,881097,菜单,タカハシヨシキ,,untranslated,
DATA5.BIN#881161,DATA5.BIN,881161,菜单,田ケ谷友壯,,untranslated,
DATA5.BIN#882969,DATA5.BIN,882969,菜单,篠原まゆみ,,untranslated,
DATA5.BIN#883337,DATA5.BIN,883337,菜单,小野なよ,,untranslated,
DATA5.BIN#883481,DATA5.BIN,883481,菜单,鈴木さゆり,,untranslated,
DATA5.BIN#884609,DATA5.BIN,884609,菜单,山本えり子,,untranslated,
DATA5.BIN#885201,DATA5.BIN,885201,菜单,井田ゆみ子,,untranslated,
DATA5.BIN#885249,DATA5.BIN,885249,菜单,渡辺あゆみ,,untranslated,
DATA5.BIN#886785,DATA5.BIN,886785,菜单,藤井たけ,,untranslated,
DATA5.BIN#888201,DATA5.BIN,888201,菜单,タオイマサオ,,untranslated,
DATA5.BIN#888505,DATA5.BIN,888505,菜单,伊藤ゆかり,,untranslated,
DATA5.BIN#889577,DATA5.BIN,889577,菜单,佐藤つとむ,,untranslated,
DATA5.BIN#889833,DATA5.BIN,889833,菜单,ノゲラマサヒロ,,untranslated,
DATA5.BIN#889889,DATA5.BIN,889889,菜单,一ノ宮晃,,untranslated,
DATA5.BIN#890137,DATA5.BIN,890137,菜单,井ノ口弘昭,,untranslated,
DATA5.BIN#893313,DATA5.BIN,893313,菜单,藤井すみえ,,untranslated,
DATA5.BIN#895809,DATA5.BIN,895809,菜单,稲田みゆき,,untranslated,
DATA5.BIN#895857,DATA5.BIN,895857,菜单,イソザキヒロミ,,untranslated,
DATA5.BIN#895945,DATA5.BIN,895945,菜单,竹ノ下淳,,untranslated,
DATA5.BIN#896289,DATA5.BIN,896289,菜单,三宅まどか,,untranslated,
DATA5.BIN#896369,DATA5.BIN,896369,菜单,カネコヒデアキ,,untranslated,
DATA5.BIN#896825,DATA5.BIN,896825,菜单,焼田さなえ,,untranslated,
DATA5.BIN#897297,DATA5.BIN,897297,菜单,中村あき子,,untranslated,
DATA5.BIN#897913,DATA5.BIN,897913,菜单,福沢のり子,,untranslated,
DATA5.BIN#898457,DATA5.BIN,898457,菜单,ジンブトモタカ,,untranslated,
DATA5.BIN#898849,DATA5.BIN,898849,菜单,サカモトタカユキ,,untranslated,
DATA5.BIN#901273,DATA5.BIN,901273,菜单,ヨシダタクマ,,untranslated,
DATA5.BIN#902177,DATA5.BIN,902177,菜单,ヤマザキトシハル,,untranslated,
DATA5.BIN#902201,DATA5.BIN,902201,菜单,シマダタカシ,,untranslated,
DATA5.BIN#907568,DATA5.BIN,907568,对话,"メモリーカード（PS2）の
空き容量が足りません。
卒業データのセーブには 86KB
以上の空き容量が必要です。",,untranslated,
DATA5.BIN#907744,DATA5.BIN,907744,对话,"卒業データをセーブせずに
終了します。
よろしいですか？",,untranslated,
DATA5.BIN#907800,DATA5.BIN,907800,对话,フォーマットに失敗しました。,,untranslated,
DATA5.BIN#907832,DATA5.BIN,907832,对话,"フォーマットしています。
メモリーカード（PS2）を
抜き差ししないで下さい",,untranslated,
DATA5.BIN#907904,DATA5.BIN,907904,对话,"メモリーカード（PS2）が
フォーマットされていません。
フォーマットしますか？",,untranslated,
DATA5.BIN#907984,DATA5.BIN,907984,对话,"卒業データのセーブに失敗
しました。",,untranslated,
DATA5.BIN#908024,DATA5.BIN,908024,对话,卒業データをセーブしました。,,untranslated,
DATA5.BIN#908056,DATA5.BIN,908056,对话,"セーブしています。
メモリーカード（PS2）を
抜き差ししないで下さい。",,untranslated,
DATA5.BIN#908128,DATA5.BIN,908128,对话,"番に上書きします。
よろしいですか？",,untranslated,
DATA5.BIN#908168,DATA5.BIN,908168,对话,"番にセーブします。
よろしいですか？",,untranslated,
DATA5.BIN#908208,DATA5.BIN,908208,对话,"卒業データをセーブします。
何番にセーブしますか？",,untranslated,
DATA5.BIN#908264,DATA5.BIN,908264,对话,"メモリーカード（PS2）を
チェックしています。",,untranslated,
DATA5.BIN#908312,DATA5.BIN,908312,对话,"卒業データをセーブします。
差込口を選択してください。",,untranslated,
DATA5.BIN#908376,DATA5.BIN,908376,系统文本,ときめきメモリアル３卒業データ%d,,untranslated,
DATA5.BIN#908458,DATA5.BIN,908458,菜单,破損データ,,untranslated,
DATA5.BIN#908576,DATA5.BIN,908576,对话,システムデータの更新に失敗しました。,,untranslated,
DATA5.BIN#908616,DATA5.BIN,908616,对话,"のメモリーカード（PS2）の
システムデータを更新しました。",,untranslated,
DATA5.BIN#908680,DATA5.BIN,908680,对话,"システムデータを更新しています。
メモリーカード（PS2）を抜き差ししないで下さい。",,untranslated,
DATA5.BIN#908768,DATA5.BIN,908768,对话,"のメモリーカード（PS2）の
システムデータを更新します。
よろしいですか？",,untranslated,
DATA5.BIN#908840,DATA5.BIN,908840,对话,"のメモリーカード（PS2）の
フォーマットに失敗しました。",,untranslated,
DATA5.BIN#908896,DATA5.BIN,908896,对话,"フォーマットしています。
メモリーカード（PS2）を抜き差ししないで下さい。",,untranslated,
DATA5.BIN#908976,DATA5.BIN,908976,对话,"のメモリーカード（PS2）が
フォーマットされていません。
フォーマットしますか？",,untranslated,
DATA5.BIN#909056,DATA5.BIN,909056,对话,システムデータのセーブに失敗しました。,,untranslated,
DATA5.BIN#909096,DATA5.BIN,909096,对话,"のメモリーカード（PS2）に
システムデータをセーブしました。",,untranslated,
DATA5.BIN#909160,DATA5.BIN,909160,对话,"システムデータをセーブしています。
メモリーカード（PS2）を抜き差ししないで下さい。",,untranslated,
DATA5.BIN#909248,DATA5.BIN,909248,对话,"のメモリーカード（PS2）の
空き容量が足りません。システムデータのセーブ
には 112KB 以上の空き容量が必要です。",,untranslated,
DATA5.BIN#909360,DATA5.BIN,909360,对话,"のメモリーカード（PS2）に
システムデータをセーブします。
よろしいですか？",,untranslated,
DATA5.BIN#909440,DATA5.BIN,909440,对话,"のメモリーカード（PS2）を
チェックしています。",,untranslated,
DATA5.BIN#909560,DATA5.BIN,909560,对话,"システムデータをセーブします。
差込口を選択してください。",,untranslated,
DATA5.BIN#909624,DATA5.BIN,909624,对话,システムデータをセーブしますか？,,untranslated,
DATA5.BIN#909792,DATA5.BIN,909792,对话,ときめきメモリアル３システムデータ,,untranslated,
DATA5.BIN#1042418,DATA5.BIN,1042418,菜单,伹ァl3,,untranslated,
DATA5.BIN#1048188,DATA5.BIN,1048188,菜单,((ま愃`q&0,,untranslated,
DATA5.BIN#1050014,DATA5.BIN,1050014,菜单,ろ@#鵝,,untranslated,
DATA5.BIN#1052500,DATA5.BIN,1052500,菜单,##3劔9ム,,untranslated,
DATA5.BIN#1053774,DATA5.BIN,1053774,菜单,沿(8ヨ/,,untranslated,
DATA5.BIN#1055871,DATA5.BIN,1055871,菜单,ち<剽粋,,untranslated,
DATA5.BIN#1056647,DATA5.BIN,1056647,菜单,(0ヲ剌,,untranslated,
DATA5.BIN#1076504,DATA5.BIN,1076504,对话,"ブランド品大放出！　この機会をお見逃し無く！
２／１～２／２８　もえぎのスクエア催事場にて",,untranslated,
DATA5.BIN#1076600,DATA5.BIN,1076600,对话,"１２月～１月ナイトパレード開催
あの子と見ればラブラブ度急上昇！",,untranslated,
DATA5.BIN#1076664,DATA5.BIN,1076664,对话,"ノンストップで踊りつづけろ！
全米Ｎｏ．１ヒット作堂々のロングラン！",,untranslated,
DATA5.BIN#1076736,DATA5.BIN,1076736,对话,"ＫＮＭ交響楽団冬の定期公演
クラシックの調べに心癒されよう",,untranslated,
DATA5.BIN#1076800,DATA5.BIN,1076800,对话,１２／２５、２６　国内最大級の同人誌即売会開催,,untranslated,
DATA5.BIN#1076848,DATA5.BIN,1076848,对话,"スケート場は２月まで営業中
滑って転んで楽しもう！",,untranslated,
DATA5.BIN#1076904,DATA5.BIN,1076904,对话,"スキーシーズン真っ盛り！
ゲレンデに花咲くウエアのファッションも注目だ！",,untranslated,
DATA5.BIN#1076976,DATA5.BIN,1076976,对话,"ロマンチックな夜を二人で過ごしたい君に
Ｘ’ｍａｓナイト特集！　これでバッチリだ！",,untranslated,
DATA5.BIN#1077064,DATA5.BIN,1077064,对话,"もえぎのスクエア催事場にて好評開催中
失われた古代文明の謎に迫る！",,untranslated,
DATA5.BIN#1077136,DATA5.BIN,1077136,对话,"衝撃の問題作登場！
舞台に展開する不条理ワールドに思わず絶句",,untranslated,
DATA5.BIN#1077200,DATA5.BIN,1077200,对话,"全米爆笑、話題のダンスコメディが
ついにもえぎの上陸！",,untranslated,
DATA5.BIN#1077256,DATA5.BIN,1077256,对话,"超人気ビジュアル系バンド
もえぎの公演堂々決定！",,untranslated,
DATA5.BIN#1077304,DATA5.BIN,1077304,对话,"９／４、５の２日間ゲームショウ開催
ワールドエキシビジョンセンターに集まれ！",,untranslated,
DATA5.BIN#1077384,DATA5.BIN,1077384,对话,"１０／２４　もえぎの神社でフリーマーケット開催
雨天中止なので当日の天気は気を付けよう",,untranslated,
DATA5.BIN#1077472,DATA5.BIN,1077472,对话,"秋といえばホッケーゲーム！
今ならカップル一組につき一ゲーム無料サービス",,untranslated,
DATA5.BIN#1077544,DATA5.BIN,1077544,对话,"大好評イヌねこランド１１月末まで
ふれあいコーナーで待ってるよ！",,untranslated,
DATA5.BIN#1077608,DATA5.BIN,1077608,对话,"紅葉狩りのシーズン到来！
たまには２人でリラックス",,untranslated,
DATA5.BIN#1077664,DATA5.BIN,1077664,对话,"伝統の美が一堂に…
芸術の秋に親しむ特別展示、ぜひご来場ください",,untranslated,
DATA5.BIN#1077728,DATA5.BIN,1077728,对话,"イタズラ好きなアシカ君たちがステージで熱演！
ボクもワタシも大爆笑！",,untranslated,
DATA5.BIN#1077800,DATA5.BIN,1077800,对话,"たっぷり泳いで遊んだ後は
夕焼けの浜辺でいいムード…なんてス・テ・キ",,untranslated,
DATA5.BIN#1077872,DATA5.BIN,1077872,对话,"６月～７月　サッカーＫＯＮＡＭＩリーグ
８月～プロ野球公式戦",,untranslated,
DATA5.BIN#1077936,DATA5.BIN,1077936,对话,"人気ドラマの劇場版ついに公開！
拳で語る男の美学！",,untranslated,
DATA5.BIN#1077992,DATA5.BIN,1077992,对话,"恒例夏のビッグバーゲン
催事場にて８月開催",,untranslated,
DATA5.BIN#1078040,DATA5.BIN,1078040,对话,"実力派声優恋羽こなみのコンサート
もえぎのホールにて開催決定！",,untranslated,
DATA5.BIN#1078104,DATA5.BIN,1078104,对话,８／７～８　国内最大級の同人誌即売会開催,,untranslated,
DATA5.BIN#1078152,DATA5.BIN,1078152,对话,"７月最終日曜、もえぎの神社のお祭りだ
今年は３年に一度のおみこし行列が見られるぞ",,untranslated,
DATA5.BIN#1078232,DATA5.BIN,1078232,对话,"８月最終日曜は花火大会
丘の上公園展望台は絶好のスポットだ",,untranslated,
DATA5.BIN#1078296,DATA5.BIN,1078296,对话,"７月より波プールでのボディボード解禁
時代の波に乗り遅れるな！",,untranslated,
DATA5.BIN#1078360,DATA5.BIN,1078360,对话,"光のパレード、ルミネファンタジー
７月～８月の間、夕方より毎日開催",,untranslated,
DATA5.BIN#1078432,DATA5.BIN,1078432,对话,"今年もプロ野球シーズン開幕！
３月～５月　プロ野球公式戦",,untranslated,
DATA5.BIN#1078488,DATA5.BIN,1078488,对话,"お笑い集団が贈る捨て身ギャグの嵐！
良い子は真似しちゃいけないよ！",,untranslated,
DATA5.BIN#1078560,DATA5.BIN,1078560,对话,"愛した男が最低だった…？
美人４姉妹、抱腹絶倒の復讐劇が幕を開ける！",,untranslated,
DATA5.BIN#1078632,DATA5.BIN,1078632,对话,"もえぎのホールに悪夢が訪れる…
カルト的な人気を誇る地獄のロックバンド見参！",,untranslated,
DATA5.BIN#1078712,DATA5.BIN,1078712,对话,"３／６、３／７　ゲームショウ
５／１～３１　未来都市ショウ開催",,untranslated,
DATA5.BIN#1078776,DATA5.BIN,1078776,对话,"４／２５　もえぎの神社でフリーマーケット開催
見て回るだけで飽きないぞ　　（雨天中止）",,untranslated,
DATA5.BIN#1078864,DATA5.BIN,1078864,对话,"毎月第一日曜に「シツレンジャー」ショウ開催！
君たちもワイワイワールドでヒーローと握手！",,untranslated,
DATA5.BIN#1078952,DATA5.BIN,1078952,对话,"世界のワンちゃんニャンちゃん大集合！
人気のイヌねこランドは５月まで営業",,untranslated,
DATA5.BIN#1079024,DATA5.BIN,1079024,对话,"高原に少し遅めの春がきた
高原牧場でほのぼの乗馬体験しよう！",,untranslated,
DATA5.BIN#1079088,DATA5.BIN,1079088,对话,"今年も潮干狩りのシーズンがやってきた
今年のアサリは粒がそろっておいしいらしいぞ",,untranslated,
DATA5.BIN#1079168,DATA5.BIN,1079168,对话,"白雪スキー場は２月一杯まで営業
スキーヤーもスノーボーダーも大満足！",,untranslated,
DATA5.BIN#1079240,DATA5.BIN,1079240,对话,"～１２月　異種格闘技トーナメント「メタルアーツ」
１月～２月　サッカーＫＯＮＡＭＩカップ",,untranslated,
DATA5.BIN#1079328,DATA5.BIN,1079328,对话,"せつないラブストーリーが涙腺を刺激する！
決してハンカチ無しでは観ないでください…",,untranslated,
DATA5.BIN#1079416,DATA5.BIN,1079416,对话,"特設会場にてバーゲンセール開催
２／１～２８まで",,untranslated,
DATA5.BIN#1079464,DATA5.BIN,1079464,对话,"ＫＮＭ交響楽団冬の定期公演
クラシックの神髄に君もふれてみないか",,untranslated,
DATA5.BIN#1079528,DATA5.BIN,1079528,对话,１２／２７、２８　国内最大級の同人誌即売会開催,,untranslated,
DATA5.BIN#1079576,DATA5.BIN,1079576,对话,"スケート場は２月まで営業
七転び八起きの精神が上達への道だ",,untranslated,
DATA5.BIN#1079640,DATA5.BIN,1079640,对话,"１２月～１月は夕方にナイトパレード開催
光と音のファンタジーが君を魅了する",,untranslated,
DATA5.BIN#1079720,DATA5.BIN,1079720,对话,"この冬ウォータースライダーが開設！
寒い時こそプールで南国気分を味わおう",,untranslated,
DATA5.BIN#1079792,DATA5.BIN,1079792,对话,"大温室に再現された熱帯雨林が圧巻！
まさに大都会のジャングルだ！",,untranslated,
DATA5.BIN#1079856,DATA5.BIN,1079856,对话,"～１０月　プロ野球公式戦
１１月～　異種格闘技トーナメント「メタルアーツ」",,untranslated,
DATA5.BIN#1079936,DATA5.BIN,1079936,对话,"感動の名作文学を舞台化
四人姉妹が織り成す心のドラマ",,untranslated,
DATA5.BIN#1079992,DATA5.BIN,1079992,对话,"大ヒット御礼につき１１月まで上映期間延長！
見逃した君、これが最後のチャンス！",,untranslated,
DATA5.BIN#1080072,DATA5.BIN,1080072,对话,"ホッケーゲームでラブラブだ！
今ならカップル一組につき一ゲーム無料サービス",,untranslated,
DATA5.BIN#1080152,DATA5.BIN,1080152,对话,"催事場にて世界の宝石展開催中
至高の輝きをその目で確かめよう",,untranslated,
DATA5.BIN#1080216,DATA5.BIN,1080216,对话,"紅葉狩りシーズン真っ盛り
たまには二人でまったりと",,untranslated,
DATA5.BIN#1080272,DATA5.BIN,1080272,对话,"１０／２６　もえぎの神社でフリーマーケット開催！
掘り出し物を探し出せ！　　（雨天中止）",,untranslated,
DATA5.BIN#1080360,DATA5.BIN,1080360,对话,"犬派も猫派も大満足のイヌねこランド！
１１月までの限定営業だ",,untranslated,
DATA5.BIN#1080424,DATA5.BIN,1080424,对话,"ワールドエキシビジョンセンターついに完成
９／６、７の２日間はゲームショウが開催されるぞ",,untranslated,
DATA5.BIN#1080512,DATA5.BIN,1080512,对话,"本物？　それともニセモノ？？
たまには肩の力を抜いて「芸術」を楽しもう！",,untranslated,
DATA5.BIN#1080584,DATA5.BIN,1080584,对话,"６月～７月　サッカーＫＯＮＡＭＩリーグ
８月～　プロ野球公式戦",,untranslated,
DATA5.BIN#1080648,DATA5.BIN,1080648,对话,"世界最高峰アニメーション技術の粋！
ハードな世界観をリアルに再現！",,untranslated,
DATA5.BIN#1080720,DATA5.BIN,1080720,对话,"ファン熱狂！　あの超人気美少年グループ
「選抜隊」が遂にもえぎのにやってくる！",,untranslated,
DATA5.BIN#1080800,DATA5.BIN,1080800,对话,"６月に新アトラクション「ゴーストハウス」ＯＰＥＮ！
ナイトパレード「ルミネファンタジー」は８月末まで",,untranslated,
DATA5.BIN#1080904,DATA5.BIN,1080904,对话,"７月最終日曜は神社で縁日開催
屋台で景品ゲットして、彼女のハートもゲットしろ！",,untranslated,
DATA5.BIN#1080984,DATA5.BIN,1080984,对话,"８月最終日曜は納涼花火大会
丘の上公園展望台は場所取り激戦区だ",,untranslated,
DATA5.BIN#1081048,DATA5.BIN,1081048,对话,"夏のビッグバーゲン！
８／１～３１まで　特設会場にて",,untranslated,
DATA5.BIN#1081104,DATA5.BIN,1081104,对话,"８月末までわくわくアシカショウ開催！
ゆかいなアシカくんたちに会いに行こう！",,untranslated,
DATA5.BIN#1081184,DATA5.BIN,1081184,对话,"高速遊覧船「マリンＪ」就航！
ウォーターフロントエリアから港を一周だ",,untranslated,
DATA5.BIN#1081256,DATA5.BIN,1081256,对话,"夏といえば海、そう海だ！
輝く太陽の下に駆け出そう！",,untranslated,
DATA5.BIN#1081312,DATA5.BIN,1081312,对话,"全天候型室内プールＯＰＥＮ！
波のプールでリゾート気分！",,untranslated,
DATA5.BIN#1081368,DATA5.BIN,1081368,对话,"人気漫才コンビの絶妙なボケツッコミを
ライブで楽しむチャンス！",,untranslated,
DATA5.BIN#1081432,DATA5.BIN,1081432,对话,"不朽のヒューマンドラマ、リバイバル上映！
この機会を見逃すな！",,untranslated,
DATA5.BIN#1081496,DATA5.BIN,1081496,对话,"アコースティックギターの素朴な響き
人気デュオもえぎの公演を見逃すな",,untranslated,
DATA5.BIN#1081568,DATA5.BIN,1081568,对话,"丘の上公園の桜並木はもう満開！
４月下旬頃まで楽しめるぞ",,untranslated,
DATA5.BIN#1081624,DATA5.BIN,1081624,对话,"総合競技場「レインボウドーム」ついに完成！
プロ野球がオープン戦からバッチリ見られるぞ",,untranslated,
DATA5.BIN#1081712,DATA5.BIN,1081712,对话,"４／２７　もえぎの神社でフリーマーケット開催！
掘り出し物があるかもよ？　　（雨天中止）",,untranslated,
DATA5.BIN#1081800,DATA5.BIN,1081800,对话,"毎月第一日曜日、あの「ファンシーチャイム」が
ワイワイワールドにやってくる！",,untranslated,
DATA5.BIN#1081880,DATA5.BIN,1081880,对话,"ワンちゃんニャンちゃん大集合！
「イヌねこランド」５月まで限定営業中",,untranslated,
DATA5.BIN#1081952,DATA5.BIN,1081952,对话,"４月に新スタイルの大型ショッピングモール
もえぎのスクエア誕生",,untranslated,
DATA5.BIN#1082016,DATA5.BIN,1082016,对话,"古代ピラミッドに仕掛けられたワナが
迫力の映像で蘇る！　危機一髪の冒険アクション！",,untranslated,
DATA5.BIN#1082104,DATA5.BIN,1082104,对话,"ＫＮＭ交響楽団冬の定期公演
クラシックの妙なる調べに酔いしれよう",,untranslated,
DATA5.BIN#1082168,DATA5.BIN,1082168,对话,"スケート場は２月まで営業
君も氷の上で熱くなれ！",,untranslated,
DATA5.BIN#1082216,DATA5.BIN,1082216,对话,"白銀の季節真っ盛り！
君も愛のシュプールを描いてみないか？",,untranslated,
DATA5.BIN#1082280,DATA5.BIN,1082280,对话,"光のパレード　ルミネファンタジー
１月末まで毎夕開催！",,untranslated,
DATA5.BIN#1082336,DATA5.BIN,1082336,对话,"ついに大型水族館完成！
海のゆかいな仲間たちに会いに行こう",,untranslated,
DATA5.BIN#1082400,DATA5.BIN,1082400,对话,"ホッケーゲームで愛を深めよう！
カップル一組につき一ゲーム無料サービス中",,untranslated,
DATA5.BIN#1082472,DATA5.BIN,1082472,对话,"ペンギンたちの旅はついに佳境へ…
愛と感動のファミリードラマ、いよいよフィナーレ！",,untranslated,
DATA5.BIN#1082560,DATA5.BIN,1082560,对话,"紅葉狩りの季節到来！　１１月下旬頃まで楽しめるぞ
たまには二人でのんびりと",,untranslated,
DATA5.BIN#1082640,DATA5.BIN,1082640,对话,"１０／２７　もえぎの神社でフリーマーケット開催！
掘り出し物があるかもね　　（雨天中止）",,untranslated,
DATA5.BIN#1082728,DATA5.BIN,1082728,对话,"小劇場「シアターミオ」にて上演中
一人芝居の妙技をたっぷり堪能しよう",,untranslated,
DATA5.BIN#1082800,DATA5.BIN,1082800,对话,"ルネサンスの黎明紀を彩る貴重な作品を
数多く展示。ぜひご来場ください",,untranslated,
DATA5.BIN#1082872,DATA5.BIN,1082872,对话,"ペンギンたちの旅は終わらない…
愛と感動のファミリードラマ、君はもう体験したか？",,untranslated,
DATA5.BIN#1082952,DATA5.BIN,1082952,对话,"ポップでキュートなラブソングを君に…
色彩待望のもえぎの公演決定！",,untranslated,
DATA5.BIN#1083024,DATA5.BIN,1083024,对话,"待ちにまった海開き！
まぶしい太陽があの子をダイタンにする…かもね",,untranslated,
DATA5.BIN#1083096,DATA5.BIN,1083096,对话,"７月最終日曜、もえぎの神社で縁日開催
浴衣姿のあの子にドッキリしたい君に",,untranslated,
DATA5.BIN#1083168,DATA5.BIN,1083168,对话,"８月最終日曜は納涼花火大会
丘の上公園展望台で見るなら早目に行こう",,untranslated,
DATA5.BIN#1083240,DATA5.BIN,1083240,对话,"ペンギンたちは南極点を目指す…
愛と感動のファミリードラマ、絶賛上映中！",,untranslated,
DATA5.BIN#1083312,DATA5.BIN,1083312,对话,"４／２８　もえぎの神社でフリーマーケット開催！
雨天中止なので当日の天気には注意しよう",,untranslated,
DATA5.BIN#1083400,DATA5.BIN,1083400,对话,"体験乗馬実施中！
春風を身体で感じよう！",,untranslated,
DATA5.BIN#1083440,DATA5.BIN,1083440,对话,"春の風物詩、潮干狩り！
今年のアサリは身が詰まっていて美味しいらしいぞ",,untranslated,
DATA5.BIN#1083512,DATA5.BIN,1083512,对话,"絶好の花見スポット、丘の上公園を大特集！
桜の見頃は４月下旬まで",,untranslated,
DATA5.BIN#1113634,DATA5.BIN,1113634,菜单,@wそ同,,untranslated,
DATA5.BIN#1119630,DATA5.BIN,1119630,菜单,瀅@Cァ,,untranslated,
DATA5.BIN#1127718,DATA5.BIN,1127718,菜单,@#:A3リ迄,,untranslated,
DATA5.BIN#1128597,DATA5.BIN,1128597,菜单,"#""鋳ゲI",,untranslated,
DATA5.BIN#1132546,DATA5.BIN,1132546,菜单,|4譜=aサ,,untranslated,
DATA5.BIN#1132935,DATA5.BIN,1132935,菜单,刑Wヮ塰,,untranslated,
DATA5.BIN#1156456,DATA5.BIN,1156456,菜单,インターネット,,untranslated,
DATA5.BIN#1156568,DATA5.BIN,1156568,菜单,ガーデニング,,untranslated,
DATA5.BIN#1156584,DATA5.BIN,1156584,菜单,ＷＥＢサーフィン,,untranslated,
DATA5.BIN#1156608,DATA5.BIN,1156608,对话,アニメゲームＣＤ全集・松を制覇,,untranslated,
DATA5.BIN#1156640,DATA5.BIN,1156640,对话,アイドルＣＤ全集・松を制覇,,untranslated,
DATA5.BIN#1156672,DATA5.BIN,1156672,菜单,ロックＣＤ全集・松を制覇,,untranslated,
DATA5.BIN#1156704,DATA5.BIN,1156704,菜单,ジャズＣＤ全集・松を制覇,,untranslated,
DATA5.BIN#1156736,DATA5.BIN,1156736,对话,クラシックＣＤ全集・松を制覇,,untranslated,
DATA5.BIN#1156768,DATA5.BIN,1156768,对话,アニメゲームＣＤ全集・松の購入,,untranslated,
DATA5.BIN#1156800,DATA5.BIN,1156800,对话,アイドルＣＤ全集・松の購入,,untranslated,
DATA5.BIN#1156832,DATA5.BIN,1156832,菜单,ロックＣＤ全集・松の購入,,untranslated,
DATA5.BIN#1156864,DATA5.BIN,1156864,菜单,ジャズＣＤ全集・松の購入,,untranslated,
DATA5.BIN#1156896,DATA5.BIN,1156896,对话,クラシックＣＤ全集・松の購入,,untranslated,
DATA5.BIN#1156928,DATA5.BIN,1156928,对话,アニメゲームＣＤ全集・竹を制覇,,untranslated,
DATA5.BIN#1156960,DATA5.BIN,1156960,对话,アイドルＣＤ全集・竹を制覇,,untranslated,
DATA5.BIN#1156992,DATA5.BIN,1156992,菜单,ロックＣＤ全集・竹を制覇,,untranslated,
DATA5.BIN#1157024,DATA5.BIN,1157024,菜单,ジャズＣＤ全集・竹を制覇,,untranslated,
DATA5.BIN#1157056,DATA5.BIN,1157056,对话,クラシックＣＤ全集・竹を制覇,,untranslated,
DATA5.BIN#1157088,DATA5.BIN,1157088,对话,アニメゲームＣＤ全集・竹の購入,,untranslated,
DATA5.BIN#1157120,DATA5.BIN,1157120,对话,アイドルＣＤ全集・竹の購入,,untranslated,
DATA5.BIN#1157152,DATA5.BIN,1157152,菜单,ロックＣＤ全集・竹の購入,,untranslated,
DATA5.BIN#1157184,DATA5.BIN,1157184,菜单,ジャズＣＤ全集・竹の購入,,untranslated,
DATA5.BIN#1157216,DATA5.BIN,1157216,对话,クラシックＣＤ全集・竹の購入,,untranslated,
DATA5.BIN#1157248,DATA5.BIN,1157248,对话,アニメゲームＣＤ全集・梅を制覇,,untranslated,
DATA5.BIN#1157280,DATA5.BIN,1157280,对话,アイドルＣＤ全集・梅を制覇,,untranslated,
DATA5.BIN#1157312,DATA5.BIN,1157312,菜单,ロックＣＤ全集・梅を制覇,,untranslated,
DATA5.BIN#1157344,DATA5.BIN,1157344,菜单,ジャズＣＤ全集・梅を制覇,,untranslated,
DATA5.BIN#1157376,DATA5.BIN,1157376,对话,クラシックＣＤ全集・梅を制覇,,untranslated,
DATA5.BIN#1157408,DATA5.BIN,1157408,对话,アニメゲームＣＤ全集・梅の購入,,untranslated,
DATA5.BIN#1157440,DATA5.BIN,1157440,对话,アイドルＣＤ全集・梅の購入,,untranslated,
DATA5.BIN#1157472,DATA5.BIN,1157472,菜单,ロックＣＤ全集・梅の購入,,untranslated,
DATA5.BIN#1157504,DATA5.BIN,1157504,菜单,ジャズＣＤ全集・梅の購入,,untranslated,
DATA5.BIN#1157536,DATA5.BIN,1157536,对话,クラシックＣＤ全集・梅の購入,,untranslated,
DATA5.BIN#1157568,DATA5.BIN,1157568,菜单,ＣＤカタログの入手,,untranslated,
DATA5.BIN#1157592,DATA5.BIN,1157592,菜单,つがいを買う,,untranslated,
DATA5.BIN#1157608,DATA5.BIN,1157608,菜单,熱心に世話をする,,untranslated,
DATA5.BIN#1157632,DATA5.BIN,1157632,菜单,遊戯物の購入,,untranslated,
DATA5.BIN#1157648,DATA5.BIN,1157648,菜单,セキセイインコの購入,,untranslated,
DATA5.BIN#1157672,DATA5.BIN,1157672,菜单,鳥カゴの購入,,untranslated,
DATA5.BIN#1157688,DATA5.BIN,1157688,对话,傷心合体！ダイ・シツレンロボの作成,,untranslated,
DATA5.BIN#1157728,DATA5.BIN,1157728,菜单,シツレンファイターの作成,,untranslated,
DATA5.BIN#1157760,DATA5.BIN,1157760,菜单,シツレンファイターの購入,,untranslated,
DATA5.BIN#1157792,DATA5.BIN,1157792,菜单,トキメキドリルの作成,,untranslated,
DATA5.BIN#1157816,DATA5.BIN,1157816,菜单,トキメキドリルの購入,,untranslated,
DATA5.BIN#1157840,DATA5.BIN,1157840,菜单,バクダンブルの作成,,untranslated,
DATA5.BIN#1157864,DATA5.BIN,1157864,菜单,バクダンブルの購入,,untranslated,
DATA5.BIN#1157888,DATA5.BIN,1157888,菜单,ショウシンタンクの作成,,untranslated,
DATA5.BIN#1157912,DATA5.BIN,1157912,菜单,ショウシンタンクの購入,,untranslated,
DATA5.BIN#1157936,DATA5.BIN,1157936,菜单,ユウコウバードの作成,,untranslated,
DATA5.BIN#1157960,DATA5.BIN,1157960,菜单,ユウコウバードの購入,,untranslated,
DATA5.BIN#1157984,DATA5.BIN,1157984,对话,フィギュアベルちゃんの作成,,untranslated,
DATA5.BIN#1158016,DATA5.BIN,1158016,对话,フィギュアベルちゃんの購入,,untranslated,
DATA5.BIN#1158048,DATA5.BIN,1158048,对话,フィギュア魔法少女チャイムの作成,,untranslated,
DATA5.BIN#1158088,DATA5.BIN,1158088,对话,フィギュア魔法少女チャイムの購入,,untranslated,
DATA5.BIN#1158128,DATA5.BIN,1158128,菜单,ＶＩＣ　ＶＩＰＥＲの作成,,untranslated,
DATA5.BIN#1158160,DATA5.BIN,1158160,菜单,ＶＩＣ　ＶＩＰＥＲの購入,,untranslated,
DATA5.BIN#1158192,DATA5.BIN,1158192,菜单,戦艦大和の作成,,untranslated,
DATA5.BIN#1158208,DATA5.BIN,1158208,菜单,戦艦大和の購入,,untranslated,
DATA5.BIN#1158224,DATA5.BIN,1158224,菜单,模型カタログの入手,,untranslated,
DATA5.BIN#1158248,DATA5.BIN,1158248,菜单,街エリアの散策,,untranslated,
DATA5.BIN#1158264,DATA5.BIN,1158264,菜单,丘エリアの散策,,untranslated,
DATA5.BIN#1158280,DATA5.BIN,1158280,菜单,スコップの入手,,untranslated,
DATA5.BIN#1158296,DATA5.BIN,1158296,对话,大作ＲＰＧゲームのやりこみ,,untranslated,
DATA5.BIN#1158328,DATA5.BIN,1158328,菜单,大作ＲＰＧゲームの攻略,,untranslated,
DATA5.BIN#1158352,DATA5.BIN,1158352,菜单,大作ＲＰＧゲームの購入,,untranslated,
DATA5.BIN#1158376,DATA5.BIN,1158376,对话,戦略ＳＬＧゲームのやりこみ,,untranslated,
DATA5.BIN#1158408,DATA5.BIN,1158408,菜单,戦略ＳＬＧゲームの攻略,,untranslated,
DATA5.BIN#1158432,DATA5.BIN,1158432,菜单,戦略ＳＬＧゲームの購入,,untranslated,
DATA5.BIN#1158456,DATA5.BIN,1158456,对话,恋愛ＳＬＧゲームのやりこみ,,untranslated,
DATA5.BIN#1158488,DATA5.BIN,1158488,菜单,恋愛ＳＬＧゲームの攻略,,untranslated,
DATA5.BIN#1158512,DATA5.BIN,1158512,菜单,恋愛ＳＬＧゲームの購入,,untranslated,
DATA5.BIN#1158536,DATA5.BIN,1158536,对话,格闘ＡＣＴゲームのやりこみ,,untranslated,
DATA5.BIN#1158568,DATA5.BIN,1158568,菜单,格闘ＡＣＴゲームの攻略,,untranslated,
DATA5.BIN#1158592,DATA5.BIN,1158592,菜单,格闘ＡＣＴゲームの購入,,untranslated,
DATA5.BIN#1158616,DATA5.BIN,1158616,对话,アクションＳＴＧゲームのやりこみ,,untranslated,
DATA5.BIN#1158656,DATA5.BIN,1158656,对话,アクションＳＴＧゲームの攻略,,untranslated,
DATA5.BIN#1158688,DATA5.BIN,1158688,对话,アクションＳＴＧゲームの購入,,untranslated,
DATA5.BIN#1158720,DATA5.BIN,1158720,菜单,ゲーム攻略本の購入,,untranslated,
DATA5.BIN#1158744,DATA5.BIN,1158744,菜单,ゲームカタログの入手,,untranslated,
DATA5.BIN#1158768,DATA5.BIN,1158768,菜单,究極のアイスクリーム,,untranslated,
DATA5.BIN#1158792,DATA5.BIN,1158792,菜单,究極のお弁当,,untranslated,
DATA5.BIN#1158808,DATA5.BIN,1158808,菜单,自家製コーヒー,,untranslated,
DATA5.BIN#1158824,DATA5.BIN,1158824,菜单,自家製コーヒーの研究,,untranslated,
DATA5.BIN#1158848,DATA5.BIN,1158848,菜单,オリジナルブレンド紅茶,,untranslated,
DATA5.BIN#1158872,DATA5.BIN,1158872,对话,オリジナルブレンド紅茶の研究,,untranslated,
DATA5.BIN#1158904,DATA5.BIN,1158904,菜单,愛情お弁当,,untranslated,
DATA5.BIN#1158920,DATA5.BIN,1158920,菜单,手作りぽてち,,untranslated,
DATA5.BIN#1158936,DATA5.BIN,1158936,菜单,手作りアイスクリーム,,untranslated,
DATA5.BIN#1158960,DATA5.BIN,1158960,菜单,手作りケーキ,,untranslated,
DATA5.BIN#1158976,DATA5.BIN,1158976,菜单,手作りクッキー,,untranslated,
DATA5.BIN#1158992,DATA5.BIN,1158992,对话,お菓子つくり入門雑誌の入手,,untranslated,
DATA5.BIN#1159024,DATA5.BIN,1159024,菜单,料理入門雑誌の入手,,untranslated,
DATA5.BIN#1159200,DATA5.BIN,1159200,菜单,書道「青い空白い雲」,,untranslated,
DATA5.BIN#1159224,DATA5.BIN,1159224,菜单,独創的なオブジェ,,untranslated,
DATA5.BIN#1159248,DATA5.BIN,1159248,菜单,山の風景画,,untranslated,
DATA5.BIN#1159264,DATA5.BIN,1159264,菜单,港の風景画,,untranslated,
DATA5.BIN#1159312,DATA5.BIN,1159312,菜单,美術道具の購入,,untranslated,
DATA5.BIN#1159328,DATA5.BIN,1159328,菜单,美術入門雑誌の入手,,untranslated,
DATA5.BIN#1159352,DATA5.BIN,1159352,菜单,恋愛小説の自筆,,untranslated,
DATA5.BIN#1159368,DATA5.BIN,1159368,菜单,推理小説の自筆,,untranslated,
DATA5.BIN#1159384,DATA5.BIN,1159384,菜单,童話の自筆,,untranslated,
DATA5.BIN#1159400,DATA5.BIN,1159400,菜单,詩集の自筆,,untranslated,
DATA5.BIN#1159416,DATA5.BIN,1159416,菜单,童話の読書,,untranslated,
DATA5.BIN#1159432,DATA5.BIN,1159432,菜单,詩集の読書,,untranslated,
DATA5.BIN#1159448,DATA5.BIN,1159448,菜单,推理小説の読書,,untranslated,
DATA5.BIN#1159464,DATA5.BIN,1159464,菜单,恋愛小説の読書,,untranslated,
DATA5.BIN#1159480,DATA5.BIN,1159480,菜单,童話の購入,,untranslated,
DATA5.BIN#1159496,DATA5.BIN,1159496,菜单,詩集の購入,,untranslated,
DATA5.BIN#1159512,DATA5.BIN,1159512,菜单,推理小説の購入,,untranslated,
DATA5.BIN#1159528,DATA5.BIN,1159528,菜单,恋愛小説の購入,,untranslated,
DATA5.BIN#1159544,DATA5.BIN,1159544,菜单,手編みのセーター,,untranslated,
DATA5.BIN#1159568,DATA5.BIN,1159568,菜单,手編みのマフラー,,untranslated,
DATA5.BIN#1159592,DATA5.BIN,1159592,菜单,手編みの手袋,,untranslated,
DATA5.BIN#1159608,DATA5.BIN,1159608,对话,ファッションカタログの入手,,untranslated,
DATA5.BIN#1159640,DATA5.BIN,1159640,菜单,手縫いの枕カバー,,untranslated,
DATA5.BIN#1159664,DATA5.BIN,1159664,菜单,フェルトの財布,,untranslated,
DATA5.BIN#1159680,DATA5.BIN,1159680,菜单,手縫いのぞうきん,,untranslated,
DATA5.BIN#1159704,DATA5.BIN,1159704,菜单,手芸道具の購入,,untranslated,
DATA5.BIN#1159720,DATA5.BIN,1159720,菜单,手芸カタログの入手,,untranslated,
DATA5.BIN#1159760,DATA5.BIN,1159760,菜单,釣り道具の購入,,untranslated,
DATA5.BIN#1159776,DATA5.BIN,1159776,菜单,釣りカタログの入手,,untranslated,
DATA5.BIN#1159800,DATA5.BIN,1159800,菜单,マンドラゴラの栽培,,untranslated,
DATA5.BIN#1159824,DATA5.BIN,1159824,菜单,ランの栽培,,untranslated,
DATA5.BIN#1159840,DATA5.BIN,1159840,菜单,コーヒーの栽培,,untranslated,
DATA5.BIN#1159856,DATA5.BIN,1159856,菜单,ツバキの栽培,,untranslated,
DATA5.BIN#1159872,DATA5.BIN,1159872,菜单,つつじの栽培,,untranslated,
DATA5.BIN#1159888,DATA5.BIN,1159888,菜单,アロエの栽培,,untranslated,
DATA5.BIN#1159904,DATA5.BIN,1159904,菜单,サボテンの栽培,,untranslated,
DATA5.BIN#1159920,DATA5.BIN,1159920,菜单,チューリップの栽培,,untranslated,
DATA5.BIN#1159944,DATA5.BIN,1159944,菜单,キクの栽培,,untranslated,
DATA5.BIN#1159960,DATA5.BIN,1159960,菜单,バラの栽培,,untranslated,
DATA5.BIN#1159976,DATA5.BIN,1159976,菜单,園芸道具の購入,,untranslated,
DATA5.BIN#1159992,DATA5.BIN,1159992,菜单,園芸カタログの入手,,untranslated,
DATA5.BIN#1160337,DATA5.BIN,1160337,菜单,を手に入れた。_,,untranslated,
DATA5.BIN#1160387,DATA5.BIN,1160387,菜单,を消費した。_,,untranslated,
DATA5.BIN#1160438,DATA5.BIN,1160438,菜单,新スポット『,,untranslated,
DATA5.BIN#1160453,DATA5.BIN,1160453,菜单,』を発見した。_,,untranslated,
DATA5.BIN#1160511,DATA5.BIN,1160511,菜单,』のページを発見した。_,,untranslated,
DATA5.BIN#1160581,DATA5.BIN,1160581,菜单,』が身についた。_,,untranslated,
DATA5.BIN#1161414,DATA5.BIN,1161414,菜单,「バラを栽培した。,,untranslated,
DATA5.BIN#1161534,DATA5.BIN,1161534,菜单,「キクを栽培した。,,untranslated,
DATA5.BIN#1161654,DATA5.BIN,1161654,对话,「チューリップを栽培した。,,untranslated,
DATA5.BIN#1161782,DATA5.BIN,1161782,菜单,「サボテンを栽培した。,,untranslated,
DATA5.BIN#1161910,DATA5.BIN,1161910,菜单,「アロエを栽培した。,,untranslated,
DATA5.BIN#1162030,DATA5.BIN,1162030,菜单,「つつじを栽培した。,,untranslated,
DATA5.BIN#1162150,DATA5.BIN,1162150,菜单,「ツバキを栽培した。,,untranslated,
DATA5.BIN#1162270,DATA5.BIN,1162270,菜单,「コーヒーを栽培した。,,untranslated,
DATA5.BIN#1162462,DATA5.BIN,1162462,菜单,「ランを栽培した。,,untranslated,
DATA5.BIN#1162606,DATA5.BIN,1162606,对话,「マンドラゴラを栽培した。,,untranslated,
DATA5.BIN#1162806,DATA5.BIN,1162806,菜单,「何も釣れなかった。,,untranslated,
DATA5.BIN#1162926,DATA5.BIN,1162926,菜单,「タイを釣った。,,untranslated,
DATA5.BIN#1163046,DATA5.BIN,1163046,菜单,「カジキを釣った。,,untranslated,
DATA5.BIN#1163198,DATA5.BIN,1163198,菜单,「穴開きヤカンを釣った。,,untranslated,
DATA5.BIN#1163326,DATA5.BIN,1163326,菜单,「サメを釣った。,,untranslated,
DATA5.BIN#1163534,DATA5.BIN,1163534,菜单,「シーラカンスを釣った。,,untranslated,
DATA5.BIN#1163750,DATA5.BIN,1163750,菜单,「コイを釣った。,,untranslated,
DATA5.BIN#1163870,DATA5.BIN,1163870,菜单,「ブラックバスを釣った。,,untranslated,
DATA5.BIN#1164030,DATA5.BIN,1164030,菜单,「長靴を釣った。,,untranslated,
DATA5.BIN#1164254,DATA5.BIN,1164254,菜单,「ぞうきんを作った。,,untranslated,
DATA5.BIN#1164398,DATA5.BIN,1164398,对话,「フェルトの財布を作った。,,untranslated,
DATA5.BIN#1164550,DATA5.BIN,1164550,菜单,「枕カバーを作った。,,untranslated,
DATA5.BIN#1164734,DATA5.BIN,1164734,菜单,「手袋を作った。,,untranslated,
DATA5.BIN#1164878,DATA5.BIN,1164878,菜单,「マフラーを作った。,,untranslated,
DATA5.BIN#1165022,DATA5.BIN,1165022,菜单,「セーターを作った。,,untranslated,
DATA5.BIN#1165398,DATA5.BIN,1165398,菜单,「恋愛小説を読み終えた。,,untranslated,
DATA5.BIN#1165494,DATA5.BIN,1165494,菜单,「推理小説を読み終えた。,,untranslated,
DATA5.BIN#1165590,DATA5.BIN,1165590,菜单,「詩集を読み終えた。,,untranslated,
DATA5.BIN#1165678,DATA5.BIN,1165678,菜单,「童話を読み終えた。,,untranslated,
DATA5.BIN#1165822,DATA5.BIN,1165822,菜单,「詩集を書き上げた。,,untranslated,
DATA5.BIN#1165982,DATA5.BIN,1165982,菜单,「童話を書き上げた。,,untranslated,
DATA5.BIN#1166102,DATA5.BIN,1166102,菜单,「推理小説を書き上げた。,,untranslated,
DATA5.BIN#1166270,DATA5.BIN,1166270,菜单,「恋愛小説を書き上げた。,,untranslated,
DATA5.BIN#1166509,DATA5.BIN,1166509,菜单,の似顔絵を描いた。,,untranslated,
DATA5.BIN#1166758,DATA5.BIN,1166758,菜单,「港の風景を描いた。,,untranslated,
DATA5.BIN#1166878,DATA5.BIN,1166878,菜单,「山の風景を描いた。,,untranslated,
DATA5.BIN#1166998,DATA5.BIN,1166998,对话,「独創的なオブジェを作った。,,untranslated,
DATA5.BIN#1167126,DATA5.BIN,1167126,对话,「『青い空白い雲』の書道を行った。,,untranslated,
DATA5.BIN#1167286,DATA5.BIN,1167286,对话,「『謹賀新年』の書道を行った。,,untranslated,
DATA5.BIN#1167565,DATA5.BIN,1167565,对话,"の似顔絵を描いた。
・・・失敗した。",,untranslated,
DATA5.BIN#1171694,DATA5.BIN,1171694,对话,"「クッキーを作った。
・・・失敗した。",,untranslated,
DATA5.BIN#1171862,DATA5.BIN,1171862,菜单,「クッキーを作った。,,untranslated,
DATA5.BIN#1172038,DATA5.BIN,1172038,对话,"「ケーキを作った。
・・・失敗した。",,untranslated,
DATA5.BIN#1172198,DATA5.BIN,1172198,菜单,「ケーキを作った。,,untranslated,
DATA5.BIN#1172374,DATA5.BIN,1172374,对话,"「アイスクリームを作った。
・・・失敗した。",,untranslated,
DATA5.BIN#1172542,DATA5.BIN,1172542,对话,「アイスクリームを作った。,,untranslated,
DATA5.BIN#1172726,DATA5.BIN,1172726,对话,"「ぽてちを作った。
・・・失敗した。",,untranslated,
DATA5.BIN#1172886,DATA5.BIN,1172886,菜单,「ぽてちを作った。,,untranslated,
DATA5.BIN#1173038,DATA5.BIN,1173038,对话,"「愛情のこもったお弁当を作った。
・・・失敗した。",,untranslated,
DATA5.BIN#1173190,DATA5.BIN,1173190,对话,「愛情のこもったお弁当を作った。,,untranslated,
DATA5.BIN#1173326,DATA5.BIN,1173326,对话,「オリジナルブレンド紅茶の研究をした。,,untranslated,
DATA5.BIN#1173494,DATA5.BIN,1173494,对话,「オリジナルブレンド紅茶を作った。,,untranslated,
DATA5.BIN#1173654,DATA5.BIN,1173654,对话,「自家製コーヒーの研究をした。,,untranslated,
DATA5.BIN#1173830,DATA5.BIN,1173830,对话,「自家製コーヒーを作った。,,untranslated,
DATA5.BIN#1174046,DATA5.BIN,1174046,菜单,「究極のお弁当を作った。,,untranslated,
DATA5.BIN#1174262,DATA5.BIN,1174262,对话,「究極のアイスクリームを作った。,,untranslated,
DATA5.BIN#1174566,DATA5.BIN,1174566,对话,「アクションＳＴＧソフトを攻略した。,,untranslated,
DATA5.BIN#1174854,DATA5.BIN,1174854,对话,「アクションＳＴＧソフトを極めた。,,untranslated,
DATA5.BIN#1175078,DATA5.BIN,1175078,对话,「格闘ＡＣＴソフトを攻略した。,,untranslated,
DATA5.BIN#1175366,DATA5.BIN,1175366,对话,「格闘ＡＣＴソフトを極めた。,,untranslated,
DATA5.BIN#1175582,DATA5.BIN,1175582,对话,「恋愛ＳＬＧソフトを攻略した。,,untranslated,
DATA5.BIN#1175870,DATA5.BIN,1175870,对话,「恋愛ＳＬＧソフトを極めた。,,untranslated,
DATA5.BIN#1176086,DATA5.BIN,1176086,对话,「戦略ＳＬＧソフトを攻略した。,,untranslated,
DATA5.BIN#1176374,DATA5.BIN,1176374,对话,「戦略ＳＬＧソフトを極めた。,,untranslated,
DATA5.BIN#1176590,DATA5.BIN,1176590,对话,「大作ＲＰＧソフトを攻略した。,,untranslated,
DATA5.BIN#1176878,DATA5.BIN,1176878,对话,「大作ＲＰＧソフトを極めた。,,untranslated,
DATA5.BIN#1177014,DATA5.BIN,1177014,菜单,「何も発掘できなかった。,,untranslated,
DATA5.BIN#1177142,DATA5.BIN,1177142,对话,「錆びたカチューシャを発掘した。,,untranslated,
DATA5.BIN#1177278,DATA5.BIN,1177278,对话,「古代の付けボクロを発掘した。,,untranslated,
DATA5.BIN#1177414,DATA5.BIN,1177414,对话,「殺人コアラの土偶を発掘した。,,untranslated,
DATA5.BIN#1177550,DATA5.BIN,1177550,对话,「コアラの髪型の女性の土偶を発掘した。,,untranslated,
DATA5.BIN#1177694,DATA5.BIN,1177694,对话,「宇宙人のハニワを発掘した。,,untranslated,
DATA5.BIN#1177822,DATA5.BIN,1177822,菜单,「大樹の化石を発掘した。,,untranslated,
DATA5.BIN#1177950,DATA5.BIN,1177950,菜单,「錆びた鐘を発掘した。,,untranslated,
DATA5.BIN#1178078,DATA5.BIN,1178078,对话,「小さい頃の答案を発掘した。,,untranslated,
DATA5.BIN#1178270,DATA5.BIN,1178270,对话,「肉食恐竜の化石を発掘した。,,untranslated,
DATA5.BIN#1180870,DATA5.BIN,1180870,对话,「戦艦大和の模型を完成させた。,,untranslated,
DATA5.BIN#1181102,DATA5.BIN,1181102,对话,「ＶＩＣ　ＶＩＰＥＲの模型を完成させた。,,untranslated,
DATA5.BIN#1181342,DATA5.BIN,1181342,对话,「魔法少女チャイムのフィギュアを完成させた。,,untranslated,
DATA5.BIN#1181582,DATA5.BIN,1181582,对话,「ベルちゃんのフィギュアを完成させた。,,untranslated,
DATA5.BIN#1182134,DATA5.BIN,1182134,对话,「ユウコウバードの模型を完成させた。,,untranslated,
DATA5.BIN#1182678,DATA5.BIN,1182678,对话,「ショウシンタンクの模型を完成させた。,,untranslated,
DATA5.BIN#1183230,DATA5.BIN,1183230,对话,「バクダンブルの模型を完成させた。,,untranslated,
DATA5.BIN#1183774,DATA5.BIN,1183774,对话,「トキメキドリルの模型を完成させた。,,untranslated,
DATA5.BIN#1184318,DATA5.BIN,1184318,对话,「シツレンファイターの模型を完成させた。,,untranslated,
DATA5.BIN#1184702,DATA5.BIN,1184702,对话,"「傷心合体！ダイ・シツレンロボの模型を
完成させた。",,untranslated,
DATA5.BIN#1185830,DATA5.BIN,1185830,对话,「クラシックＣＤ全集・梅を聴き終えた。,,untranslated,
DATA5.BIN#1185942,DATA5.BIN,1185942,对话,「ジャズＣＤ全集・梅を聴き終えた。,,untranslated,
DATA5.BIN#1186046,DATA5.BIN,1186046,对话,「ロックＣＤ全集・梅を聴き終えた。,,untranslated,
DATA5.BIN#1186150,DATA5.BIN,1186150,对话,「アイドルＣＤ全集・梅を聴き終えた。,,untranslated,
DATA5.BIN#1186254,DATA5.BIN,1186254,对话,「アニメゲームＣＤ全集・梅を聴き終えた。,,untranslated,
DATA5.BIN#1186926,DATA5.BIN,1186926,对话,「クラシックＣＤ全集・竹を聴き終えた。,,untranslated,
DATA5.BIN#1187038,DATA5.BIN,1187038,对话,「ジャズＣＤ全集・竹を聴き終えた。,,untranslated,
DATA5.BIN#1187142,DATA5.BIN,1187142,对话,「ロックＣＤ全集・竹を聴き終えた。,,untranslated,
DATA5.BIN#1187246,DATA5.BIN,1187246,对话,「アイドルＣＤ全集・竹を聴き終えた。,,untranslated,
DATA5.BIN#1187350,DATA5.BIN,1187350,对话,「アニメゲームＣＤ全集・竹を聴き終えた。,,untranslated,
DATA5.BIN#1188142,DATA5.BIN,1188142,对话,「クラシックＣＤ全集・松を聴き終えた。,,untranslated,
DATA5.BIN#1188254,DATA5.BIN,1188254,对话,「ジャズＣＤ全集・松を聴き終えた。,,untranslated,
DATA5.BIN#1188358,DATA5.BIN,1188358,对话,「ロックＣＤ全集・松を聴き終えた。,,untranslated,
DATA5.BIN#1188462,DATA5.BIN,1188462,对话,「アイドルＣＤ全集・松を聴き終えた。,,untranslated,
DATA5.BIN#1188566,DATA5.BIN,1188566,对话,「アニメゲームＣＤ全集・松を聴き終えた。,,untranslated,
DATA5.BIN#1188662,DATA5.BIN,1188662,菜单,「何も見付からなかった。,,untranslated,
DATA5.BIN#1213272,DATA5.BIN,1213272,菜单,装備なし,,untranslated,
DATA5.BIN#1213288,DATA5.BIN,1213288,菜单,装備しない,,untranslated,
DATA5.BIN#1218101,DATA5.BIN,1218101,菜单,のY稗),,untranslated,
DATA5.BIN#1225541,DATA5.BIN,1225541,菜单,",/睾6メ",,untranslated,
DATA5.BIN#1233026,DATA5.BIN,1233026,菜单,柾}ャ4$!,,untranslated,
DATA5.BIN#1238271,DATA5.BIN,1238271,菜单,鄧9リj1,,untranslated,
DATA5.BIN#1251800,DATA5.BIN,1251800,菜单,")ウ
献@",,untranslated,
DATA5.BIN#1269351,DATA5.BIN,1269351,菜单,aぅ安@,,untranslated,
DATA5.BIN#1284096,DATA5.BIN,1284096,菜单,た喃ЕD 罔,,untranslated,
DATA5.BIN#1292198,DATA5.BIN,1292198,菜单,ブ儻〝A,,untranslated,
DATA5.BIN#1293063,DATA5.BIN,1293063,菜单,髱アm@=0,,untranslated,
DATA5.BIN#1313413,DATA5.BIN,1313413,菜单,ぢ %5ラ,,untranslated,
DATA5.BIN#1318463,DATA5.BIN,1318463,菜单,"甥Iぃ`.!""e",,untranslated,
DATA5.BIN#1356008,DATA5.BIN,1356008,菜单,帆!ァ(≡,,untranslated,
DATA5.BIN#1357613,DATA5.BIN,1357613,菜单,伍[耘1め鏐,,untranslated,
DATA5.BIN#1377823,DATA5.BIN,1377823,菜单,の$%改,,untranslated,
DATA5.BIN#1416691,DATA5.BIN,1416691,菜单,ピ暁閉',,untranslated,
DATA5.BIN#1472450,DATA5.BIN,1472450,菜单,+旭@ぶ,,untranslated,
DATA5.BIN#1474681,DATA5.BIN,1474681,菜单,)@?ァ霜,,untranslated,
DATA5.BIN#1476095,DATA5.BIN,1476095,菜单,ｄ\リ鴨s,,untranslated,
DATA5.BIN#1489639,DATA5.BIN,1489639,菜单,9y菱忘マ刧椅,,untranslated,
DATA5.BIN#1494304,DATA5.BIN,1494304,菜单,ぜ<S@汕,,untranslated,
DATA5.BIN#1513387,DATA5.BIN,1513387,菜单,御-ん6,,untranslated,
DATA5.BIN#1528907,DATA5.BIN,1528907,菜单,$墾!/ゑ)i D,,untranslated,
DATA5.BIN#1529505,DATA5.BIN,1529505,菜单,畛碚ふR,,untranslated,
DATA5.BIN#1560776,DATA5.BIN,1560776,菜单,おばあちゃんの手紙,,untranslated,
DATA5.BIN#1560800,DATA5.BIN,1560800,菜单,揺れる想い,,untranslated,
DATA5.BIN#1560816,DATA5.BIN,1560816,菜单,朝、学校で,,untranslated,
DATA5.BIN#1560832,DATA5.BIN,1560832,菜单,元気になれそう,,untranslated,
DATA5.BIN#1560848,DATA5.BIN,1560848,菜单,おばあちゃんが天国に…,,untranslated,
DATA5.BIN#1560872,DATA5.BIN,1560872,菜单,おばあちゃんが病気に…,,untranslated,
DATA5.BIN#1560896,DATA5.BIN,1560896,菜单,おばあちゃんの思い出話,,untranslated,
DATA5.BIN#1560920,DATA5.BIN,1560920,菜单,困ったうわさ,,untranslated,
DATA5.BIN#1560936,DATA5.BIN,1560936,菜单,おばあちゃんとお茶のみ,,untranslated,
DATA5.BIN#1560960,DATA5.BIN,1560960,对话,放課後、おばあちゃんのお店で,,untranslated,
DATA5.BIN#1560992,DATA5.BIN,1560992,菜单,駄菓子屋さんの話,,untranslated,
DATA5.BIN#1561048,DATA5.BIN,1561048,菜单,縁日でかずみとバッタリ！,,untranslated,
DATA5.BIN#1561080,DATA5.BIN,1561080,菜单,縁日でちとせとバッタリ！,,untranslated,
DATA5.BIN#1561112,DATA5.BIN,1561112,对话,花火大会でかずみとバッタリ！,,untranslated,
DATA5.BIN#1561144,DATA5.BIN,1561144,对话,花火大会でちとせとバッタリ！,,untranslated,
DATA5.BIN#1561176,DATA5.BIN,1561176,对话,修学旅行、夜景を見ながら…,,untranslated,
DATA5.BIN#1561256,DATA5.BIN,1561256,菜单,わたしの誕生日,,untranslated,
DATA5.BIN#1561272,DATA5.BIN,1561272,菜单,お誕生日おめでとう,,untranslated,
DATA5.BIN#1561296,DATA5.BIN,1561296,菜单,バレンタインデー,,untranslated,
DATA5.BIN#1561320,DATA5.BIN,1561320,菜单,二人で初詣,,untranslated,
DATA5.BIN#1561336,DATA5.BIN,1561336,菜单,二人きりのクリスマス,,untranslated,
DATA5.BIN#1561360,DATA5.BIN,1561360,对话,クリスマス、パーティーの後で,,untranslated,
DATA5.BIN#1561392,DATA5.BIN,1561392,对话,クリスマス、パーティー会場で,,untranslated,
DATA5.BIN#1561424,DATA5.BIN,1561424,菜单,ボーリング場で,,untranslated,
DATA5.BIN#1561440,DATA5.BIN,1561440,菜单,動物園で,,untranslated,
DATA5.BIN#1561456,DATA5.BIN,1561456,菜单,ゲームショウで,,untranslated,
DATA5.BIN#1561472,DATA5.BIN,1561472,菜单,スキー場で,,untranslated,
DATA5.BIN#1561496,DATA5.BIN,1561496,菜单,山の湖で,,untranslated,
DATA5.BIN#1561512,DATA5.BIN,1561512,菜单,山の牧場で,,untranslated,
DATA5.BIN#1561536,DATA5.BIN,1561536,菜单,遊園地で,,untranslated,
DATA5.BIN#1561552,DATA5.BIN,1561552,菜单,遊覧船室内で,,untranslated,
DATA5.BIN#1561568,DATA5.BIN,1561568,菜单,遊覧船デッキで,,untranslated,
DATA5.BIN#1561584,DATA5.BIN,1561584,菜单,スタジアムで,,untranslated,
DATA5.BIN#1561600,DATA5.BIN,1561600,菜单,室内プールで,,untranslated,
DATA5.BIN#1561616,DATA5.BIN,1561616,菜单,水族館で,,untranslated,
DATA5.BIN#1561632,DATA5.BIN,1561632,菜单,美術館で,,untranslated,
DATA5.BIN#1561648,DATA5.BIN,1561648,菜单,スケート場で,,untranslated,
DATA5.BIN#1561664,DATA5.BIN,1561664,菜单,電気街で,,untranslated,
DATA5.BIN#1561680,DATA5.BIN,1561680,菜单,プラネタリウムで,,untranslated,
DATA5.BIN#1561704,DATA5.BIN,1561704,菜单,小劇場で,,untranslated,
DATA5.BIN#1561720,DATA5.BIN,1561720,菜单,コンサート会場で,,untranslated,
DATA5.BIN#1561744,DATA5.BIN,1561744,菜单,映画館で,,untranslated,
DATA5.BIN#1561760,DATA5.BIN,1561760,菜单,ゲームセンターで,,untranslated,
DATA5.BIN#1561784,DATA5.BIN,1561784,菜单,展望台で,,untranslated,
DATA5.BIN#1561800,DATA5.BIN,1561800,菜单,桜並木で,,untranslated,
DATA5.BIN#1561816,DATA5.BIN,1561816,菜单,ブティックで,,untranslated,
DATA5.BIN#1561832,DATA5.BIN,1561832,菜单,植物園で,,untranslated,
DATA5.BIN#1561848,DATA5.BIN,1561848,菜单,マリンブリッジで,,untranslated,
DATA5.BIN#1561880,DATA5.BIN,1561880,菜单,ファンシーショップで,,untranslated,
DATA5.BIN#1561904,DATA5.BIN,1561904,菜单,ペットショップで,,untranslated,
DATA5.BIN#1561928,DATA5.BIN,1561928,菜单,カラオケ店で,,untranslated,
DATA5.BIN#1561944,DATA5.BIN,1561944,菜单,河川敷公園で,,untranslated,
DATA5.BIN#1561960,DATA5.BIN,1561960,对话,ちょっと落ち込んじゃった…,,untranslated,
DATA5.BIN#1561992,DATA5.BIN,1561992,菜单,ちょっとドキドキ,,untranslated,
DATA5.BIN#1562016,DATA5.BIN,1562016,菜单,疲れちゃった一日,,untranslated,
DATA5.BIN#1562040,DATA5.BIN,1562040,菜单,ちょっと疲れちゃった一日,,untranslated,
DATA5.BIN#1562072,DATA5.BIN,1562072,菜单,楽しかった一日,,untranslated,
DATA5.BIN#1562088,DATA5.BIN,1562088,菜单,とっても楽しかった一日,,untranslated,
DATA5.BIN#1562112,DATA5.BIN,1562112,菜单,初めて二人で…,,untranslated,
DATA5.BIN#1562128,DATA5.BIN,1562128,菜单,ありがとう、ふりくたー…,,untranslated,
DATA5.BIN#1562160,DATA5.BIN,1562160,菜单,ヘンな犬のこと,,untranslated,
DATA5.BIN#1562176,DATA5.BIN,1562176,对话,どうしてうまくいかないんだろう,,untranslated,
DATA5.BIN#1562208,DATA5.BIN,1562208,对话,ふりくたーのこと思い出して…,,untranslated,
DATA5.BIN#1562240,DATA5.BIN,1562240,菜单,ふりくたーを見せちゃった,,untranslated,
DATA5.BIN#1562320,DATA5.BIN,1562320,菜单,充実した一日,,untranslated,
DATA5.BIN#1562336,DATA5.BIN,1562336,菜单,ファーストコンタクト,,untranslated,
DATA5.BIN#1562360,DATA5.BIN,1562360,菜单,見つかっちゃった,,untranslated,
DATA5.BIN#1562384,DATA5.BIN,1562384,菜单,縁日でちいちゃんが…,,untranslated,
DATA5.BIN#1562408,DATA5.BIN,1562408,菜单,縁日で万里ちゃんが…,,untranslated,
DATA5.BIN#1562432,DATA5.BIN,1562432,菜单,花火大会でちぃちゃんが…,,untranslated,
DATA5.BIN#1562464,DATA5.BIN,1562464,菜单,花火大会で万里ちゃんが…,,untranslated,
DATA5.BIN#1562496,DATA5.BIN,1562496,菜单,今日から修学旅行,,untranslated,
DATA5.BIN#1562520,DATA5.BIN,1562520,菜单,お誕生日おめでと,,untranslated,
DATA5.BIN#1562544,DATA5.BIN,1562544,菜单,一緒に初詣,,untranslated,
DATA5.BIN#1562560,DATA5.BIN,1562560,菜单,二人きりでクリスマス,,untranslated,
DATA5.BIN#1562584,DATA5.BIN,1562584,菜单,未来都市ショウで,,untranslated,
DATA5.BIN#1562608,DATA5.BIN,1562608,菜单,同人誌即売会で,,untranslated,
DATA5.BIN#1562656,DATA5.BIN,1562656,菜单,遊覧船で,,untranslated,
DATA5.BIN#1562672,DATA5.BIN,1562672,菜单,プールで,,untranslated,
DATA5.BIN#1562688,DATA5.BIN,1562688,菜单,デパートで,,untranslated,
DATA5.BIN#1562704,DATA5.BIN,1562704,菜单,カラオケハウスで,,untranslated,
DATA5.BIN#1562728,DATA5.BIN,1562728,菜单,並木道で,,untranslated,
DATA5.BIN#1562752,DATA5.BIN,1562752,菜单,この気持ちって…,,untranslated,
DATA5.BIN#1562776,DATA5.BIN,1562776,菜单,つまんなかった一日,,untranslated,
DATA5.BIN#1562800,DATA5.BIN,1562800,对话,ちょっとつまんなかった一日,,untranslated,
DATA5.BIN#1562832,DATA5.BIN,1562832,菜单,わりと楽しかった一日,,untranslated,
DATA5.BIN#1562856,DATA5.BIN,1562856,菜单,初めて一緒に…,,untranslated,
DATA5.BIN#1562872,DATA5.BIN,1562872,菜单,山の思い出…,,untranslated,
DATA5.BIN#1562888,DATA5.BIN,1562888,菜单,お話になりませんわね,,untranslated,
DATA5.BIN#1562912,DATA5.BIN,1562912,菜单,放課後、校舎裏で,,untranslated,
DATA5.BIN#1562936,DATA5.BIN,1562936,菜单,コンクールを終えて,,untranslated,
DATA5.BIN#1562960,DATA5.BIN,1562960,菜单,演劇コンクール当日,,untranslated,
DATA5.BIN#1562984,DATA5.BIN,1562984,菜单,コンクール前夜,,untranslated,
DATA5.BIN#1563008,DATA5.BIN,1563008,菜单,演劇コンクールの主役,,untranslated,
DATA5.BIN#1563032,DATA5.BIN,1563032,菜单,放課後、再び校舎裏で,,untranslated,
DATA5.BIN#1563056,DATA5.BIN,1563056,菜单,放課後、校門にて,,untranslated,
DATA5.BIN#1563080,DATA5.BIN,1563080,菜单,全くなってないわ,,untranslated,
DATA5.BIN#1563104,DATA5.BIN,1563104,菜单,縁日で理佳と…,,untranslated,
DATA5.BIN#1563120,DATA5.BIN,1563120,菜单,花火大会で理佳と…,,untranslated,
DATA5.BIN#1563160,DATA5.BIN,1563160,菜单,二人で初詣に…,,untranslated,
DATA5.BIN#1563176,DATA5.BIN,1563176,菜单,二人きりでクリスマスを…,,untranslated,
DATA5.BIN#1563208,DATA5.BIN,1563208,对话,クリスマス、パーティー会場にて,,untranslated,
DATA5.BIN#1563240,DATA5.BIN,1563240,菜单,動物園にて,,untranslated,
DATA5.BIN#1563264,DATA5.BIN,1563264,菜单,遊園地にて,,untranslated,
DATA5.BIN#1563280,DATA5.BIN,1563280,菜单,未来都市ショウにて,,untranslated,
DATA5.BIN#1563304,DATA5.BIN,1563304,菜单,ゲームショウにて,,untranslated,
DATA5.BIN#1563328,DATA5.BIN,1563328,菜单,スキー場にて,,untranslated,
DATA5.BIN#1563360,DATA5.BIN,1563360,菜单,牧場にて,,untranslated,
DATA5.BIN#1563376,DATA5.BIN,1563376,菜单,プラネタリウムにて,,untranslated,
DATA5.BIN#1563400,DATA5.BIN,1563400,菜单,小劇場にて,,untranslated,
DATA5.BIN#1563416,DATA5.BIN,1563416,菜单,コンサートにて,,untranslated,
DATA5.BIN#1563432,DATA5.BIN,1563432,菜单,コンサート会場にて,,untranslated,
DATA5.BIN#1563456,DATA5.BIN,1563456,菜单,映画館にて,,untranslated,
DATA5.BIN#1563472,DATA5.BIN,1563472,菜单,遊覧船にて,,untranslated,
DATA5.BIN#1563488,DATA5.BIN,1563488,菜单,スタジアムにて,,untranslated,
DATA5.BIN#1563504,DATA5.BIN,1563504,菜单,水族館にて,,untranslated,
DATA5.BIN#1563520,DATA5.BIN,1563520,菜单,美術館にて,,untranslated,
DATA5.BIN#1563536,DATA5.BIN,1563536,菜单,スケート場にて,,untranslated,
DATA5.BIN#1563552,DATA5.BIN,1563552,菜单,ボーリング場にて,,untranslated,
DATA5.BIN#1563576,DATA5.BIN,1563576,菜单,電気街にて,,untranslated,
DATA5.BIN#1563592,DATA5.BIN,1563592,菜单,デパートにて,,untranslated,
DATA5.BIN#1563608,DATA5.BIN,1563608,菜单,植物園にて,,untranslated,
DATA5.BIN#1563624,DATA5.BIN,1563624,菜单,マリンブリッジにて,,untranslated,
DATA5.BIN#1563648,DATA5.BIN,1563648,菜单,神社にて,,untranslated,
DATA5.BIN#1563664,DATA5.BIN,1563664,菜单,ゲームセンターにて,,untranslated,
DATA5.BIN#1563688,DATA5.BIN,1563688,菜单,カラオケハウスにて,,untranslated,
DATA5.BIN#1563712,DATA5.BIN,1563712,菜单,ファンシーショップにて,,untranslated,
DATA5.BIN#1563736,DATA5.BIN,1563736,菜单,ペットショップにて,,untranslated,
DATA5.BIN#1563760,DATA5.BIN,1563760,菜单,並木道にて,,untranslated,
DATA5.BIN#1563776,DATA5.BIN,1563776,菜单,展望台にて,,untranslated,
DATA5.BIN#1563792,DATA5.BIN,1563792,菜单,河川敷公園にて,,untranslated,
DATA5.BIN#1563808,DATA5.BIN,1563808,对话,この胸の痛みはなんなのかしら…,,untranslated,
DATA5.BIN#1563840,DATA5.BIN,1563840,对话,この気持ちはなんなのかしら…,,untranslated,
DATA5.BIN#1563872,DATA5.BIN,1563872,菜单,全く時間の無駄だったわね,,untranslated,
DATA5.BIN#1563904,DATA5.BIN,1563904,菜单,つまらない一日だったわ,,untranslated,
DATA5.BIN#1563928,DATA5.BIN,1563928,对话,もう少し努力していただきたいわ,,untranslated,
DATA5.BIN#1563960,DATA5.BIN,1563960,对话,あの方と過ごした優雅なひととき…,,untranslated,
DATA5.BIN#1564000,DATA5.BIN,1564000,对话,初めて一緒にお出かけして…,,untranslated,
DATA5.BIN#1564032,DATA5.BIN,1564032,菜单,夏といえば海！,,untranslated,
DATA5.BIN#1564048,DATA5.BIN,1564048,菜单,ベストフレンズ,,untranslated,
DATA5.BIN#1564064,DATA5.BIN,1564064,菜单,戸惑う心,,untranslated,
DATA5.BIN#1564080,DATA5.BIN,1564080,菜单,まだ実感できないけど…,,untranslated,
DATA5.BIN#1564104,DATA5.BIN,1564104,菜单,ごめんな…,,untranslated,
DATA5.BIN#1564120,DATA5.BIN,1564120,菜单,まずいトコ見られたかな…,,untranslated,
DATA5.BIN#1564152,DATA5.BIN,1564152,菜单,本当はどうしたいんやろ？,,untranslated,
DATA5.BIN#1564184,DATA5.BIN,1564184,菜单,ありがと…,,untranslated,
DATA5.BIN#1564200,DATA5.BIN,1564200,菜单,バッチリチェックやねん！,,untranslated,
DATA5.BIN#1564232,DATA5.BIN,1564232,对话,も～、めっちゃハズカシ～！！,,untranslated,
DATA5.BIN#1564264,DATA5.BIN,1564264,菜单,も～、ハズカシ～！！,,untranslated,
DATA5.BIN#1564288,DATA5.BIN,1564288,对话,夢やから、あきらめたくないねん,,untranslated,
DATA5.BIN#1564320,DATA5.BIN,1564320,菜单,うち、結構本気やねん,,untranslated,
DATA5.BIN#1564344,DATA5.BIN,1564344,菜单,真面目に？お勉強,,untranslated,
DATA5.BIN#1564368,DATA5.BIN,1564368,菜单,英語好きの秘密,,untranslated,
DATA5.BIN#1564384,DATA5.BIN,1564384,菜单,ビックリしたなぁ～,,untranslated,
DATA5.BIN#1564408,DATA5.BIN,1564408,菜单,放課後、放送部室で,,untranslated,
DATA5.BIN#1564432,DATA5.BIN,1564432,对话,なんや、ゆっこの知り合いやったんか,,untranslated,
DATA5.BIN#1564472,DATA5.BIN,1564472,菜单,続・気になるあいつ,,untranslated,
DATA5.BIN#1564496,DATA5.BIN,1564496,菜单,気になるあいつ,,untranslated,
DATA5.BIN#1564512,DATA5.BIN,1564512,菜单,今日から修学旅行！,,untranslated,
DATA5.BIN#1564536,DATA5.BIN,1564536,菜单,エイプリルフール,,untranslated,
DATA5.BIN#1564560,DATA5.BIN,1564560,菜单,うちの誕生日,,untranslated,
DATA5.BIN#1564576,DATA5.BIN,1564576,菜单,ハッピーバースデー！,,untranslated,
DATA5.BIN#1564600,DATA5.BIN,1564600,菜单,ホワイトデー,,untranslated,
DATA5.BIN#1564616,DATA5.BIN,1564616,菜单,花火大会で理佳と鉢合わせ,,untranslated,
DATA5.BIN#1564648,DATA5.BIN,1564648,对话,花火大会でゆっこと鉢合わせ,,untranslated,
DATA5.BIN#1564680,DATA5.BIN,1564680,菜单,縁日で理佳と鉢合わせ,,untranslated,
DATA5.BIN#1564704,DATA5.BIN,1564704,菜单,縁日でゆっこと鉢合わせ,,untranslated,
DATA5.BIN#1564736,DATA5.BIN,1564736,菜单,クラス発表の日に,,untranslated,
DATA5.BIN#1564760,DATA5.BIN,1564760,菜单,イベント会場で,,untranslated,
DATA5.BIN#1564776,DATA5.BIN,1564776,菜单,めっちゃブルーやねん…,,untranslated,
DATA5.BIN#1564800,DATA5.BIN,1564800,对话,なんでこんなに寂しいんやろ？,,untranslated,
DATA5.BIN#1564832,DATA5.BIN,1564832,菜单,めっちゃムカついた一日,,untranslated,
DATA5.BIN#1564856,DATA5.BIN,1564856,菜单,イマイチな一日,,untranslated,
DATA5.BIN#1564872,DATA5.BIN,1564872,菜单,結構イケてた一日,,untranslated,
DATA5.BIN#1564896,DATA5.BIN,1564896,菜单,バッチリイケてた一日,,untranslated,
DATA5.BIN#1564920,DATA5.BIN,1564920,对话,ファーストインプレッション,,untranslated,
DATA5.BIN#1564952,DATA5.BIN,1564952,菜单,ありがとう矢部くん,,untranslated,
DATA5.BIN#1564976,DATA5.BIN,1564976,菜单,ありがとう白鳥くん,,untranslated,
DATA5.BIN#1565000,DATA5.BIN,1565000,菜单,あなたがいれば…,,untranslated,
DATA5.BIN#1565024,DATA5.BIN,1565024,菜单,みんな、ありがとう…,,untranslated,
DATA5.BIN#1565048,DATA5.BIN,1565048,菜单,道場で一人きり…,,untranslated,
DATA5.BIN#1565104,DATA5.BIN,1565104,菜单,入院中のこと,,untranslated,
DATA5.BIN#1565120,DATA5.BIN,1565120,菜单,不注意でけがに…,,untranslated,
DATA5.BIN#1565144,DATA5.BIN,1565144,菜单,帰り道に後輩たちと,,untranslated,
DATA5.BIN#1565168,DATA5.BIN,1565168,菜单,道場で後輩たちと,,untranslated,
DATA5.BIN#1565192,DATA5.BIN,1565192,菜单,放課後、道場で,,untranslated,
DATA5.BIN#1565208,DATA5.BIN,1565208,菜单,いつもお会いする方,,untranslated,
DATA5.BIN#1565232,DATA5.BIN,1565232,菜单,朝のさわやかなひととき,,untranslated,
DATA5.BIN#1565256,DATA5.BIN,1565256,菜单,放課後、校門で,,untranslated,
DATA5.BIN#1565288,DATA5.BIN,1565288,菜单,修学旅行の初めに,,untranslated,
DATA5.BIN#1565312,DATA5.BIN,1565312,菜单,私の誕生日に,,untranslated,
DATA5.BIN#1565328,DATA5.BIN,1565328,对话,お誕生日おめでとうございます,,untranslated,
DATA5.BIN#1565360,DATA5.BIN,1565360,菜单,バレンタインの日,,untranslated,
DATA5.BIN#1565384,DATA5.BIN,1565384,菜单,クリスマスの夜を二人で…,,untranslated,
DATA5.BIN#1565416,DATA5.BIN,1565416,对话,クリスマス、パーティーの後に,,untranslated,
DATA5.BIN#1565448,DATA5.BIN,1565448,对话,花火大会の夜にかずみちゃんと…,,untranslated,
DATA5.BIN#1565480,DATA5.BIN,1565480,菜单,花火大会の夜に芹華と…,,untranslated,
DATA5.BIN#1565504,DATA5.BIN,1565504,对话,縁日の夜にかずみちゃんと…,,untranslated,
DATA5.BIN#1565536,DATA5.BIN,1565536,菜单,縁日の夜に芹華と…,,untranslated,
DATA5.BIN#1565560,DATA5.BIN,1565560,菜单,修学旅行、夜景を見ながら,,untranslated,
DATA5.BIN#1565592,DATA5.BIN,1565592,菜单,合宿所、肝試しの夜に,,untranslated,
DATA5.BIN#1565616,DATA5.BIN,1565616,菜单,イベント会場にて,,untranslated,
DATA5.BIN#1565640,DATA5.BIN,1565640,菜单,遊覧船室内にて,,untranslated,
DATA5.BIN#1565656,DATA5.BIN,1565656,菜单,遊覧船デッキにて,,untranslated,
DATA5.BIN#1565680,DATA5.BIN,1565680,菜单,プールにて,,untranslated,
DATA5.BIN#1565696,DATA5.BIN,1565696,菜单,カラオケ店にて,,untranslated,
DATA5.BIN#1565712,DATA5.BIN,1565712,菜单,桜並木にて,,untranslated,
DATA5.BIN#1565728,DATA5.BIN,1565728,菜单,もっとしっかりしなくちゃ,,untranslated,
DATA5.BIN#1565760,DATA5.BIN,1565760,对话,私、どうしてしまったのだろう…,,untranslated,
DATA5.BIN#1565792,DATA5.BIN,1565792,菜单,悲しかった一日,,untranslated,
DATA5.BIN#1565808,DATA5.BIN,1565808,菜单,反省した一日,,untranslated,
DATA5.BIN#1565824,DATA5.BIN,1565824,对话,楽しいひとときをありがとう,,untranslated,
DATA5.BIN#1565856,DATA5.BIN,1565856,对话,幸せなひとときをありがとう,,untranslated,
DATA5.BIN#1565888,DATA5.BIN,1565888,菜单,初めてご一緒して,,untranslated,
DATA5.BIN#1565912,DATA5.BIN,1565912,菜单,闘いの終わり,,untranslated,
DATA5.BIN#1565928,DATA5.BIN,1565928,菜单,海の思い出,,untranslated,
DATA5.BIN#1565944,DATA5.BIN,1565944,菜单,放課後、教室で,,untranslated,
DATA5.BIN#1565960,DATA5.BIN,1565960,菜单,放課後、廊下で,,untranslated,
DATA5.BIN#1565976,DATA5.BIN,1565976,菜单,放課後、学校で,,untranslated,
DATA5.BIN#1565992,DATA5.BIN,1565992,菜单,日当たりのいい屋上で,,untranslated,
DATA5.BIN#1566016,DATA5.BIN,1566016,菜单,修学旅行か…,,untranslated,
DATA5.BIN#1566032,DATA5.BIN,1566032,菜单,縁日で恵美と…,,untranslated,
DATA5.BIN#1566048,DATA5.BIN,1566048,菜单,花火大会で恵美と…,,untranslated,
DATA5.BIN#1566072,DATA5.BIN,1566072,菜单,あたしの誕生日,,untranslated,
DATA5.BIN#1566088,DATA5.BIN,1566088,菜单,誕生日おめでとう,,untranslated,
DATA5.BIN#1566112,DATA5.BIN,1566112,菜单,バレンタインデー…か,,untranslated,
DATA5.BIN#1566136,DATA5.BIN,1566136,菜单,クリスマスの夜、二人で,,untranslated,
DATA5.BIN#1566160,DATA5.BIN,1566160,菜单,コンサートで,,untranslated,
DATA5.BIN#1566176,DATA5.BIN,1566176,菜单,カラオケ屋で,,untranslated,
DATA5.BIN#1566192,DATA5.BIN,1566192,菜单,ベットショップで,,untranslated,
DATA5.BIN#1566216,DATA5.BIN,1566216,对话,どうしてこんなに悲しいんだ…,,untranslated,
DATA5.BIN#1566248,DATA5.BIN,1566248,对话,どうしてこんな気持ちになるんだ…,,untranslated,
DATA5.BIN#1566288,DATA5.BIN,1566288,菜单,退屈だった一日,,untranslated,
DATA5.BIN#1566304,DATA5.BIN,1566304,对话,ちょっとうんざりだった一日,,untranslated,
DATA5.BIN#1566336,DATA5.BIN,1566336,对话,こういうのも結構いいかもしれない,,untranslated,
DATA5.BIN#1566376,DATA5.BIN,1566376,对话,こんな気持ち、忘れていた…,,untranslated,
DATA5.BIN#1566408,DATA5.BIN,1566408,菜单,初めて遊びに行った,,untranslated,
DATA5.BIN#1566432,DATA5.BIN,1566432,菜单,遊園地って最高！,,untranslated,
DATA5.BIN#1566456,DATA5.BIN,1566456,菜单,ありがとう…,,untranslated,
DATA5.BIN#1566472,DATA5.BIN,1566472,菜单,元気、出さなきゃ,,untranslated,
DATA5.BIN#1566496,DATA5.BIN,1566496,菜单,夜、電話の前で…,,untranslated,
DATA5.BIN#1566520,DATA5.BIN,1566520,菜单,放課後、商店街で,,untranslated,
DATA5.BIN#1566544,DATA5.BIN,1566544,菜单,休日、出前のバイト中に,,untranslated,
DATA5.BIN#1566568,DATA5.BIN,1566568,菜单,あたしの誕生日！,,untranslated,
DATA5.BIN#1566592,DATA5.BIN,1566592,对话,今年もいい年でありますように,,untranslated,
DATA5.BIN#1566624,DATA5.BIN,1566624,菜单,今年はきっといい年だよね,,untranslated,
DATA5.BIN#1566656,DATA5.BIN,1566656,菜单,二人きりでクリスマス！,,untranslated,
DATA5.BIN#1566680,DATA5.BIN,1566680,对话,クリスマス、バイトが終わって,,untranslated,
DATA5.BIN#1566712,DATA5.BIN,1566712,对话,なんでこうなっちゃったんだろ…,,untranslated,
DATA5.BIN#1566744,DATA5.BIN,1566744,菜单,あたしの元気の素だもん,,untranslated,
DATA5.BIN#1566768,DATA5.BIN,1566768,对话,一緒にいると疲れちゃうな…,,untranslated,
DATA5.BIN#1566800,DATA5.BIN,1566800,对话,一緒にいるとちょっと疲れる,,untranslated,
DATA5.BIN#1566832,DATA5.BIN,1566832,对话,一緒にいるといい気分転換だね,,untranslated,
DATA5.BIN#1566864,DATA5.BIN,1566864,菜单,一緒にいると楽しいな,,untranslated,
DATA5.BIN#1566888,DATA5.BIN,1566888,菜单,初めて遊びに行ったんだ,,untranslated,
DATA5.BIN#1566912,DATA5.BIN,1566912,菜单,放課後、音楽室にて,,untranslated,
DATA5.BIN#1566936,DATA5.BIN,1566936,菜单,どうして？,,untranslated,
DATA5.BIN#1566952,DATA5.BIN,1566952,对话,せっかく忘れかけていたのに…,,untranslated,
DATA5.BIN#1566984,DATA5.BIN,1566984,菜单,あなたがいたから…,,untranslated,
DATA5.BIN#1567008,DATA5.BIN,1567008,对话,あなたにもう一度出会うために,,untranslated,
DATA5.BIN#1567040,DATA5.BIN,1567040,菜单,放課後、生徒会室で,,untranslated,
DATA5.BIN#1567064,DATA5.BIN,1567064,菜单,放課後、屋上で物思い,,untranslated,
DATA5.BIN#1567088,DATA5.BIN,1567088,菜单,新曲はどうでしたか？,,untranslated,
DATA5.BIN#1567112,DATA5.BIN,1567112,菜单,今のままの関係で…,,untranslated,
DATA5.BIN#1567136,DATA5.BIN,1567136,菜单,そんなこと聞かれても…,,untranslated,
DATA5.BIN#1567160,DATA5.BIN,1567160,菜单,なんだかもどかしい…,,untranslated,
DATA5.BIN#1567184,DATA5.BIN,1567184,菜单,もっとあなたを知りたいな,,untranslated,
DATA5.BIN#1567216,DATA5.BIN,1567216,菜单,ちょっとがっかり…,,untranslated,
DATA5.BIN#1567240,DATA5.BIN,1567240,菜单,最近、メールが楽しみ,,untranslated,
DATA5.BIN#1567264,DATA5.BIN,1567264,对话,いくらなんでもそれはちょっと…,,untranslated,
DATA5.BIN#1567296,DATA5.BIN,1567296,菜单,元気出さなきゃ,,untranslated,
DATA5.BIN#1567312,DATA5.BIN,1567312,菜单,辛い過去,,untranslated,
DATA5.BIN#1567328,DATA5.BIN,1567328,菜单,ページ荒らし,,untranslated,
DATA5.BIN#1567344,DATA5.BIN,1567344,对话,余計なこと書いちゃったかな,,untranslated,
DATA5.BIN#1567376,DATA5.BIN,1567376,菜单,手術のこと…,,untranslated,
DATA5.BIN#1567392,DATA5.BIN,1567392,菜单,なんだか不思議ね…,,untranslated,
DATA5.BIN#1567416,DATA5.BIN,1567416,菜单,日記の話題,,untranslated,
DATA5.BIN#1567432,DATA5.BIN,1567432,菜单,読書の話題,,untranslated,
DATA5.BIN#1567448,DATA5.BIN,1567448,菜单,メールありがとう,,untranslated,
DATA5.BIN#1567472,DATA5.BIN,1567472,菜单,クラシックの話題,,untranslated,
DATA5.BIN#1567496,DATA5.BIN,1567496,菜单,初めてメールをくれた人,,untranslated,
DATA5.BIN#1567520,DATA5.BIN,1567520,菜单,わたしの誕生日に,,untranslated,
DATA5.BIN#1567544,DATA5.BIN,1567544,菜单,どうしちゃったのかな…？,,untranslated,
DATA5.BIN#1567576,DATA5.BIN,1567576,对话,一日ってなんでこんなに短いんだろう？,,untranslated,
DATA5.BIN#1567616,DATA5.BIN,1567616,菜单,辛かった一日,,untranslated,
DATA5.BIN#1567632,DATA5.BIN,1567632,菜单,気疲れした一日,,untranslated,
DATA5.BIN#1567648,DATA5.BIN,1567648,菜单,気が合うのかな？,,untranslated,
DATA5.BIN#1567672,DATA5.BIN,1567672,菜单,時が経つのも忘れそう,,untranslated,
DATA5.BIN#1568646,DATA5.BIN,1568646,对话,"と一緒に遊びに行くのって
初めてだから、すごく緊張しちゃった。
でも、すっごく楽しかったな。
あんなに話が合うなんて思わなかったもん。
また一緒にどこかへ行きたいな。",,untranslated,
DATA5.BIN#1568822,DATA5.BIN,1568822,对话,"と一緒に遊びに行くのって、
初めてだからちょこっと緊張しちゃった。
それに少し不安もあったし…ね。
でも…うん、けっこう楽しかったな。
これだったら、またどこか一緒に
遊びに行ってもいいかな。",,untranslated,
DATA5.BIN#1569023,DATA5.BIN,1569023,对话,"と一緒に遊びに行くのって、
初めてだからちょこっと緊張しちゃった。
それに少し不安もあったし…ね。
でも…うん、まあまあ楽しめたかな？
初めてだから、まだ何とも言えないけど…",,untranslated,
DATA5.BIN#1569199,DATA5.BIN,1569199,对话,、そんなに悪い人じゃないみたい。,,untranslated,
DATA5.BIN#1569245,DATA5.BIN,1569245,对话,"と初めて二人っきりで会った…。
ちょっとドキドキしながら行ったんだけど、
なんか…話が合わなくて、正直
疲れちゃったな…。
でも…彼もわたしと初めて二人っきりで
話した訳だから…しょうがないのかな？
なんか…二人ともぎこちないって
感じだったよね…。",,untranslated,
DATA5.BIN#1569502,DATA5.BIN,1569502,对话,"と初めて二人っきりで会った。
わたし、始めは緊張してたんだけど、
話しているうちに、なんか会話がズレてきて…
つまんなく思えてきちゃったな。
…初めてだから、まだ何とも
言えないけど…",,untranslated,
DATA5.BIN#1569686,DATA5.BIN,1569686,对话,"とは
あんまり気が合わないみたい…。",,untranslated,
DATA5.BIN#1569735,DATA5.BIN,1569735,对话,"と一緒に遊びに行った。
彼と遊びに行くと本当に楽しいんだ。
話もバッチリ合うし、本当、時の経つのも
忘れちゃうくらいだよ。",,untranslated,
DATA5.BIN#1569860,DATA5.BIN,1569860,对话,"、またどこかに
誘ってくれないかな…？
なんて密かに期待しちゃったりして…。",,untranslated,
DATA5.BIN#1569948,DATA5.BIN,1569948,对话,"とは、やっぱり話が合うと思った。
だって、いろんな会話をしてても、
『わたしも同感！』って思うコトが
いっぱいあった。
こういうのって…いいよね。えへ。
気が合う人と遊びに行くのって
やっぱり楽しいな…。",,untranslated,
DATA5.BIN#1570166,DATA5.BIN,1570166,对话,"のこと、
イマイチ理解できないな…。
なんていうんだろ…
会話の接点がないっていうか…正直、
話してるとちょっと疲れちゃうんだよね。
せっかくのお休み、なんとか予定を作って
遊びに行ったのに…。
こんなことなら、他のこと
するんだったな…。",,untranslated,
DATA5.BIN#1570412,DATA5.BIN,1570412,对话,"の前では、ハッキリとは
言わなかったけど…
彼と話してるとすごく疲れちゃうんだよね。
改めてそう思ったな。
自分勝手なところとか…ワガママなところとか…
男の人ってみんなあんな感じなのかな…？
とにかく、彼とはあんまり合わないみたい。",,untranslated,
DATA5.BIN#1570649,DATA5.BIN,1570649,对话,"この気持ち…なんなんだろうって
最近思うことがよくあるんだ…。",,untranslated,
DATA5.BIN#1570716,DATA5.BIN,1570716,对话,"と会って、お話して、
すっごく楽しかったはずなのに、
なんだか胸が苦しくって…。
わたし、どうかしちゃったのかな…。",,untranslated,
DATA5.BIN#1570843,DATA5.BIN,1570843,对话,"、どうしちゃったんだろ…？
いつも彼と会うと、優しいし、
話をすると、すごく楽しいんだけど、
今日は…違う一面を見ちゃってかなり
ガッカリしちゃった。
ひょっとして、わたしに何か原因が
あるのかな…。
彼を怒らすようなこと、なにか言ったかな…。
ちょっと怖いけど、今度会ったら
思い切って聞いてみようかな…。
このままだとつらくて顔を合わせられないよ…。",,untranslated,
DATA5.BIN#1571196,DATA5.BIN,1571196,菜单,河川敷に,,untranslated,
DATA5.BIN#1571209,DATA5.BIN,1571209,菜单,と行った。,,untranslated,
DATA5.BIN#1571225,DATA5.BIN,1571225,对话,"、わたしのリボンを
似合うって言ってくれてうれしかったな…。
実は密かにお気に入りだったりするんだよね。",,untranslated,
DATA5.BIN#1571341,DATA5.BIN,1571341,对话,"に誘われて河川敷を
散歩したけど…
もう失礼しちゃう！
わたしが『縁側でひなたぼっこするのって
気持ちいいよね』って言ったら、
『年寄りじゃないんだからさ』だって…。
思わずむっとしちゃった。
それってお年寄りの人をバカにしてる
感じがするもん。",,untranslated,
DATA5.BIN#1571585,DATA5.BIN,1571585,对话,"、お年寄りって
好きじゃないのかな…。",,untranslated,
DATA5.BIN#1571631,DATA5.BIN,1571631,对话,"かなり落ち込んじゃったな。
だって、カラオケ店に",,untranslated,
DATA5.BIN#1571683,DATA5.BIN,1571683,对话,"と
一緒に行ったら、わたしの歌を
鐘ひとつだって言うんだもん…。
本気か冗談かはわからないけど…
わたしってそんなにオンチなのかなぁ…
すごくショック……。",,untranslated,
DATA5.BIN#1571843,DATA5.BIN,1571843,菜单,とっても嬉しかったな…。,,untranslated,
DATA5.BIN#1571873,DATA5.BIN,1571873,对话,"と一緒にカラオケ店に行った。
いっぱい歌って、さあ帰りましょうってなったら",,untranslated,
DATA5.BIN#1571952,DATA5.BIN,1571952,对话,"、お金は全部払うって言った。
もちろん、わたしだって楽しんだし、
お金は半々で払うものだと思ってたからビックリ。
もちろん、わたしもお金出したけど、
カラオケ店から出てきて、歩いてる時、
彼の後ろ姿を見てたら、頼もしいな…なんて、
ちょっと思っちゃった。",,untranslated,
DATA5.BIN#1572209,DATA5.BIN,1572209,菜单,もう最悪。,,untranslated,
DATA5.BIN#1572225,DATA5.BIN,1572225,对话,"とペットショップに行ったのは
いいんだけど、",,untranslated,
DATA5.BIN#1572273,DATA5.BIN,1572273,对话,"ったら
あんなにかわいらしい
ハムスターとかリスをおいしそうだって。
冗談で言ったと思うんだけど、
正直、引いちゃったな…。
彼の冗談って、度が過ぎてるところってあると思う。",,untranslated,
DATA5.BIN#1572456,DATA5.BIN,1572456,对话,"と一緒にペットショップで
動物をちょっと見てたんだけど…
小動物ってほんとかわいいよね。",,untranslated,
DATA5.BIN#1572548,DATA5.BIN,1572548,对话,"もそう思ってたみたいで
うれしかった。
動物を愛する人に悪い人はいないって
よく言うしね。",,untranslated,
DATA5.BIN#1572644,DATA5.BIN,1572644,菜单,わたしって,,untranslated,
DATA5.BIN#1572659,DATA5.BIN,1572659,对话,"に
どういう風に見られてるのかな…。
彼と一緒にファンシーショップに行ったら、
知らないアニメのキャラの
文房具セットをあげるって言うんだもん。
気持ちはうれしかったけど…
もう少し考えてほしいな。
わたしってそんなに子供っぽく、
見られてるのかな…？",,untranslated,
DATA5.BIN#1572917,DATA5.BIN,1572917,对话,"と一緒に
ファンシーショップに行った。
わたし、アクセサリーって買ったことないから、
ちょっと勇気を出して",,untranslated,
DATA5.BIN#1573025,DATA5.BIN,1573025,对话,"に
聞いてみたんだ。
わたしだったらどんなアクセサリーが
似合うと思うかって…。
そしたら",,untranslated,
DATA5.BIN#1573116,DATA5.BIN,1573116,对话,"、
わたし自身輝いてるから必要ない…だって。
お世辞かも知れないけど…うれしかったな。
でも……他の子にもあんなキザなことを
言ってるのかな…。
言ってたら…ちょっと寒いかも……。",,untranslated,
DATA5.BIN#1573305,DATA5.BIN,1573305,对话,"に誘われて
初めてフリーマーケットに行ったんだけど…
なんか疲れちゃったな。
だって、売られているいろんな物を見て
がらくたって",,untranslated,
DATA5.BIN#1573434,DATA5.BIN,1573434,对话,"言うんだもん。
出店してた人が、それを聞いて
わたしたちをちょっとにらんでた……。
も～、すごく恥ずかしかった～…。
常識のない人ってちょっと嫌だな……。",,untranslated,
DATA5.BIN#1573593,DATA5.BIN,1573593,菜单,フリーマーケットに,,untranslated,
DATA5.BIN#1573616,DATA5.BIN,1573616,对话,"とまた行った。
わたしがお菓子作りの本を見つけて喜んでたら、
彼はわたしに将来お菓子職人になるの？
って聞いてきたんだけど…。
ちょっと違うんだ。
お菓子職人も憧れるけど、
困ってる人を助けてあげられるような
仕事に就きたいって最近思うの。
どっちにしろ、目指す進路に行くためには
勉強あるのみ、だけどね。",,untranslated,
DATA5.BIN#1573927,DATA5.BIN,1573927,对话,"と一緒にマリンブリッジに行った。
あそこって、ほんと景色いいよね。",,untranslated,
DATA5.BIN#1573998,DATA5.BIN,1573998,对话,"は写真に残しておきたい景色だって
言ってたけど、わたしはその反対。
きれいな景色は写真にするより、
心の中にとどめておきたいんだ。
そう話したら、",,untranslated,
DATA5.BIN#1574145,DATA5.BIN,1574145,对话,"も
『想い出は色あせないからね』って
言ってくれた。
ちょっと冒険した言葉だったんだけど…
理解してもらえてうれしかったな…。",,untranslated,
DATA5.BIN#1574281,DATA5.BIN,1574281,对话,"とマリンブリッジに行った。
あそこから見える景色、
すっごくキレイで感動しちゃったな…。
でもそれ以上に",,untranslated,
DATA5.BIN#1574387,DATA5.BIN,1574387,对话,"の言葉に
感動しちゃった。
夕日を見てると、明日もがんばろうって
気持ちになれる、か。",,untranslated,
DATA5.BIN#1574476,DATA5.BIN,1574476,对话,"って前向きな人なんだね。
わたしも見習って、
もっと前向きにがんばらなきゃ！",,untranslated,
DATA5.BIN#1574559,DATA5.BIN,1574559,对话,もー、すっごく恥ずかしかった…。,,untranslated,
DATA5.BIN#1574597,DATA5.BIN,1574597,对话,"と一緒に植物園に行ったんだけど、
わたしといるから余計にホッとするって
彼が言ったのを聞いて、
思わず顔が真っ赤になっちゃった。
友達から恋人に変わる境目、それは
一緒にいてホッと心が安らぎ始めるのに
どちらかが気づいた時…って
雑誌に載ってたのを思い出しちゃって。",,untranslated,
DATA5.BIN#1574862,DATA5.BIN,1574862,对话,"はどういう意味でわたしといると
ホッとするって言ったんだろ…？
すごく気になるな……。",,untranslated,
DATA5.BIN#1574955,DATA5.BIN,1574955,对话,もー、幻滅って感じだったな…。,,untranslated,
DATA5.BIN#1574991,DATA5.BIN,1574991,对话,"と一緒に植物園行ったのは
いいんだけど…
彼ったら、建物の中が暑いからって
服を脱ぐように勧めるんだもん…。
いくらわたしだって、下心が
見え見えって感じで…ちょっと引いちゃった。
せっかくきれいなお花が見られて楽しかったのに、
あんなこと言ってほしくなかった…。",,untranslated,
DATA5.BIN#1575262,DATA5.BIN,1575262,对话,"と一緒に公園でお話をした。
いろんな話をして盛り上がったけど、
今は夏だし、暑いから、
氷菓子の中ではどれが好きって聞いたの。
そしたら…なんと答えはかち割り！
もう、すっごくうれしかったよ。",,untranslated,
DATA5.BIN#1575455,DATA5.BIN,1575455,对话,"、高校野球を良く見てるんだね。
もちろんわたしも大好き。
もしかしたら、わたしたち、
けっこう話が合うかもしれないな。",,untranslated,
DATA5.BIN#1575584,DATA5.BIN,1575584,对话,"と一緒にカラオケ屋さんに行った。
いっぱい歌って大満足だったのは、いいんだけど…
お金はわたしが全額払うんじゃないの？って
言われた時、実はちょっとショックだったの…。
だって、半々ならまだいいとは思うけど…
女の子に全額払わせるんだもん。
でも、今考えてみると…",,untranslated,
DATA5.BIN#1575848,DATA5.BIN,1575848,对话,"、お金に困ってたのかもしれないな。
それでもわたしと一緒に
カラオケしたかったんだよね。
うん、そう信じたい…。",,untranslated,
DATA5.BIN#1575966,DATA5.BIN,1575966,菜单,ブティックに,,untranslated,
DATA5.BIN#1575983,DATA5.BIN,1575983,对话,"と一緒に
お買い物へ行ったんだけど…
わたしに似合う色を聞いたら
『地味なこげ茶』だって。
私のこと、そんな風に思ってたんだ…。
ちょっとショックだな…。
確かに、わたしって派手じゃないかも
知れないけど…だからって地味はないよね。
それとも…本当にこげ茶が似合うと思って
言ったのかな…？",,untranslated,
DATA5.BIN#1576273,DATA5.BIN,1576273,对话,"もうあったま来ちゃう！
だって",,untranslated,
DATA5.BIN#1576307,DATA5.BIN,1576307,对话,"、わたしがブティックの
試着室で着替えようとしてたら
中に入ろうとしてきたの！
『べ、別にのぞこうとしてたわけじゃないよ！』
なんて、言い訳してたけど…
でも、声が震えてるんだもん。
焦ってるのがバレバレって感じだった…。",,untranslated,
DATA5.BIN#1576537,DATA5.BIN,1576537,对话,"と桜並木を見に行った。
やっぱり、桜の下で食べるお弁当は
手作りのお弁当が一番だよね。
でも",,untranslated,
DATA5.BIN#1576631,DATA5.BIN,1576631,对话,"ったら
コンビニのお弁当でもいいよ、
みたいなコト言うんだもん。
なんかガッカリしちゃったな…。
確かにコンビニのお弁当もそれはそれで
おいしいとは思うの…。
でも…やっぱり、お世辞でも
わたしの手作りお弁当を
食べたいって言ってほしかったな。",,untranslated,
DATA5.BIN#1576881,DATA5.BIN,1576881,对话,"はロマンチックなものって
あまり興味がないみたい…。
だって、丘の上公園の展望台で
マリンブリッジを見ながら
夜になったらライトアップして
素敵なんだろうな…って言ったら、
そんなたいしたものかな？　なんて
返事するんだもん。
クラスの女の子に人気の白鳥くんだったら
そういう時は、『うん、そうだね』
って優しく言うと思うんだ。
だから思わず白鳥くんの名前を
出しちゃったけれど、
別にたいした意味はなかったんだよ。",,untranslated,
DATA5.BIN#1577290,DATA5.BIN,1577290,对话,、変に勘ぐりしてないかな…。,,untranslated,
DATA5.BIN#1577332,DATA5.BIN,1577332,对话,"とゲームセンターに行ったら
かずみがアルバイトしててビックリ！
かずみって本当にいろんな所で働いてるよね。
挨拶しに行こうと思ったら、",,untranslated,
DATA5.BIN#1577469,DATA5.BIN,1577469,对话,"が、急にお腹痛いって言い出して…。
そのままお店を出て来ちゃった。
かずみに挨拶できなかったのは残念だけど、",,untranslated,
DATA5.BIN#1577581,DATA5.BIN,1577581,对话,"の具合が心配だったし、
またあのお店に行けば会えるもんね。
結局、外に出てしばらくしたら
お腹も治ったみたい。",,untranslated,
DATA5.BIN#1577839,DATA5.BIN,1577839,对话,"、妙に慌てちゃって
急用を思い出したから帰る、だって。",,untranslated,
DATA5.BIN#1577898,DATA5.BIN,1577898,对话,"、わたしと一緒にいるところを
かずみに見られたくなかったんだね。
いくら鈍感なわたしだってわかるよ。
二人ってけっこう仲がいいのかな？",,untranslated,
DATA5.BIN#1578043,DATA5.BIN,1578043,对话,"とゲームセンターに行った。
でも、行かなきゃよかったな……。
ゲームセンターでぬいぐるみを取ってる
男の人ってよく見るから、
ああいう人たちはぬいぐるみをどうするのかなって
何気なく",,untranslated,
DATA5.BIN#1578225,DATA5.BIN,1578225,对话,"に聞いてみたら、
『オレの部屋にもゴロゴロしてるよ』
だって。
ちょっと…想像したくない…。
そんな人だとは思っても見なかった。",,untranslated,
DATA5.BIN#1578363,DATA5.BIN,1578363,对话,"とゲームセンターに行ったまでは
よかったんだけど…。
はぁ…",,untranslated,
DATA5.BIN#1578426,DATA5.BIN,1578426,对话,"はわたしといると
つまんないのかな…。
多分、そうなんだと思う…。
だって、新しいゲームが入ってないって
わかったら、『もう帰ろうか』なんて。
そんな言葉、普通は出てこないよね。
なんか、すごく落ち込んじゃったな…。",,untranslated,
DATA5.BIN#1578650,DATA5.BIN,1578650,对话,"とまた映画を見に行った。
あの『オレは番長』って映画…
わたしはどうしても好きになれないな…。
人を殴るのが気分爽快だなんて
絶対間違ってると思うもん。",,untranslated,
DATA5.BIN#1578804,DATA5.BIN,1578804,对话,"、普段は優しそうな感じだけど、
平気で人を殴っちゃう人なのかな…？
そう思うと、なんかコワイな……。",,untranslated,
DATA5.BIN#1578911,DATA5.BIN,1578911,对话,『少女時代』っていう昔の作品を,,untranslated,
DATA5.BIN#1578947,DATA5.BIN,1578947,对话,"と観てきた。
なんか…心がジーンとしちゃった…。
人間の持つ強さって言うものを
実感できたような気がして。
そしたら",,untranslated,
DATA5.BIN#1579064,DATA5.BIN,1579064,对话,"、
わたしも意外と強いとこあるよって。
自分に自信なんか全然ないけど…
わたしって",,untranslated,
DATA5.BIN#1579148,DATA5.BIN,1579148,对话,"にそう見られてるんだ…。
うれしいけど…なんか複雑な気持ち……。",,untranslated,
DATA5.BIN#1579220,DATA5.BIN,1579220,对话,"また『せつなくて…』の
映画を",,untranslated,
DATA5.BIN#1579254,DATA5.BIN,1579254,对话,"と観に行った。
何回見てもいい作品は感動しちゃう。
物語の本筋とはちょっと関係ないけど、
看護婦さんがヒロインの子を励ますシーン…
なんか心にジーンときちゃった。",,untranslated,
DATA5.BIN#1579418,DATA5.BIN,1579418,对话,"は、看護婦さんなんて医者の
サポート役でしかない、
みたいなこと言ってたけど…絶対違うよね。
患者さんの心のケアも大切、
それができるのはやっぱり看護婦さんだよね。
看護婦さんかぁ…ちょっと憧れちゃうかな…。",,untranslated,
DATA5.BIN#1579635,DATA5.BIN,1579635,对话,"と一緒に
クラシックコンサートに行った。
やっぱりちょっとかしこまっちゃうよね。
会場から出てきて、わたしがぽろっと
プログラムに載ってた曲名について
話をしてたら、",,untranslated,
DATA5.BIN#1579802,DATA5.BIN,1579802,对话,"は、タイトルだけ言われても
ピンと来ない…だって。
実はわたしもそう思ってたから、ほっとしちゃった。",,untranslated,
DATA5.BIN#1579909,DATA5.BIN,1579909,对话,"もう名前も忘れちゃったけど、
ロックバンドのコンサートに",,untranslated,
DATA5.BIN#1579969,DATA5.BIN,1579969,对话,"に
誘われて行った…。
あーあ、行かなきゃよかったな…。
正直、初めからあんまり
行く気はしなかったんだよね。
もー、うるさくってうるさくって…！
何を言ってるのかさっぱりわからないんだもん。
そしたら",,untranslated,
DATA5.BIN#1580169,DATA5.BIN,1580169,对话,"も
『俺にも理解不能だ』だって…。
元々、誘ったの",,untranslated,
DATA5.BIN#1580222,DATA5.BIN,1580222,对话,"なのに、
言ってることがめちゃくちゃじゃない…。
なんか一日",,untranslated,
DATA5.BIN#1580285,DATA5.BIN,1580285,对话,"に
振り回されたって感じだったな…。",,untranslated,
DATA5.BIN#1580334,DATA5.BIN,1580334,对话,"と一緒に
Ｕ＿Ｒｕｗａ＿Ｓｅｅのコンサートに行った。
すごくいい歌で感動しちゃったな…。
でも最後に",,untranslated,
DATA5.BIN#1580436,DATA5.BIN,1580436,对话,"ったら
『何でもすぐに影響されるんだね』だって…。
言われた後は、ちょっと怒っちゃったけど…
考えてみればわたしにもそういうところって
けっこうあるのかもしれないな。
反省反省…直さなくっちゃ……。",,untranslated,
DATA5.BIN#1580643,DATA5.BIN,1580643,对话,"と一緒に、ザ・タイツメンっていう
お笑いライブを初めて見たんだけど…。
花火を使ったりして、
けっこう危険なことしてるんだよね。
ケガしたりしないのか心配になって",,untranslated,
DATA5.BIN#1580807,DATA5.BIN,1580807,对话,"に言ったら、
『俺らは知ったことじゃない』
だって…。
ずいぶんひどいことを言うんだね…。
そんな心の冷たい人だったなんて…。",,untranslated,
DATA5.BIN#1580943,DATA5.BIN,1580943,对话,"と一緒に
若草物語のお芝居を観に行った。
前に小説を読んだ記憶があるから
だいたいのストーリーはわかってたんだけど
やっぱり感動しちゃったな…。
もし…あのお芝居みたいに、
わたしに弟でなく妹がいたら…って",,untranslated,
DATA5.BIN#1581149,DATA5.BIN,1581149,对话,"に言ったら、
『女の子同士話も合って楽しいだろうね』って
言ってくれてうれしかった。
うん、きっと楽しいだろうな。
お互いの恋の話なんかしたりして…
ちょっと想像しちゃった。",,untranslated,
DATA5.BIN#1581327,DATA5.BIN,1581327,对话,なんか今日はすっごく疲れちゃった…。,,untranslated,
DATA5.BIN#1581369,DATA5.BIN,1581369,对话,"と小劇場に行ったまでは
よかったんだけど…
まさか、あんなライブだったとはね…。
だって、男の人が裸で踊るんだもん。
彼はまたわたしと一緒に見たいって
言ってたけど、もう絶対行きたくないもん！
いくらわたしが優柔不断だって、
断る時は断るんだから…。多分。",,untranslated,
DATA5.BIN#1581632,DATA5.BIN,1581632,对话,"と一緒に
プラネタリウムに行った。
七夕の話題になって聞いたんだけど、
彼って今でも七夕には
ちゃんと短冊を飾ってるらしいの。",,untranslated,
DATA5.BIN#1581760,DATA5.BIN,1581760,对话,"は恥ずかしがってたみたいだけど、
わたしは全然、そう思わなかったな。
そういう心はいつまでも忘れたくないもんね。
ちょっと見直しちゃった。",,untranslated,
DATA5.BIN#1581909,DATA5.BIN,1581909,对话,"と一緒に
プラネタリウムに行った。
星をずーっと見てると、星占いの神秘さが
なんとなくわかりそうな気がして
彼にそう話したの。
そしたら、そんな簡単にわかるほど
単純じゃないって言われちゃった。
言われてみれば、本当にその通りだよね。",,untranslated,
DATA5.BIN#1582142,DATA5.BIN,1582142,对话,"って、時々ためになること
言ってくれるね。",,untranslated,
DATA5.BIN#1582192,DATA5.BIN,1582192,菜单,プラネタリウムに,,untranslated,
DATA5.BIN#1582213,DATA5.BIN,1582213,对话,"と
行ったんだけど…
行かなきゃよかったな…。
わたしが『もし流れ星を見たら何をお願いする？』
って聞いたら…女の子にモテますように、だって。
そういうこと言う男の子って、なんかヤだな…。
だって、女の子だったら
誰でもいいっていう感じだもん。
なんか…ちょっと冷めちゃったな…。",,untranslated,
DATA5.BIN#1582499,DATA5.BIN,1582499,对话,"と一緒にプラネタリウムに行った。
話の流れで、わたしが乙女座ってことに
どう思う？　って聞いたら、
『乙女という感じじゃないよ』だって…。
分かってはいたけど、改めてそう言われちゃうと
ちょっとショックだよね…。",,untranslated,
DATA5.BIN#1582712,DATA5.BIN,1582712,对话,"はやっぱり、おしとやかな子とか
好きなのかな…？",,untranslated,
DATA5.BIN#1582779,DATA5.BIN,1582779,对话,"と一緒に電気街に行った。
なんだか暗くて不気味な小路で機械の部品を
見ていたら、向こうに河合理佳ちゃんがいたの。
挨拶に行こうよっていったのに、彼ったら
『こんな所に来る女の子なんて変だよ』
って言い出すだもん。
すっごくショックだった…。
だって、わたしのこともそう思ってるって
ことだよね…？",,untranslated,
DATA5.BIN#1583081,DATA5.BIN,1583081,对话,"とゲームショップに行ったら
この間買ったゲームが売ってたから
わたし、",,untranslated,
DATA5.BIN#1583154,DATA5.BIN,1583154,对话,"に勧めてみようと思ったの。
夜更かししちゃうくらい面白いよって。
そしたら彼、わたしの顔、マジマジと見て
目の下にクマが出てるって言うの。
すっごく恥ずかしかった。
それにちょっと落ち込んじゃった…。
今日はゲームしないで早く寝ようっと。",,untranslated,
DATA5.BIN#1583400,DATA5.BIN,1583400,对话,"とは音楽の趣味、合わないみたい…。
電気街でＣＤを一緒に見てたんだけど、
どんな曲が好みなのかなと思って
聞いてみたら…アニメソングが
好きだって満面の笑みで答えてた。
別に悪いとは言わないけど…
ちょっとわたしには、理解できないな。",,untranslated,
DATA5.BIN#1583642,DATA5.BIN,1583642,对话,"とスケートに行った。
おっかなびっくり滑ってたんだけど、
けっこう面白かった。
で、わたし、スケート場の氷って
どのくらいの厚さなのかなって聞いたら、",,untranslated,
DATA5.BIN#1583794,DATA5.BIN,1583794,对话,"、わたしが乗っても
割れないから大丈夫、だって！
もー、失礼しちゃう～！
わたし、そんなに太ってないもん。
多分……。そう思う……。",,untranslated,
DATA5.BIN#1583936,DATA5.BIN,1583936,对话,"にはひどいこと
言っちゃったな…。
わたし、スケートの腕前はどのくらいって聞いたら、
オリンピックに出ようと思ってる…だって。
どう見たってそんな腕前には見えないから、
わたしのことからかってるんだと思って
思わずきついこといっちゃった。
わたし、彼のこと、そんなに
親しくは思ってないんだけど…、
でもだからって…あの言い方はなかったよね。
反省反省…。",,untranslated,
DATA5.BIN#1584296,DATA5.BIN,1584296,对话,"と一緒に
スケート場に行ったんだけど…
コンタクト落としちゃって大変だった。
でも、彼が必死になって探してくれて…
すっごくうれしかったな。
よく見えないわたしが探すと
コンタクトを割っちゃう心配があるもんね。",,untranslated,
DATA5.BIN#1584506,DATA5.BIN,1584506,对话,ってやっぱり、優しいんだね。,,untranslated,
DATA5.BIN#1584548,DATA5.BIN,1584548,对话,"と美術館に行った。
一緒に展示品を見てたときに",,untranslated,
DATA5.BIN#1584599,DATA5.BIN,1584599,对话,"がふっと
俺たちも美術館に来る年頃に
なったんだなーって。
そう言われるとなんだか
くすぐったい感じがした。
確かに美術館って大人の雰囲気だもんね。",,untranslated,
DATA5.BIN#1584756,DATA5.BIN,1584756,对话,"と美術館に行ったんだけど…。
もえぎの市の風景画を見てたら、
彼ったらヌード絵だったらもっといい…
って言うんだもん。
男の子ってよくそういうこというけど、
改めて、彼の口からそんなこと聞いちゃうと
やっぱりショックで…。
気まずくなって黙っちゃった…。",,untranslated,
DATA5.BIN#1585017,DATA5.BIN,1585017,对话,"と一緒に美術館に行ったんだけど、
わたしが白鳥くんの話をしたら
急に顔色が変わった気が…。
うーん、なんでだろ…？
あ、そういえば、あの美術の課題、
白鳥くんが『完成したら見せてくれ』って
言ってたけど…ま、いいよね。
そんな見せるほどのモノでもないし…。",,untranslated,
DATA5.BIN#1585275,DATA5.BIN,1585275,菜单,ちょっと困っちゃった…。,,untranslated,
DATA5.BIN#1585305,DATA5.BIN,1585305,对话,"と美術館に行って
ルネサンス展って言うのを見てきたんだけど、
説明書きに載ってた通りに",,untranslated,
DATA5.BIN#1585395,DATA5.BIN,1585395,对话,"に教えてあげたら
『革新運動ってなに？』って聞かれちゃって…
すぐに答えられなくて困っちゃった…。
ああいう所に行く時はやっぱり
勉強しておかないとだめなのかな…。",,untranslated,
DATA5.BIN#1585564,DATA5.BIN,1585564,对话,"もー、すっごく恥ずかしかった～。
だってトリックアート展に",,untranslated,
DATA5.BIN#1585627,DATA5.BIN,1585627,对话,"と行ったんだけど、
間違って通路の絵にぶつかっちゃう大失態！
そしたら彼も同じように間違って
ぶつかってたみたい…。
あの時はただ単に面白くて笑ってたんだけど…
もしかしたら、わたしのドジを
フォローしてくれてたのかな。
…それはちょっと考えすぎ？",,untranslated,
DATA5.BIN#1585882,DATA5.BIN,1585882,对话,"と伝統工芸展に行った。
信楽焼きのお皿について話してたら、
信楽焼きといえばたぬきも有名だよねって",,untranslated,
DATA5.BIN#1585984,DATA5.BIN,1585984,对话,"が言った。
そうなんだよね～、飲み屋さんの前にある
あのたぬきさん。
あのユーモラスな顔を見てると、なんとなく
親しみわいちゃうんだ。",,untranslated,
DATA5.BIN#1586123,DATA5.BIN,1586123,菜单,伝統工芸展に,,untranslated,
DATA5.BIN#1586140,DATA5.BIN,1586140,对话,"と行ったんだけど…
悲しいこと思い出しちゃったな…。
工芸品がいっぱいで、
下町の雰囲気を漂わせていたから、
小学生の時に亡くなったおばあちゃんのことを
ちょっと思い出しちゃった。
そしたら彼ったら、そんな想い出サッパリ忘れよう、
だって…。
ある意味、励ましてくれたのかもしれないけど…
でも、だからって、あんな言い方は
しないでほしかったな。",,untranslated,
DATA5.BIN#1586485,DATA5.BIN,1586485,对话,"ショックだったな…。
水族館に",,untranslated,
DATA5.BIN#1586519,DATA5.BIN,1586519,对话,"と行って水槽を見てたの。
あんまりきれいだったから、
人魚が泳いでも不思議じゃないよね…って
つい口にしちゃった。
そしたら、『幼稚な考え方だ』って。
普通だったらわたし、
あんなこと言わないんだけどな…。
きっとあの雰囲気に酔ってたんだよね。
あー、恥ずかしい。",,untranslated,
DATA5.BIN#1586789,DATA5.BIN,1586789,对话,"は神条さんのこと、
どう思ってるんだろう…？
一緒に水族館へ行ったら、
ふと彼の口から神条さんの名前が出てきた…。
しかも趣味までしっかり覚えてた…。",,untranslated,
DATA5.BIN#1586941,DATA5.BIN,1586941,对话,"と神条さん…
けっこう仲いいのかな…。
どこか二人で遊びとか行ったりしてるのかな…。
なんか…今日は…寂しいな……。",,untranslated,
DATA5.BIN#1587068,DATA5.BIN,1587068,对话,"と水族館でアシカショウを見た。
アシカって本当に動きがかわいいよね。
でも、あれも演技なのかなって思ったら、
ちょっと寂しくなっちゃった。
そんな時、彼が、アシカのことを
『エサのために働く哀れな生き物』なんて
言うもんだから、ちょっとキツイこと
言っちゃった。
今思い返してみると、ずいぶん
ひどいこと言ったよね…。
やっぱり人として、言っていいことと
悪いことがあるね。反省…。",,untranslated,
DATA5.BIN#1587453,DATA5.BIN,1587453,对话,"と一緒にアシカショウを見た。
カメラでアシカを撮ろうと思ったら、
ちょっと手こずっちゃった。
そしたら彼、オートフォーカスのを
買えばって言った。
もぉー…",,untranslated,
DATA5.BIN#1587609,DATA5.BIN,1587609,对话,"、わたしのお小遣い、
知らないから簡単に言うけど、大変なんだよね～。
部活に入ってるから、アルバイトできないし、
でも、だからってマネージャーは楽しいから
辞めたくないし。
それに…えへへ、学校帰りに友達と
ハンバーガー屋さんに寄ったりしてると
けっこうかかるんだよね～。
ということで只今、財政難！
あーあ、天からお金降ってこないかな…。",,untranslated,
DATA5.BIN#1587949,DATA5.BIN,1587949,菜单,今日、アシカショウを,,untranslated,
DATA5.BIN#1587974,DATA5.BIN,1587974,对话,"と
見に行ったときに、わたしが持ってきてた
カメラの話になった。
カメラのピントってどう合わすの？　って
聞かれて、とっさに矢部くんの話を
振ったら、不思議そうな顔してたな。
矢部くんは一瞬でピントを合わせられるって
前に友達に聞いたから、思わず引き合いに
出しちゃっただけなんだけど…。
でも、一瞬でピントを合わせて
何を撮るんだろうな…矢部くん。
ちょっと謎だよね…。",,untranslated,
DATA5.BIN#1588349,DATA5.BIN,1588349,对话,"と室内プールに行った。
でも…今度から行くのやめようかな…。
別に",,untranslated,
DATA5.BIN#1588418,DATA5.BIN,1588418,对话,"と一緒なのが
嫌ってわけじゃなくて、
水着姿になるの怖くなっちゃって…。
『ダイエットにも効くし、水泳はお勧めだよ』
って彼がわたしに言うってことは、
ダイエットした方がいいってことだもんね。
さっき体重を計ってみたら
この前よりちょびっと増えてた。
ダイエット…しようかな…うん。",,untranslated,
DATA5.BIN#1588701,DATA5.BIN,1588701,对话,"すっごくビックリした……。
だって、生まれて初めてナンパに
遭っちゃったんだもん。",,untranslated,
DATA5.BIN#1588787,DATA5.BIN,1588787,对话,"と室内プールに行ったんだけど、
そこでやけになれなれしい男の人が
わたしに話しかけてくるから
おかしいなって思ってはいたんだけど…
後から",,untranslated,
DATA5.BIN#1588926,DATA5.BIN,1588926,对话,"に聞いたら
ナンパされてたんだ、って言われて
思わずショックで固まっちゃった。
男の人って誰でもナンパってするのかな？",,untranslated,
DATA5.BIN#1589047,DATA5.BIN,1589047,对话,"もしたことあるのかな…。
ちょっと…考えたくないけど。",,untranslated,
DATA5.BIN#1589114,DATA5.BIN,1589114,对话,"に誘われて室内プールに行った。
ナンパされそうになっちゃって
慌てて逃げてきたら、
彼、その話を聞いて『殴ってやる！』
って言うんだもん。
わたし暴力って大嫌い。
そんなことを言う",,untranslated,
DATA5.BIN#1589293,DATA5.BIN,1589293,对话,"にも
幻滅だったな…。
でも…それだけわたしのことを
心配してくれている証拠なのかな…？
うーん…よくわかんないよー……。",,untranslated,
DATA5.BIN#1589425,DATA5.BIN,1589425,对话,"と室内プールの
ウォータースライダーで遊んだんだけど…
この前も、一緒にウォータースライダーで
遊んだのに、彼ったら
『初めて来た』って言ったんだもん。
多分、混乱しちゃったんだろうな…。
いろんな人とあそこで一緒に遊んでるから…。
……。
なんか、わたしってイヤな子…。
ひがみっぽいよね…。
行かなきゃよかったな…、
こんな気持ちになるんなら…。",,untranslated,
DATA5.BIN#1589784,DATA5.BIN,1589784,对话,"と
ウォータースライダーで遊んでたらハプニング！
コンタクトを水中に落としちゃったんだよね…。
でも",,untranslated,
DATA5.BIN#1589886,DATA5.BIN,1589886,对话,"もひどいよね。
『だからメガネの方がいいんだ』なんて…。
全然、わたしの気持ち、わかってないよ。
わたしがどんな思いでメガネから
コンタクトに変えたかわかってるのかな…？
内気な自分をまずは外見からって思って
変えたんだもん…。
もうメガネには戻さないから。",,untranslated,
DATA5.BIN#1590157,DATA5.BIN,1590157,对话,"と一緒に、室内プールで
ボディボードにチャレンジしたんだけど
難しかった～。
全然、波に乗れないんだもん。
彼もそうかなって思って、聞いてみたら
『単に下手なだけ』って
ハッキリ言われちゃった…。
確かにそうかもしれないけど…
もうちょっと優しい言葉、
かけてほしかったな…。",,untranslated,
DATA5.BIN#1590433,DATA5.BIN,1590433,菜单,も～、最悪～！,,untranslated,
DATA5.BIN#1590453,DATA5.BIN,1590453,对话,"とボディボードに
乗ってたら、彼、ぼそっと
『土左衛門みたい』だって言った。
土左衛門ってアレだよね、よく時代劇で…。
もー、すっごくショック！
そんなことを平気で言う",,untranslated,
DATA5.BIN#1590621,DATA5.BIN,1590621,对话,"の気持ちも
理解できないし……。
わたし、すごく傷ついた……。",,untranslated,
DATA5.BIN#1590695,DATA5.BIN,1590695,对话,"と初めて
ウォータースライダーで遊んだ。
初めから急流コースに行くのは、
ちょっと足がすくんじゃったけど、
やっぱりチャレンジ精神は大事だよね。
そう、何事にも！
あとは実行に移すのみ。
とにかくがんばらなきゃ！",,untranslated,
DATA5.BIN#1590914,DATA5.BIN,1590914,对话,"と一緒に野球を見に行った。
投手交代とか多かったから
試合が延びちゃったんだけど…
彼ったら、その分わたしと一緒にいられたから…
って言ってくれて…
えへへ、うれしかったな。
『わたしも同じ気持ちだよ』
って言いたかったけど、
なんだか気恥ずかしくって言い出せなかった。",,untranslated,
DATA5.BIN#1591185,DATA5.BIN,1591185,对话,"今日、野球場に行かなきゃよかったな…
こんな気持ちになるんだったら…。",,untranslated,
DATA5.BIN#1591260,DATA5.BIN,1591260,对话,"ったら、試合そっちのけで
売り子の女の子を見てたらしいの。
もう、何しに行ったのかわからないよ。",,untranslated,
DATA5.BIN#1591360,DATA5.BIN,1591360,对话,"って、いつもそんなことばっかり
考えてるのかな…。
なんだか幻滅…。",,untranslated,
DATA5.BIN#1591435,DATA5.BIN,1591435,菜单,ちょっと,,untranslated,
DATA5.BIN#1591448,DATA5.BIN,1591448,对话,"にはキツイこと
言っちゃったかな…。
サッカーの試合をいっしょに見に行った
んだけど、すごいシュートを見て
俺だってやろうと思えばできる…って
言うから、つい、『無理だよ』って
言っちゃった…。",,untranslated,
DATA5.BIN#1591642,DATA5.BIN,1591642,对话,"、傷ついてるかな…。
いくらそんな仲良くないって言っても…ね。
反省しなくっちゃ。",,untranslated,
DATA5.BIN#1591736,DATA5.BIN,1591736,对话,"と一緒にサッカーを見に行った。
彼もサッカー部だから、けっこうノッてたみたいね。
やっぱりサッカーの試合は燃えるし、
勉強にもなるよね。うん。
今日の試合を見て、彼も部活の練習に
一層力が入ってくれたらうれしいな。
わたしも精いっぱいマネージャーとして
サポートしようっと。",,untranslated,
DATA5.BIN#1592017,DATA5.BIN,1592017,对话,"はわたしのこと、
目立ちたがり屋って思ってるのかな…？
今日、サッカーの試合を見ている最中、
わたしに似合うポジションはどこかなって
聞いたら、フォワードだって言ったの…。
フォワードって自分から積極果敢に
突き進むってイメージじゃない。
わたし、全然そんなタイプじゃないよ～。
……あ、ひょっとして、誰か違う女の子と
間違えたのかな……。
その子は積極的な子なんだ、きっと…。
わたしの考えすぎ…かな？",,untranslated,
DATA5.BIN#1592430,DATA5.BIN,1592430,对话,"とサッカーを見に行った。
それで試合中に、わたしに似合うポジションは
どこかなって聞いたら、
かわいいからゴールキーパーだって。
わたしのご機嫌をとったつもりだと
思うんだけど…。
もう、ウソが見え見えだよね。
だって、かわいいとゴールキーパー、
全然関係ないもん。
まぁ…かわいいって言ってくれたのは
ちょっぴり、うれしかったけど。",,untranslated,
DATA5.BIN#1592768,DATA5.BIN,1592768,对话,"に誘われて、メタルアーツっていう
プロレスだったっけかな？
なんだかよくわからないけど、
格闘技の試合を見に行ったの。
やっぱり行かなきゃよかったな…。
もう、ホントに疲れちゃったよ…。
なんか夢に出てきそう……。",,untranslated,
DATA5.BIN#1592985,DATA5.BIN,1592985,对话,やっぱり格闘技って怖い世界だよね。,,untranslated,
DATA5.BIN#1593025,DATA5.BIN,1593025,对话,"と仕方なく見に行ったら、
選手の一人が腕を折られそうになっちゃうんだもん。
結局、折れてなくてホッと一安心…。
後で聞いたら、相手選手の骨を折ったら
目には目をで折られちゃうんだって。
なんでそんな危険なスポーツを
みんな喜んで見てるんだろう…？
ちょっと理解できないな…。",,untranslated,
DATA5.BIN#1593306,DATA5.BIN,1593306,对话,"に誘われて、あまり気乗りは
しなかったけど格闘技を見に行った。
ほんと疲れちゃった…。
だって、血を流してまで戦ってるんだもん。
早く救急車を呼んだ方がいいのに…
平気で戦ってるのに唖然…。
もっと唖然というか…呆れたのは、",,untranslated,
DATA5.BIN#1593530,DATA5.BIN,1593530,对话,"、わたしの顔見て、
血を見て興奮してるの？　だって…。
そんなわけないじゃない！
もー…最悪だよー……。
どういう神経してるんだろ…？",,untranslated,
DATA5.BIN#1593674,DATA5.BIN,1593674,对话,"と一緒に遊覧船に乗ったまでは
よかったんだけど…",,untranslated,
DATA5.BIN#1593727,DATA5.BIN,1593727,对话,"、気分不愉快だなんて
言いだしたの。
訳を聞いたら、他の客が邪魔だって。
そんなひどいこと言う人だったなんて…。
がっかりしちゃった。",,untranslated,
DATA5.BIN#1593871,DATA5.BIN,1593871,对话,"と遊覧船に乗って、
もえぎの港のまわりを一周してきたの。
彼、乗り始めてから
どうも様子がおかしかったんだよね…
そしたら…船酔い。
わたしも早く気づいてあげればよかったな…。
ああいうのって、自分から言うのって
恥ずかしいもんなんだよね。
でも、",,untranslated,
DATA5.BIN#1594116,DATA5.BIN,1594116,对话,"はひょっとして、
船酔いするかもしれないのに、
わざわざわたしのために
船に乗ってくれたのかな…？
考えすぎ、かな…。",,untranslated,
DATA5.BIN#1594244,DATA5.BIN,1594244,对话,"と遊覧船に乗った…。
えへへ…けっこういい雰囲気だったな…。
すっごくロマンチックだし、
彼の『俺なんかが相手じゃ不足かな？』っていう
言葉にちょっとグッときちゃった…。
ううん、そんなこと全然ないよ。
一緒にいると楽しいし…。",,untranslated,
DATA5.BIN#1594480,DATA5.BIN,1594480,对话,"と一緒に
遊覧船に乗ろうって出かけたんだけど、
あいにくの天気でデッキには出られなかった。
しかも海上に出たらますます視界は
悪くなる一方。",,untranslated,
DATA5.BIN#1594622,DATA5.BIN,1594622,对话,"、それを見て
『海上にドライアイスたいてるのかな？』
だって…。
わたし、これはこれで
けっこう楽しめる景色かなって思いかけていたのに、
なんだか興ざめしちゃった…。",,untranslated,
DATA5.BIN#1594789,DATA5.BIN,1594789,对话,"なりに、場を盛り上げようと
してくれてたのかもしれないけど…
わざとらしすぎるんだもん。",,untranslated,
DATA5.BIN#1594884,DATA5.BIN,1594884,对话,ちょっとガッカリしちゃった…。,,untranslated,
DATA5.BIN#1594920,DATA5.BIN,1594920,对话,"と遊覧船に乗ったまではよかったの。
視界が悪くて、景色ほとんど見えなかった…
それでもいいの。楽しかったから。
でも…",,untranslated,
DATA5.BIN#1595040,DATA5.BIN,1595040,对话,"の口から
御田さんの話がでたのは
ちょっとショックだったな…。",,untranslated,
DATA5.BIN#1595106,DATA5.BIN,1595106,对话,"、やっぱり御田さんのこと、
気になってるのかな。
でなきゃ…あそこで会話の中に出てこないもん。
御田さんかぁ…。
わたしじゃ全然かなわないよね…。",,untranslated,
DATA5.BIN#1595257,DATA5.BIN,1595257,对话,えへへ、ちょっと嬉しかったな～。,,untranslated,
DATA5.BIN#1595295,DATA5.BIN,1595295,对话,"と遊覧船に乗りに行ったら、
船内のアナウンスで観光案内してたんだよね、
そしたら",,untranslated,
DATA5.BIN#1595378,DATA5.BIN,1595378,对话,"、
デートの参考になるよって…。
ちょっと問いつめたら、野暮なこと聞くな…
だって…。
それってわたしと…なのかな？
だったらちょっとうれしいけど…。
わたしの考えすぎかなぁ？",,untranslated,
DATA5.BIN#1595562,DATA5.BIN,1595562,对话,"と遊園地に行って、
観覧車を一緒に乗った。
そしたら、遠くに海が見えてきれいだったな…。
彼ったら、それを聞いて、
だったら今度、行こうよ…みたいなコト
言ってくれた。
ちょっとうれしかった…えへへ…。
女の子から、ああいうことって
恥ずかしくて言えないもんね。",,untranslated,
DATA5.BIN#1595830,DATA5.BIN,1595830,对话,"と一緒に遊園地の観覧車に乗った。
わたしから彼にちょっと聞いてみたんだ。
もし…観覧車が止まったらどうする？って。
普通に助けがくるまで待つとか
何気ない会話を期待してたんだけど、
そしたら二人っきりだね、なんて言われちゃって…
すっごく意識しちゃった…。
顔真っ赤になってただろうな…。
恥ずかしい…。",,untranslated,
DATA5.BIN#1596148,DATA5.BIN,1596148,对话,"に悪いこと
しちゃったな…。
だって観覧車に乗ってたから
高い所は平気なのかなって思ってたら
苦手だって言うんだもん。
なんだか無理させちゃったみたい。
ごめんね、",,untranslated,
DATA5.BIN#1596327,DATA5.BIN,1596327,对话,"に連れられて
ジェットコースターに乗った。
わたし、あーいうのって苦手なんだけど
彼に悪いなって思ってガマンして乗ってたの。
そしたら『嫌いなわりには乗るんだね』って、
言うんだもん。
なんだか悲しくなっちゃった。
わたし、なにやってるんだろ…。",,untranslated,
DATA5.BIN#1596580,DATA5.BIN,1596580,对话,"と一緒に
ジェットコースターに乗った。
もー、怖かった～…。
あんなにスピード出るとは思わなかったよ…。
でもだからって、わたし、
ギョエーなんて変な声出してないもん！
わたし…バカにされてるのかな…。",,untranslated,
DATA5.BIN#1596790,DATA5.BIN,1596790,对话,"と一緒にジェットコースター
乗ったんだけど…やっぱりダメ…。
どうしてもあの速さについていけないの。
でも彼は全然、平気みたい。
すごいなぁ…。
おまけにわたしの気分が優れないって
思ったのか笑わせてくれて…。
優しいんだね。",,untranslated,
DATA5.BIN#1597018,DATA5.BIN,1597018,菜单,ヒーローショウを,,untranslated,
DATA5.BIN#1597039,DATA5.BIN,1597039,对话,"にお願いされて
仕方なく見たんだけど…
すっごく恥ずかしかった～～～～～。
だって、子供たちと一緒に
『シツレンジャー！』って叫ぼうって
言うんだもん…。
本当はイヤだったけど、
嫌われたくないし…思い切ってやったの。
『シツレンジャー』って。
わたし、何やってるんだろう…って
ちょっと落ち込んじゃった…。",,untranslated,
DATA5.BIN#1597351,DATA5.BIN,1597351,对话,"と一緒に遊園地に行って
ヒーローショウを見た。
その時、わたし…彼に質問してみたの。
ああいう戦隊ものの中で何色の役をやりたい？
って…。
彼、迷うことなくピンクって言った…。
ピンクって、確か女の人なんだよね。
まさか…って感じ。
信じたくないけど…
そんなわけないよね。うん…。
そう…信じたい…。",,untranslated,
DATA5.BIN#1597652,DATA5.BIN,1597652,菜单,遊園地に,,untranslated,
DATA5.BIN#1597665,DATA5.BIN,1597665,对话,"と行った。
きぐるみショウ…なんていう名前だったかな？
あまりよく覚えてないんだけど
それを彼と一緒に見てたの。
そしたらけっこう、大人の人がカメラ持って
熱心に写真を撮ってるんだもん。
てっきりああいうのって、小さい子だけが
見るモノだと思ってたからびっくり。
後で聞いたら、来られなかったお子さんのために
わざわざ写真を撮ってるって聞いて納得。
……とあの時はそう思ったんだけど、
でも、家族だったら一緒に見に行くよね、普通。
ん～、謎だな。",,untranslated,
DATA5.BIN#1598113,DATA5.BIN,1598113,对话,"に誘われて遊園地に行った。
そして、夏休み恒例のナイトパレード！
うふふ、素敵だったなぁ…。
帰りが遅くなって、家族に
心配かけちゃったかもしれないけど、
あんな素敵なモノが見られたんだもん。
プラスマイナス０ってところだよね。
また今度…一緒に見られたらいいな…。",,untranslated,
DATA5.BIN#1598386,DATA5.BIN,1598386,对话,"に誘われて
仕方なくゴーストハウスに入った。
真っ暗で、もー、すっごく怖くって…
手探りで進んでたらいきなり誰かが
触ってきて…。ビックリしちゃった。",,untranslated,
DATA5.BIN#1598538,DATA5.BIN,1598538,对话,"だってすぐにわかったけど…。
まぁ、あれは仕方ないよね。
真っ暗で何も見えなかったんだから。
でも…やっぱりちょっと恥ずかしかった…。",,untranslated,
DATA5.BIN#1598683,DATA5.BIN,1598683,对话,"と一緒に潮干狩りに行ったのは
よかったんだけど
まさか転ぶとは思わなかった…。
もー、服に砂がいっぱいついて濡れちゃうし…
ほんと最悪。
今度からは走る時、気をつけよう。
…なんかこれって、
高校生の言うことじゃないよね…。",,untranslated,
DATA5.BIN#1598909,DATA5.BIN,1598909,菜单,すごくショックだった…。,,untranslated,
DATA5.BIN#1598939,DATA5.BIN,1598939,对话,"と一緒に、
海に泳ぎに行ったんだけど…
砂浜が熱そうだったから、
やけどしそうだなって彼に言ったの。
そしたら一言『臆病だなぁ…』って。
そうなんだよね…わたしってほんと臆病者。
いつまでもこのままじゃダメだよね…。",,untranslated,
DATA5.BIN#1599163,DATA5.BIN,1599163,对话,"と一緒に防波堤沿いを散歩した。
海釣りしてる人がいっぱいいたなぁ…。
でも、お魚さんの立場からしてみれば
仲間が釣られて悲しいだろうなって思ったの。
そしたら",,untranslated,
DATA5.BIN#1599322,DATA5.BIN,1599322,对话,"は
『食料を海から授かってるって考えたら』だって…。
確かにそうだよね。
かわいそうかわいそうって言いながらも
わたしだってお魚食べるし。
なんだかいろんなことを考えさせられた
一日だったな。",,untranslated,
DATA5.BIN#1599522,DATA5.BIN,1599522,对话,"と高原牧場に遊びに行った。
ちょっと遠かったけど…
空気がおいしいし、景色もいいし、
もう言うことナシだよね！",,untranslated,
DATA5.BIN#1599635,DATA5.BIN,1599635,对话,"が草餅食べたくならない、
なんて言うから、和菓子や駄菓子の話題で
ひとしきり盛り上がっちゃった。
まぁ…お菓子だったら
なんでも好きなんだけどね。",,untranslated,
DATA5.BIN#1599779,DATA5.BIN,1599779,对话,なんでも好きなんだけどね。えへへ…。,,untranslated,
DATA5.BIN#1599829,DATA5.BIN,1599829,对话,"と一緒に山の湖に行った。
すっごく水が澄んでて、きれいな所なんだけれど、
バーベキューの跡がちらかってるのが
ちょっと気になってたんだ。
そしたら",,untranslated,
DATA5.BIN#1599976,DATA5.BIN,1599976,对话,"、
『一緒に片付けよう』って
そのゴミを率先して片付け始めた。
わたし、ちょっと見直しちゃったな。",,untranslated,
DATA5.BIN#1600085,DATA5.BIN,1600085,对话,"と一緒に山の湖に行った。
貸しボート屋さんがあったから、
思い切って一緒に乗ってみない、って
誘ってみた。
そしたら彼から『リードして漕ぐ』って
言ってくれて…うれしかった。
わたし、秘かにリードしてくれるの
期待してたんだ。
すっごく楽しかったな…。",,untranslated,
DATA5.BIN#1600343,DATA5.BIN,1600343,对话,"と一緒に山の湖に行った。
貸しボート屋さんがあったから、
思い切って一緒に乗ってみない、って
誘ってみた。
結局、二人で一緒に漕いだんだけど、
やっぱりわたしとしては
リードしてもらいたかったな…。",,untranslated,
DATA5.BIN#1600549,DATA5.BIN,1600549,对话,"と紅葉を見に山まで行った。
やっぱり空気もおいしいし、景色も最高だよね。
でも…ヒラヒラと散る落ち葉を見て、
恋が散っていくようだねって",,untranslated,
DATA5.BIN#1600688,DATA5.BIN,1600688,对话,"が言ったのを聞いて、
なぜだかわからないけど急に悲しくなっちゃった。
どうしたんだろ…いったい。
こんなわたしを見て、",,untranslated,
DATA5.BIN#1600808,DATA5.BIN,1600808,对话,"、
変だとか思わなかったかな…。",,untranslated,
DATA5.BIN#1600853,DATA5.BIN,1600853,对话,"と一緒にスキー場まで行った。
白銀の銀世界はすっごく
キレイだったんだけど…
がっかりしちゃった。
わたしだって初心者なんだから
スキーができないならできないって
正直に言ってくれればよかったのにな。
そうすれば、わたしだって
あんなに怒ったりしなかったのに。",,untranslated,
DATA5.BIN#1601119,DATA5.BIN,1601119,对话,"とゲームショウに行った。
人気ゲームの体験版をもらって、
せっかく喜んでたのに、",,untranslated,
DATA5.BIN#1601203,DATA5.BIN,1601203,对话,"、斜に構えたことばっかり
言うんだもん。
なんかイヤな気分だったな…。",,untranslated,
DATA5.BIN#1601280,DATA5.BIN,1601280,对话,"もー、あったまきちゃった～！
だって",,untranslated,
DATA5.BIN#1601320,DATA5.BIN,1601320,对话,"ったら、
一緒に動物園で動物を見てたら
カップルは俺たちしかいないよ…だって。
冗談じゃないよ…。
もし…クラスのみんなにあんな風に
言いふらされてたら…って
考えただけで最悪だな…。",,untranslated,
DATA5.BIN#1601507,DATA5.BIN,1601507,对话,"期間限定でやってる
イヌねこランドを見に、",,untranslated,
DATA5.BIN#1601554,DATA5.BIN,1601554,对话,"と動物園に行った。
も～、最高にかわいかった～。
それに、彼も動物好きみたいだし。
やっぱり、動物を愛する人に
悪い人はいないっていうもんね。",,untranslated,
DATA5.BIN#1601698,DATA5.BIN,1601698,对话,のこと、もっと知りたいな…。,,untranslated,
DATA5.BIN#1601740,DATA5.BIN,1601740,对话,"と一緒に
ボウリングに行ったんだけど、
あんまりいい成績をわたしは残せなかった。
もうちょっとだったんだけどね。
そしたら彼、これが実力じゃない？　だって！
確かにそうかもしれないけど…
でも、はっきり言わなくたっていいじゃない。
もー、落ち込んじゃうなぁ…。
ボウリングの結果なんかより、あの言葉が
一番ショックだった…。",,untranslated,
DATA5.BIN#1602064,DATA5.BIN,1602064,对话,"今日はクリスマス…。
学校主催のパーティーに行ったら、",,untranslated,
DATA5.BIN#1602123,DATA5.BIN,1602123,对话,"に会った。
わたしが話しかけたら、
笑顔で答えてくれて、うれしかったな…。
最高にうれしいクリスマスだったよ。",,untranslated,
DATA5.BIN#1602236,DATA5.BIN,1602236,菜单,、ありがとう。,,untranslated,
DATA5.BIN#1602264,DATA5.BIN,1602264,对话,"のお誕生日って、ちょうど
クリスマスパーティーと同じ日なんだよね。
わたしパーティー会場で、プレゼントを
渡そうと思ったのに、彼ったら
なぜか来なかった…。
だからわたし、思い切って家まで行ったんだ。
どうしても、プレゼントをあげたくって…。
チャイムを鳴らす時、指が少し震えてた。
もし迷惑な顔されたらどうしようって。
でも、",,untranslated,
DATA5.BIN#1602588,DATA5.BIN,1602588,对话,"、すごく喜んでくれたみたい。
よかった。",,untranslated,
DATA5.BIN#1602636,DATA5.BIN,1602636,对话,"わたし、今年のクリスマスはきっと忘れない。
だって",,untranslated,
DATA5.BIN#1602690,DATA5.BIN,1602690,对话,"の家で、二人っきりで
パーティーしたんだもん。
そして、キャンドルを",,untranslated,
DATA5.BIN#1602761,DATA5.BIN,1602761,对话,"と
一緒に見つめたあの瞬間…。
まるでラブストーリーの１シーンみたいで
すごくロマンチックだったな。
こんなすてきなクリスマスを送れるなんて
なんだか夢みたい…。
ありがとう、",,untranslated,
DATA5.BIN#1602936,DATA5.BIN,1602936,对话,"…。
最高のクリスマスだったよ。",,untranslated,
DATA5.BIN#1603030,DATA5.BIN,1603030,对话,"が家に来てくれて
二人っきりでお祝いしたんだもん。
ちょっとハプニングはあったけど、
最後はホワイト・クリスマスになったし…。
こんなすてきなクリスマスを送れるなんて
なんだか夢みたい…。
ありがとう、",,untranslated,
DATA5.BIN#1603231,DATA5.BIN,1603231,对话,"。
最高のクリスマスだったよ。",,untranslated,
DATA5.BIN#1603280,DATA5.BIN,1603280,对话,"と初詣に行った。
彼が『何をお願いしたの？』って聞いてきたから、
『ひみつ』って答えたんだけど…
本当はね、もっともっと",,untranslated,
DATA5.BIN#1603402,DATA5.BIN,1603402,对话,"と
仲良くなれますようにってお願いしたんだよ。",,untranslated,
DATA5.BIN#1603453,DATA5.BIN,1603453,对话,"は、どんなお願いしたんだろう…。
わたしともっと仲良くなりたい…って
お願いしてくれていたら最高なんだけどな。
でも、一緒に初詣に来られただけでもうれしいな。
今年はきっといい年になる予感がする…。",,untranslated,
DATA5.BIN#1603667,DATA5.BIN,1603667,对话,"と初詣に行って来た。
学業、部活、友情、そして恋愛…。
すべてより良い方向に行きますようにって、
ちょっと欲張りなお願いしちゃった。",,untranslated,
DATA5.BIN#1603802,DATA5.BIN,1603802,对话,"には
『素敵な人と出会えますように…なんてね』
って言ったけど、本当は『なんてね』じゃないの。
わたしだって女の子。
素敵な出会いにはいつも憧れてるんだもん…。
今年一年、良い年になりますように。",,untranslated,
DATA5.BIN#1604013,DATA5.BIN,1604013,对话,"と初詣を一緒に行った。
本当はあんまり行く気しなかったんだけど、
なんか…行っちゃった。
まぁ、ひまだったしね。
今年も一年、無事に過ごせますようにって
お願いしたんだ。",,untranslated,
DATA5.BIN#1604184,DATA5.BIN,1604184,对话,"はどんなお願いしたんだろ…？
正直、あんまり興味ないから、
詳しくは聞かなかったけれどね…
今年一年、何事もなく暮らせますように。",,untranslated,
DATA5.BIN#1604331,DATA5.BIN,1604331,对话,"と初詣に行っちゃった。
わたしが彼に『何をお願いしたの？』
って聞いたら、逆に聞き返されちゃった。
だからわたしも『ひみつ』って答えたんだけど…
本当はね、もっともっと",,untranslated,
DATA5.BIN#1604551,DATA5.BIN,1604551,对话,"は、どんなお願いしたんだろう…。
でも、",,untranslated,
DATA5.BIN#1604595,DATA5.BIN,1604595,对话,"と一緒に初詣に来られたこと
だけでも最高だよね。
今年はいい年になりそうな予感がする…。",,untranslated,
DATA5.BIN#1604701,DATA5.BIN,1604701,对话,"と初詣に行って来た。
初めはどうしようかなって迷ったんだけど、
思い切って一緒に行った。
学業、部活、友情、そして恋愛…。
すべてより良い方向に行きますようにって、
ちょっと欲張りなお願いしちゃった。",,untranslated,
DATA5.BIN#1604902,DATA5.BIN,1604902,对话,"には『いろんなこと』って
言ったけど、
本当にいろんなことだったんだもん。
今年一年、良い年になりますように。",,untranslated,
DATA5.BIN#1605029,DATA5.BIN,1605029,对话,"と初詣を一緒に行った。
本当はあんまり行く気しなかったんだけど、
誘われたから…つい行っちゃった。
いろんなお願いしちゃったけど、
１０円じゃ効果ないかな…？
ふんぱつして１００円でも入れておけば
よかったかな…？
とりあえず、今年一年、
何事もなく暮らせますように。",,untranslated,
DATA5.BIN#1605309,DATA5.BIN,1605309,对话,"と初詣に行って来た。
も～、最高にうれしかったな～。
もちろん、お参りもしてきたよ。
それで、彼に何のお願いをしたか
聞かれたんだけど、
なんだか恥ずかしくなってはぐらかしちゃった。
だって…本人の目の前で言えるわけないじゃない。
でも、もう卒業まで後わずか…。
その頃にはいったい、どうなってるんだろう…？",,untranslated,
DATA5.BIN#1605629,DATA5.BIN,1605629,对话,"と初詣に行った。
それなりに楽しんだかな…？
彼ったらわたしに何のお願いをしたか
聞いてきた…。
素敵な出会いがありますようにって
ちゃんとお願いしたんだよ。
卒業まてあとわずか…
神様、どうかわたしのお願いを聞いて
くれますように…。
そして無事、わたしの進路の方も
うまくいきますように…。
……そういえば、",,untranslated,
DATA5.BIN#1605935,DATA5.BIN,1605935,对话,"はどんなお願いを
したんだろう…？",,untranslated,
DATA5.BIN#1605988,DATA5.BIN,1605988,对话,"と初詣に行った。
あんまり行く気はしなかったんだけど、
友達はみんな予定入っちゃってて、
ダメだったし、まぁ…いいかなって。
無病息災、家内安全…などなど、
いっぱいお願いした。
もちろん、今年で卒業だから
進路のこともお願いしておいた。
今年一年、うまく行きますように。",,untranslated,
DATA5.BIN#1606261,DATA5.BIN,1606261,对话,"今年のバレンタインデーは
思い切って、",,untranslated,
DATA5.BIN#1606303,DATA5.BIN,1606303,对话,"に
手作りチョコをプレゼントした。
胸の鼓動が聞こえちゃいそうなくらい
すっごくドキドキしてたけど…。
もらってくれてよかった～。
でも、目の前で開けられると恥ずかしいから
渡してすぐに帰っちゃった。
喜んで食べてくれてたらうれしいな。",,untranslated,
DATA5.BIN#1606541,DATA5.BIN,1606541,对话,"もー、緊張しちゃうね、
チョコをあげる瞬間って。",,untranslated,
DATA5.BIN#1606594,DATA5.BIN,1606594,对话,"、ちゃんと食べてくれてるかな…。
味は自信あるんだけど…。
美味しく食べてくれたらうれしいな。",,untranslated,
DATA5.BIN#1606695,DATA5.BIN,1606695,对话,"なんか…今日のわたしってすごく
イヤな子に映ったかな…。",,untranslated,
DATA5.BIN#1606756,DATA5.BIN,1606756,对话,"、わたしのチョコを
喜んで受け取ってくれた。
でも…他の子にもチョコを
もらってるのかな…って気になって、
思わず聞いちゃったの。",,untranslated,
DATA5.BIN#1606888,DATA5.BIN,1606888,对话,"、困ってたな…。
なんなんだろう、この気持ち…
もうよくわかんないよ…。",,untranslated,
DATA5.BIN#1606972,DATA5.BIN,1606972,对话,"が誕生日だったから、わたし、
思い切って彼にプレゼントあげちゃった。
彼も喜んでくれたみたいで
すごくうれしかったな…。",,untranslated,
DATA5.BIN#1607098,DATA5.BIN,1607098,对话,"今年の誕生日は、忘れられない日になりそう。
だって学校の帰りに",,untranslated,
DATA5.BIN#1607164,DATA5.BIN,1607164,对话,"から
バースデープレゼントをもらったんだもん。
わたしの誕生日をちゃんと
覚えてくれてたってだけで大感激だよ。
こういうのって、やっぱり
気持ちが大切だもんね。",,untranslated,
DATA5.BIN#1607394,DATA5.BIN,1607394,对话,"から
バースデープレゼントをもらったんだもん。
わたしの誕生日をちゃんと
覚えてくれてたってだけで大感激だよ。
プレゼントは…あんまり…良くはなかったけど…
でもその気持ちがうれしかったな。",,untranslated,
DATA5.BIN#1607588,DATA5.BIN,1607588,对话,"今年の誕生日…ちょっとうれしかったかな。
それは",,untranslated,
DATA5.BIN#1607640,DATA5.BIN,1607640,对话,"がわたしに
プレゼントをくれたから。
やっぱり",,untranslated,
DATA5.BIN#1607689,DATA5.BIN,1607689,对话,"、
友達思いのいい人だよね。
わたしの誕生日、
覚えててくれてありがとう。",,untranslated,
DATA5.BIN#1607870,DATA5.BIN,1607870,对话,"、
友達思いのいい人だよね。
わたしの誕生日、
覚えててくれてありがとう。
でも…もう少しわたし好みのプレゼントが
やっぱり欲しかったな。",,untranslated,
DATA5.BIN#1608012,DATA5.BIN,1608012,对话,"今年の誕生日はちょっと驚いちゃった。
まさか",,untranslated,
DATA5.BIN#1608060,DATA5.BIN,1608060,对话,"が、わたしに
誕生日プレゼントをくれるなんて
思ってなかったから…。
彼…わたしの誕生日を覚えててくれたんだ…。
うれしいんだけど、これからどういう風に
彼と接したらいいんだろ…って思っちゃう。
とりあえず",,untranslated,
DATA5.BIN#1608336,DATA5.BIN,1608336,对话,"が、わたしに
誕生日プレゼントをくれるなんて
思ってなかったから…。
彼、わたしの誕生日を覚えててくれたんだ。
でも、あのプレゼントはちょっと、ね…。
気持ちだけもらっておくことにしようっと。",,untranslated,
DATA5.BIN#1608532,DATA5.BIN,1608532,对话,今年の誕生日はずっと心に残るんだろうな…。,,untranslated,
DATA5.BIN#1608580,DATA5.BIN,1608580,对话,"も誕生日だったから、わたし、
学校の帰りにプレゼントあげたんだ。
彼、喜んでくれたみたいで
ホント勇気出してよかった。
そしたら彼からもプレゼントもらっちゃって、
すっごくうれしかった。
わたしの誕生日もちゃんと覚えててくれたんだ。
もう感激しちゃったよ～。",,untranslated,
DATA5.BIN#1608845,DATA5.BIN,1608845,对话,"の誕生日はちょうどお休みの日…。
でも、なんとかわたし、彼にプレゼントを
渡したかったから、
勇気を出して彼の家に行った。
…って言っても近所なんだけどね。",,untranslated,
DATA5.BIN#1609003,DATA5.BIN,1609003,对话,"、わたしが持ってきたプレゼントを
笑顔で受け取ってくれてうれしかった…。",,untranslated,
DATA5.BIN#1609080,DATA5.BIN,1609080,菜单,、お誕生日おめでとう。,,untranslated,
DATA5.BIN#1609111,DATA5.BIN,1609111,菜单,お休みの日に,,untranslated,
DATA5.BIN#1609128,DATA5.BIN,1609128,对话,"から
いきなり電話がかかってきて、
なんだろって思ってたら、
彼、わたしの為に誕生日プレゼントを
持ってきてくれたの…。
わたし、すっごくうれしくて、
感謝の気持ちをどうしても伝えたかったから
思い切ってわたしの部屋に招待しちゃった。
ちょっと恥ずかしかったけど…
でも…彼も喜んでくれたみたいだし、
いいよね。うん。",,untranslated,
DATA5.BIN#1609442,DATA5.BIN,1609442,对话,"、プレゼントどうもありがとう。
最高の想い出になったよ。",,untranslated,
DATA5.BIN#1609523,DATA5.BIN,1609523,对话,"から
いきなり電話がかかってきて、
なんだろって思ってたら、
彼、わたしの為に誕生日プレゼントを
持ってきてくれたの…。
わたし、すっごくうれしくて、
感謝の気持ちをどうしても伝えたかったから
思い切ってわたしの部屋に招待しちゃった。
ちょっと恥ずかしかったけど…
でも…彼も喜んでくれたみたいだし、
いいよね。うん。
プレゼントはちょっと好みじゃなかったけど、
最高の想い出になったよ…。",,untranslated,
DATA5.BIN#1609910,DATA5.BIN,1609910,对话,"今年の誕生日はちょっとうれしかったな。
いきなり電話が掛かってきて、
なんだろって思ってたら、
彼、わたしのために誕生日プレゼントを
持ってきてくれたの…。
彼、わたしの誕生日をちゃんと覚えてて
くれたんだ…。",,untranslated,
DATA5.BIN#1610120,DATA5.BIN,1610120,菜单,、どうもありがとう。,,untranslated,
DATA5.BIN#1610166,DATA5.BIN,1610166,对话,"から
いきなり電話が掛かってきて、
なんだろって思ってたら、
彼、わたしの為に誕生日プレゼントを
持ってきてくれたの…。
彼、わたしの誕生日をちゃんと覚えてて
くれたんだ…。
プレゼントはちょっと好みじゃなかったけど、",,untranslated,
DATA5.BIN#1610412,DATA5.BIN,1610412,对话,"今年の誕生日は…意外な人から
プレゼントをもらったんだ。
それは",,untranslated,
DATA5.BIN#1610479,DATA5.BIN,1610479,对话,"。
彼から電話がかかってきて、約束の場所に
行ったらプレゼントをくれた…。
彼、わたしの誕生日を覚えてたんだ…。
うれしいけど、なんか複雑な気分だよね。
そんなに仲良くもないのに
プレゼントくれるなんて思ってなかったから…。
もらってよかったのかな…
それとも返した方がいいのかな…。
とにかく",,untranslated,
DATA5.BIN#1610769,DATA5.BIN,1610769,菜单,、わざわざありがとう。,,untranslated,
DATA5.BIN#1610800,DATA5.BIN,1610800,对话,今年の誕生日はちょっと特別だった。,,untranslated,
DATA5.BIN#1610840,DATA5.BIN,1610840,对话,"の誕生日だったけど
ちょうどお休みだから、
プレゼントを持って、彼の家に行ったの。
そしたら彼からもわたしにプレゼントだって。
まさかもらえるとは思ってなかったから、
すごくうれしくて…。",,untranslated,
DATA5.BIN#1611029,DATA5.BIN,1611029,对话,"、わたしの誕生日、
覚えててくれてたんだね。
そういえば、お誕生日が一緒の人同士って、
すごく相性いいんだって。
ちょっと期待しちゃうな…。",,untranslated,
DATA5.BIN#1611214,DATA5.BIN,1611214,对话,"の誕生日だったけど
ちょうどお休みだから、
プレゼントを持って、彼の家に行ったの。
そしたら彼からもわたしにプレゼントだって。
まさかもらえるとは思ってなかったから、
すごくうれしくて…。
プレゼントの中身なんてどうでもいいの。
わたしの誕生日、覚えててくれてた…
それがとってもうれしかった。
そういえば、お誕生日が一緒の人同士って、
すごく相性いいんだって。
ちょっと期待しちゃうな…。",,untranslated,
DATA5.BIN#1611602,DATA5.BIN,1611602,对话,"修学旅行の２日目は阿寒湖に行った。
すごくきれいだったな…。",,untranslated,
DATA5.BIN#1611667,DATA5.BIN,1611667,对话,"は『修学旅行じゃなければ
もっとよかったのに』だって。
うん、わたしも同感だよ。
これが普通の旅行だったらなぁ…なんて
ちょっと想像しちゃった。
できれば、二人っきりで…
なんてね。えへ。",,untranslated,
DATA5.BIN#1611858,DATA5.BIN,1611858,对话,"修学旅行の２日目は観光スポットの定番・
日光東照宮に行った。
奥ゆかしい建物はやっぱりすごいよね。
なんか…心洗われるって感じがするもん。
そんな中、わたし面白いサルの置き彫りを
発見して喜んでたんだけど…
彼ってば、『みんな知ってるよ、普通は』
って冷たく言うんだもん。
なんかわたし、一人はしゃいでたのが
恥ずかしくなっちゃった…。",,untranslated,
DATA5.BIN#1612194,DATA5.BIN,1612194,对话,"修学旅行２日目は清水寺！
清水の舞台って
すっごく高くて驚いちゃった。
『清水の舞台から飛び降りる』って
よく言うけど、あんな所から飛び降りるなんて、
相当勇気がいることだと改めて思ったな。
そしたら",,untranslated,
DATA5.BIN#1612393,DATA5.BIN,1612393,对话,"、
『オレならできる』だって。
冗談だってわかってたから、わたしも
だったらやってみて、なんて
笑って言えたけど、
本当に飛び降りるんだったら
泣いて止めると思うな。",,untranslated,
DATA5.BIN#1612562,DATA5.BIN,1612562,对话,"修学旅行の２日目は沖縄名物らしい
ハブとマングースの対決ショーを見に行った。
ちょっと怖かった…。
彼も『動物でもケンカはよくない』って
言ってくれてわたしとしてはうれしかった。
やっぱり気が合うみたい。",,untranslated,
DATA5.BIN#1612770,DATA5.BIN,1612770,对话,"修学旅行３日目は、なんと国会議事堂だよ～。
日本の政治の中心の所だよね。
有名な人が見られるかなって思ったんだけど、
日が違ってて見られなかった。
でも、",,untranslated,
DATA5.BIN#1612925,DATA5.BIN,1612925,对话,"がカッコいいこと
言ってくれたから、
わたしとしては大満足かな？　えへへ…。
『将来はオレがここを仕切ってみせる！』か。
やっぱり男の子って、頼りがいある人が
いいよね。うん。",,untranslated,
DATA5.BIN#1613105,DATA5.BIN,1613105,对话,"修学旅行３日目は、奈良公園。
子鹿がいっぱいいて、かわいかったな…。
おせんべいをパクパク食べる姿なんて
もう…最高にかわいいもん～。
でも、",,untranslated,
DATA5.BIN#1613248,DATA5.BIN,1613248,对话,"ったらとんでもないこと
言うんだもん！
『餌が欲しいからこびてるだけ』だって。
絶対、そんなことないに決まってるのに！
あのつぶらな瞳を見れば、わかるよ～。
わたし、そういう斜に構えた見方をする
人って、あんまり好きになれないな…。",,untranslated,
DATA5.BIN#1613483,DATA5.BIN,1613483,对话,"修学旅行３日目は阿蘇山に行ったの。
すっごく広い草原にただただビックリ！
馬も気持ちよさそうに走ってたな…。
でも、",,untranslated,
DATA5.BIN#1613601,DATA5.BIN,1613601,对话,"は『そろそろ戻らない？』
なんて言いだして…ガッカリしちゃった。
そんなにつまらない場所だったかな？
それとも…あまり考えたくないけど、
わたしと一緒に見学してるのが
つまらなかったのかな…。
だとしたら…ショックだな…。",,untranslated,
DATA5.BIN#1613826,DATA5.BIN,1613826,对话,"修学旅行の４日目はハリストス教会って
ところに",,untranslated,
DATA5.BIN#1613876,DATA5.BIN,1613876,对话,"と一緒に行った。
とっても素敵な教会…
ロマンチックだったな～。
彼に、わたしのウェディングドレスって
キレイだろうね…って言われて
すっごくうれしかった。
あ、でも、なんでそんな風に言ったんだろ…。
ひょっとして……。
ま、まさかね、考えすぎだよね。",,untranslated,
DATA5.BIN#1614129,DATA5.BIN,1614129,对话,"修学旅行４日目は竹下通りに行ってきた。
やっぱり若者の文化発祥の地だよね～。
人もいっぱいで、すごかったな…。",,untranslated,
DATA5.BIN#1614243,DATA5.BIN,1614243,对话,"も、ちょっと驚いてたみたい…。
ところで、竹下通りに来たら、
当然クレープだよね～。",,untranslated,
DATA5.BIN#1614331,DATA5.BIN,1614331,对话,"と一緒に食べたんだけど、
味なんかどうでもいいの。
あの場所でクレープを食べているっていうのが、
いいんだよね。
なんかすっかりお上りさん気分だったけど…
まぁ、しょうがないよね。うん。
とっても楽しかった。",,untranslated,
DATA5.BIN#1614542,DATA5.BIN,1614542,菜单,修学旅行最後の夜、,,untranslated,
DATA5.BIN#1614565,DATA5.BIN,1614565,对话,"と一緒に
夜景を見に行った。
すっごくきれいだったな…。
ロマンチックな時間を過ごせて
心からありがとう…って言いたいな。",,untranslated,
DATA5.BIN#1614689,DATA5.BIN,1614689,对话,"と一緒に来られたこと
すごく感謝してる…。
一緒にあんな素敵な夜景を
見られたこともうれしいし…
それに、昔のわたしだったら、
勇気を出して彼を夜景に誘うことなんて
できなかったハズだもん…。
それだけわたしが変わってきたんだよね…
いい意味で。
できれば…また一緒に行けたらいいな。",,untranslated,
DATA5.BIN#1614978,DATA5.BIN,1614978,对话,"と花火大会に行ったら、
ちとせと会った。
でも…ちとせ、なんか変だったな。
妙に笑顔がひきつってたような…
わたし、ちとせに何かしたかな？
今度会ったら聞いてみなくっちゃ。",,untranslated,
DATA5.BIN#1615159,DATA5.BIN,1615159,对话,"と花火大会に行ったら、
なんとちとせに会っちゃった。
なんだかすっごく照れくさくって
あんまりちとせの顔、見られなかった。
ちとせは",,untranslated,
DATA5.BIN#1615292,DATA5.BIN,1615292,对话,"のこと、
そんなによくは思ってないみたいだけど、
わたしは…すごくいい人だと思うよ。
一緒にいるとすごく楽しいし、
ちとせもきっと仲良くなれると思うんだけどな。",,untranslated,
DATA5.BIN#1615462,DATA5.BIN,1615462,对话,"と花火大会に行ったら、
ちとせと会った…。
なんか…気まずい雰囲気になっちゃって…
困っちゃったな…。
さっきちとせの所に電話かけたら、
『そんなこと気にしてたん？』
って明るく言ってくれたけど…
ちとせ、本心はどうなの？
ちとせも、",,untranslated,
DATA5.BIN#1615693,DATA5.BIN,1615693,对话,"のこと……。
そ、そんなわけないよね。
なにわたし、一人で勝手に
想像しちゃってるんだろ…。
なんか今日のわたしってヘンだよね…。",,untranslated,
DATA5.BIN#1615833,DATA5.BIN,1615833,对话,"と花火大会に行ったら、
かずみと会った。
でも…かずみ、なんか変だったな。
妙に慌てていなくなっちゃったし…。
わたし、かずみに何かしたかな？
今度会ったら聞いてみなくっちゃ。",,untranslated,
DATA5.BIN#1616018,DATA5.BIN,1616018,对话,"と花火大会に行ったら、
なんとかずみに会っちゃった。
なんだかすっごく照れくさくって
あんまりかずみの顔、見られなかった。
かずみはバイトでお祭りに来てたみたい。
ま、かずみらしいかな。",,untranslated,
DATA5.BIN#1616213,DATA5.BIN,1616213,对话,"と花火大会に行ったら、
かずみと会った…。
なんか…気まずい雰囲気になっちゃって…
困っちゃったな…。
さっきかずみの所に電話かけたら、
まだバイトから帰ってきてないみたい…
留守電になってた。
だから、わたし、誤解しないでねって
一応メッセージ残したんだけど…
こんなこと考えたくないけど、
かずみ、居留守じゃないよね？
かずみの本心が知りたいな…。
かずみも、",,untranslated,
DATA5.BIN#1616710,DATA5.BIN,1616710,对话,"と縁日に行ったら、
ちとせと会った。
でも…ちとせ、なんか変だったな。
妙に笑顔がひきつってたような…
わたし、ちとせに何かしたかな？
今度会ったら聞いてみなくっちゃ。",,untranslated,
DATA5.BIN#1616887,DATA5.BIN,1616887,对话,"と縁日に行ったら、
なんとちとせに会っちゃった。
なんだかすっごく照れくさくって、
あんまりちとせの顔、見られなかった。
ちとせは",,untranslated,
DATA5.BIN#1617018,DATA5.BIN,1617018,对话,"のこと、
そんなによくは思ってないみたいだけど、
わたしは…すごくいい人だと思うよ。
なんでちとせは、彼の良さをわかって
くれないんだろ…？
一緒にいるとすごく楽しいし、
ちとせもきっと仲良くなれると思うんだけどな。",,untranslated,
DATA5.BIN#1617242,DATA5.BIN,1617242,对话,"と縁日に行ったら、
ちとせと会った…。
なんか…気まずい雰囲気になっちゃって…
困っちゃったな…。
さっきちとせの所に電話かけたら、
『そんなこと気にしてたん？』
って明るく言ってくれたけど…
ちとせ、本心はどうなの？
ちとせも、",,untranslated,
DATA5.BIN#1617609,DATA5.BIN,1617609,对话,"と縁日に行ったら、
かずみと会った。
でも…かずみ、なんか変だったな。
妙に慌てていなくなっちゃったし…。
わたし、かずみに何かしたかな？
今度会ったら聞いてみなくっちゃ。",,untranslated,
DATA5.BIN#1617790,DATA5.BIN,1617790,对话,"と縁日に行ったら、
なんとかずみに会っちゃった。
だけど、なんか変なんだよね。
わたし、あんまりかずみの顔、見られなくて…。
照れくさいし、すっごく恥ずかしい…。
かずみはバイトでお祭りに来てたみたい。
えへへ…らしいけどね。
かずみもたまには、バイトを休んで
わたしと一緒に遊んでくれてもいいのにな…。",,untranslated,
DATA5.BIN#1618100,DATA5.BIN,1618100,对话,"と縁日に行ったら、
かずみと会った…。
なんか…気まずい雰囲気になっちゃって…
困っちゃったな…。
さっきかずみの所に電話かけたら、
まだバイトから帰ってきてないみたい…
留守電になってた。
だから、わたし、誤解しないでねって
一応メッセージ残したんだけど…
こんなこと考えたくないけど、
かずみ、居留守じゃないよね？
かずみの本心が知りたいな…。
かずみも、",,untranslated,
DATA5.BIN#1618588,DATA5.BIN,1618588,对话,"今日からいよいよ修学旅行、すっごく楽しみだな。
約一週間の旅行でちょっと長いけど、
いろんな思い出が残せたら最高だよね、うん。",,untranslated,
DATA5.BIN#1618718,DATA5.BIN,1618718,对话,"も一緒だし…。えへへ…。
楽しい修学旅行になりますように…。",,untranslated,
DATA5.BIN#1618786,DATA5.BIN,1618786,对话,"今年の誕生日は意外な人から
プレゼントをもらったんだ。
それは",,untranslated,
DATA5.BIN#1618851,DATA5.BIN,1618851,对话,"。
しかもわざわざ家の近くまでプレゼントを
持ってきてくれた。
わたしの誕生日を覚えててくれたんだ。
うれしいけど、なんか複雑な気分だよね。
そんなに仲良くもないのに
プレゼントくれるなんて思ってなかったから。
あんまり好みじゃなかったけど…。
とにかく",,untranslated,
DATA5.BIN#1619133,DATA5.BIN,1619133,对话,"いよいよ明日は卒業式。
わたし、決めたんだ。
どんな結果になってもかまわないから、
彼にこの気持ちを伝えようって。
だって、後悔だけはしたくないもん。
…うん。きっと大丈夫。
明日で、弱気な自分から
卒業してみせるんだから。
勇気をだして…。",,untranslated,
DATA5.BIN#1619376,DATA5.BIN,1619376,对话,駄菓子屋さんで買ったお菓子が余ったから、,,untranslated,
DATA5.BIN#1619422,DATA5.BIN,1619422,对话,"にあげたら喜んでくれた。
どこで買ったのって聞かれて、
おばあちゃんのお店の話をしたら
興味を持ってくれたみたい。
一度学校帰りに",,untranslated,
DATA5.BIN#1619553,DATA5.BIN,1619553,对话,"も誘ってみようかな？
おばあちゃん、にぎやかなのが好きみたいだし
きっと",,untranslated,
DATA5.BIN#1619628,DATA5.BIN,1619628,菜单,とも仲良くなれると思う。,,untranslated,
DATA5.BIN#1619666,DATA5.BIN,1619666,对话,"を駄菓子屋に誘った。
おばあちゃんも、いつもわたしが話している
彼に会いたがってたし。
でも、おばあちゃんと",,untranslated,
DATA5.BIN#1619776,DATA5.BIN,1619776,对话,"が会ったら
なんか…険悪な雰囲気になってきて…
ちょっと困っちゃったな。",,untranslated,
DATA5.BIN#1619859,DATA5.BIN,1619859,对话,"だけど、
おばあちゃん…どうしちゃったんだろう？
急に不機嫌になっちゃうんだもん。
でもおばあちゃん、",,untranslated,
DATA5.BIN#1619963,DATA5.BIN,1619963,对话,"と
話しているうちに
なんだかイキイキしてきたみたい。
なんだかんだ言っても",,untranslated,
DATA5.BIN#1620041,DATA5.BIN,1620041,对话,"のこと、
けっこう気に入ったのかな？",,untranslated,
DATA5.BIN#1620090,DATA5.BIN,1620090,对话,"をまた駄菓子屋に誘った。
なんだかんだ言ってもおばあちゃん、
彼と話しているのが楽しそうだし、
わたしももちろん、一緒にいて楽しいから。
おばあちゃんは",,untranslated,
DATA5.BIN#1620243,DATA5.BIN,1620243,对话,"のこと、
気に入ってくれてるみたいで
わたしもすごくうれしいな。
相変わらず、",,untranslated,
DATA5.BIN#1620323,DATA5.BIN,1620323,对话,"には
ぽんぽんとキツイことを言うけど、
男の子だし、信頼してるから
ああいう風に本音を言えるんだよね。",,untranslated,
DATA5.BIN#1620428,DATA5.BIN,1620428,对话,"も、おばあちゃんの優しさに
気づいてくれたかな…。",,untranslated,
DATA5.BIN#1620486,DATA5.BIN,1620486,菜单,ちとせに頼んで,,untranslated,
DATA5.BIN#1620505,DATA5.BIN,1620505,对话,"に言ってきて
もらっちゃった。
わたしと白鳥くんがつきあってるってことが
根も葉もない噂だよってコトを。
だって、これ以上誤解されてたらイヤだもん。
ちとせは、ちゃんと伝えてくれたって。
どうもありがと。",,untranslated,
DATA5.BIN#1620712,DATA5.BIN,1620712,菜单,とうとう,,untranslated,
DATA5.BIN#1620725,DATA5.BIN,1620725,对话,"に言ってきちゃった。
わたしと白鳥くんがつきあってるってことが
根も葉もない噂だよってコトを。
だって、これ以上誤解されてたらイヤだもん。
彼はわたしの話、信じてくれたかな…。
信じてほしいな…。",,untranslated,
DATA5.BIN#1620944,DATA5.BIN,1620944,对话,"に言ってきて
もらっちゃった。
わたしと矢部くんがつきあってるってことが
根も葉もない噂だよってコトを。
だって、これ以上誤解されてたらイヤだもん。
ちとせは、ちゃんと伝えておいたって。
どうもありがと。",,untranslated,
DATA5.BIN#1621164,DATA5.BIN,1621164,对话,"に言ってきちゃった。
わたしと矢部くんがつきあってるってことが
根も葉もない噂だよってコトを。
だって、これ以上誤解されてたらイヤだもん。
彼はわたしの話、信じてくれたかな…。
信じてほしいな…。",,untranslated,
DATA5.BIN#1621364,DATA5.BIN,1621364,对话,"おばあちゃんって、あんな素敵な
思い出があったんだ～。
なんだかわたしまで、心がほわっとなって
温かくなっちゃった、えへへ。
でもその後のお話がちょっと長かったかな…",,untranslated,
DATA5.BIN#1621527,DATA5.BIN,1621527,对话,"C
まぁ、それだけ元気だって証拠だよね。
でも結局、その好きだった人とおばあちゃん、
どうなったんだろう？
ちょっと気になるな…。",,untranslated,
DATA5.BIN#1621661,DATA5.BIN,1621661,对话,"おばあちゃんが倒れちゃった……。
あれだけ身体には気をつけてねって言ってたのに…。
おばあちゃん…早く元気になってね…。
わたし心から祈ってる…。",,untranslated,
DATA5.BIN#1621813,DATA5.BIN,1621813,对话,"おばあちゃんが天国に行っちゃった…。
あまりにも早すぎるよ…。
わたしはおばあちゃんのこと、
本当のおばあちゃんのように大好きだった。
寂しい時、悲しい時、つらい時、
いつもわたしの話を聞いてくれて
優しいけれど、時には厳しいことも言ってくれて…。
なのに…もう会えないだなんて…。
なんだか…もう何にも考えたくないな…。",,untranslated,
DATA5.BIN#1622141,DATA5.BIN,1622141,对话,"、ありがとう…。
わたしの所に電話くれて…。
でもね、もうちょっと待って…
もうちょっとで、歩き出せそうな気がするの…。
だから……。",,untranslated,
DATA5.BIN#1622280,DATA5.BIN,1622280,菜单,今日、久しぶりに,,untranslated,
DATA5.BIN#1622301,DATA5.BIN,1622301,对话,"に笑顔で
『おはよう』って言ってきた。
彼、最初は戸惑ってたけど、
いつものような笑顔で答えてくれた。
ほんと",,untranslated,
DATA5.BIN#1622412,DATA5.BIN,1622412,对话,"には迷惑かけてばっかり…。
恥ずかしかったけどお礼言っちゃった。",,untranslated,
DATA5.BIN#1622481,DATA5.BIN,1622481,对话,"、わたしのことを
心配してくれてうれしかったよ。
また明日からも元気にがんばろうっと。",,untranslated,
DATA5.BIN#1622574,DATA5.BIN,1622574,对话,わたしってイヤな子だよね…。,,untranslated,
DATA5.BIN#1622608,DATA5.BIN,1622608,对话,"におつきあいする人が
できたって聞いて、
お祝いを言いにいったの。
でも、どうしても心からおめでとうって
言える気分にはなれなかった。
どうしてこんな気持ちになるんだろう…？
もう、自分で自分がわからないよ…。",,untranslated,
DATA5.BIN#1622821,DATA5.BIN,1622821,菜单,おばあちゃんの手紙を,,untranslated,
DATA5.BIN#1622847,DATA5.BIN,1622847,对话,"と一緒に読んだ。
おばあちゃんは大好きな人に
想いを伝えられなかったことを
ずっと後悔していたんだね…。
わたし、おばあちゃんがあの手紙で
何を伝えたかったか
なんとなくだけど、わかったよ。
でも、やっぱり怖いんだ。
正直、自分でもどうしたいのか、
まだわからない…。
でも…卒業式の日までには、
自分の気持ちに整理をつけなくちゃ
いけないよね…。",,untranslated,
DATA5.BIN#1623192,DATA5.BIN,1623192,菜单,シナリオ終了,,untranslated,
DATA5.BIN#1624313,DATA5.BIN,1624313,对话,"と一緒に遊びに行くの、
初めてだったからちょっと緊張しちゃった。
だけど、すっごく楽しかったな。
話も合うし、すぐに仲良くなったもん。
また遊びに行きたいな。",,untranslated,
DATA5.BIN#1624481,DATA5.BIN,1624481,对话,"と一緒に遊びに行くの、
初めてだったからちょっと緊張しちゃった。
だけど、けっこう楽しかったな。
また遊びに行ってもいいかな？",,untranslated,
DATA5.BIN#1624618,DATA5.BIN,1624618,对话,"と一緒に遊びに行くの、
初めてだったからちょっと緊張しちゃった。
ちょっと話合わない感じしたけど、
まだ馴れてないもんね。
もうちょっと観察してみようっと。",,untranslated,
DATA5.BIN#1624784,DATA5.BIN,1624784,对话,"と一緒に遊びに行くの、
初めてだったからちょっと緊張しちゃった。
そのせいかなぁ。あんまり楽しくなかった。
話もイマイチ合わないし…。
あれで変わった行動パターンとか
見せてくれたらまだマシなんだけどなぁ。",,untranslated,
DATA5.BIN#1624999,DATA5.BIN,1624999,对话,"と一緒に遊びに行くの、
初めてだったからちょっと緊張しちゃった。
そのせいかなぁ。ちっとも楽しくなくって、
なんか疲れちゃった。
話もまるで合わないし…。
趣味とか全然違うし。
あれで変わった行動パターンとか
見せてくれたらまだマシなんだけどなぁ。",,untranslated,
DATA5.BIN#1625254,DATA5.BIN,1625254,对话,"ってやっぱり面白いな。
一緒に遊んでると、ホントにワクワクしてくるもん。
お話もすっごく合うし。
時間、忘れちゃいそう",,untranslated,
DATA5.BIN#1625370,DATA5.BIN,1625370,对话,"D
趣味が合うのかな、やっぱり。",,untranslated,
DATA5.BIN#1625414,DATA5.BIN,1625414,对话,"ってけっこう面白いな。
一緒に遊んでると、退屈しないもん。
お話だって合わないこともないし。
時々ついてきてくれないこともあるけどさ。
だけどそんなに悪くないよね。
わたしたち、けっこう趣味合いそう。",,untranslated,
DATA5.BIN#1625623,DATA5.BIN,1625623,对话,"ってあんまり面白くないな。
一緒に遊んでると、時々退屈しちゃうもん。
時々、わたしの言うコト理解してくれないし、
わたしのわかんないコト言うし…。
あんまり話、合わないみたい。
趣味とかもイマイチかなぁ…。",,untranslated,
DATA5.BIN#1625838,DATA5.BIN,1625838,对话,"って全然面白くない。
一緒に遊んでても、やる気なくしちゃうもん。
わたしの言うコト全然わかんないみたいだし、
わたしの知らない話しかしないし…。
疲れちゃうんだよね。趣味も完全にズレてるしさぁ。
やっぱり",,untranslated,
DATA5.BIN#1626042,DATA5.BIN,1626042,菜单,とは合わないんだね。,,untranslated,
DATA5.BIN#1626071,DATA5.BIN,1626071,对话,なんでかなぁ…すっごく不思議。,,untranslated,
DATA5.BIN#1626107,DATA5.BIN,1626107,对话,と一緒にいると、とっても楽しいの。,,untranslated,
DATA5.BIN#1626147,DATA5.BIN,1626147,对话,"が何か言うと、それだけで
ドキドキしちゃって…。
…なんだか自分が変わっちゃったみたい。
だけど、ちっともイヤな感じじゃないの。
ホント、",,untranslated,
DATA5.BIN#1626286,DATA5.BIN,1626286,菜单,って楽しいな,,untranslated,
DATA5.BIN#1626308,DATA5.BIN,1626308,对话,"…なんかイヤだなぁ。
いつもは",,untranslated,
DATA5.BIN#1626342,DATA5.BIN,1626342,对话,"といると、わたし、
すっごく楽しいのに…。
…なんであんなコト、言うのかなぁ。
わたし、すっごく悲しかったんだよ。",,untranslated,
DATA5.BIN#1626459,DATA5.BIN,1626459,菜单,のバカ…。,,untranslated,
DATA5.BIN#1626483,DATA5.BIN,1626483,对话,"と一緒に
河川敷公園に行ったら、
セミがいっぱい鳴いてた。
そうしたら",,untranslated,
DATA5.BIN#1626555,DATA5.BIN,1626555,对话,"、
『短い生涯を精いっぱい生きてるんだね』
なんて言うんだもん。
わたし、イヤなこと、思い出しちゃった。
昆虫セットも嫌いだし、生き物が死ぬのも
大嫌い…。",,untranslated,
DATA5.BIN#1626736,DATA5.BIN,1626736,对话,"のこと、
よくわかんなくなっちゃった。
一緒に河川敷公園に行ったら雨が降ってたんだけど、
『春の雨に濡れるのも、風流でいいよ』だって。",,untranslated,
DATA5.BIN#1626873,DATA5.BIN,1626873,对话,"って時々、変なコト言うんだもん。
一緒にいると疲れるなぁ。",,untranslated,
DATA5.BIN#1626939,DATA5.BIN,1626939,对话,ちょっといいことがあったな。,,untranslated,
DATA5.BIN#1626973,DATA5.BIN,1626973,对话,"と一緒に
河川敷公園に行ったんだけど、
すごく寒くて、わたし、
『気象コントロール装置作りたい』って
言っちゃった。
そしたら",,untranslated,
DATA5.BIN#1627099,DATA5.BIN,1627099,对话,"、
『自然の摂理に逆らうのも人間の能力だよね』って。
すごくうれしかった。
わたしのしてたことって、間違いじゃないんだって。",,untranslated,
DATA5.BIN#1627234,DATA5.BIN,1627234,对话,"と一緒に河川敷公園に行って、
とっても楽しかった。
つくしがいっぱい生えてるって教えてあげたら、",,untranslated,
DATA5.BIN#1627334,DATA5.BIN,1627334,对话,"がね、
『つくしって、なんとなくロケットに似てるよね』
なんて言うの。
わたし、思わず笑っちゃった。
だって、わたしと同じこと考えてたんだもん。
つくしをロケットに改造するの、楽しいもんね。",,untranslated,
DATA5.BIN#1627533,DATA5.BIN,1627533,对话,"と一緒に
河川敷公園に行ったけど、
ムカッとしちゃった。
日差しがきつかったから、わたし、
『紫外線の量が多いのかなぁ』って言ったんだけど、
そしたら『日焼けした方が健康的になるよ』だって。
わたし、そんなの全然わかんない。
なんか趣味、合わないみたい。",,untranslated,
DATA5.BIN#1627794,DATA5.BIN,1627794,对话,"と一緒に
河川敷に行った時、
頭の上をジェット戦闘機が飛んでった。
矢部くんが言ってたんだけど、高度に電子化された
戦闘機の姿勢制御技術って、巨大ロボに応用
できるかもしれないんだよね。
だけど",,untranslated,
DATA5.BIN#1627987,DATA5.BIN,1627987,对话,"、
『男は戦闘機よりも戦車だよ』だって。
わたし、思わず納得しちゃった。
妙に説得力あるんだもん。
確かに戦闘機より戦車の方がロボットっぽいもんね。",,untranslated,
DATA5.BIN#1628137,DATA5.BIN,1628137,对话,と会うのが楽しみになってきたな,,untranslated,
DATA5.BIN#1628177,DATA5.BIN,1628177,对话,わたし、がっかりしちゃった。,,untranslated,
DATA5.BIN#1628211,DATA5.BIN,1628211,对话,"と一緒に
河川敷公園に行った時、
ジャングルジムがあったから、わたし、
小さい頃にジャングルジムで
秘密基地作った話をしたんだけど、
そしたら",,untranslated,
DATA5.BIN#1628353,DATA5.BIN,1628353,对话,"、
『そんなことしてるからゴミが増えるんだ』って。
そんなつまんないこと言う人なんて思わなかった。
思考が硬直してるんだよなぁ。",,untranslated,
DATA5.BIN#1628492,DATA5.BIN,1628492,对话,"と一緒に
展望台に遊びに行った。
わたし、展望台って大好き。
高くって見晴らしいいもんね。
そう言ったら",,untranslated,
DATA5.BIN#1628597,DATA5.BIN,1628597,对话,"も
『もっと高かったらよかったね』だって。
やっぱり",,untranslated,
DATA5.BIN#1628652,DATA5.BIN,1628652,对话,"とは気が合うみたい。
えへへ、また会うのが楽しみだな",,untranslated,
DATA5.BIN#1628718,DATA5.BIN,1628718,对话,"と一緒に
展望台に遊びに行ったんだけど、
つまんなかったな。
わたしが展望台って高いから
楽しいって言ったら、
『俺、高い所は苦手なんだ』なんて
言うんだもん。
全然気が合わないの。
楽しくないなぁ。",,untranslated,
DATA5.BIN#1628924,DATA5.BIN,1628924,对话,"と一緒に
展望台に行ったんだけど、
すごく楽しかったな",,untranslated,
DATA5.BIN#1628977,DATA5.BIN,1628977,对话,"D
わたしがマリンブリッジがカッコいいって言ったら、
『幾何学的な形が美しいよね』って言ってくれた。",,untranslated,
DATA5.BIN#1629080,DATA5.BIN,1629080,对话,"、わたしと同じ
感覚してるみたい。",,untranslated,
DATA5.BIN#1629122,DATA5.BIN,1629122,对话,わたし、すっごくムカついちゃった。,,untranslated,
DATA5.BIN#1629162,DATA5.BIN,1629162,对话,"と一緒に展望台に行って、
人がたくさんいるよって言ったんだけど、
そしたら",,untranslated,
DATA5.BIN#1629239,DATA5.BIN,1629239,对话,"、
『こんなつまんない所、よく来るよなぁ』だって。
わたし、展望台って好きなのに。",,untranslated,
DATA5.BIN#1629337,DATA5.BIN,1629337,对话,"と丘の上公園に行った。
あそこの並木道って何もないから退屈だけど、
空が見えないところは好きかな。
わたしがそう言ったら、",,untranslated,
DATA5.BIN#1629461,DATA5.BIN,1629461,对话,"、
『この閉塞感がたまらないね』だって。
わたしの考えてたこととピッタリ。
なんかうれしくなっちゃった。
やっぱり",,untranslated,
DATA5.BIN#1629576,DATA5.BIN,1629576,菜单,、面白いな,,untranslated,
DATA5.BIN#1629601,DATA5.BIN,1629601,对话,"、思ったほど楽しくないなぁ。
だって、『フラクタル構造』も知らないんだもん。
一緒に公園の並木道に行った時、わたし、
木の枝がフラクタル構造だって言ったのに、
『どういう意味？』なんて聞くんだもん。
数学の基本概念もわかんないなんて、わたし、
がっかりしちゃった。",,untranslated,
DATA5.BIN#1629873,DATA5.BIN,1629873,对话,"と丘の上公園の
並木道に行った。
桜がいっぱい咲いてきれいだったけど、
わたしはあんまり楽しくなかった。
だって単調ですぐに飽きちゃうもん。
なのに",,untranslated,
DATA5.BIN#1630021,DATA5.BIN,1630021,对话,"、
『きれいなだけで充分』だって。
そんなのつまんないのにねぇ。
よくわかんないな、",,untranslated,
DATA5.BIN#1630123,DATA5.BIN,1630123,对话,"と丘の上公園の
並木道に行ったけど、
お花見の人たちですごくうるさかった。
あの道、ふだんはすごく静まり返ってて、わたし、
そういう雰囲気って好きじゃない。
『にぎやかでいいんじゃないの？』って",,untranslated,
DATA5.BIN#1630318,DATA5.BIN,1630318,对话,"は言ってたけど、
わたし、そういうのも好きじゃないんだよね。
やっぱり、あそこって退屈な場所だなぁ。",,untranslated,
DATA5.BIN#1630422,DATA5.BIN,1630422,对话,"が一緒にいてくれたから
よかったけど。
次からはもっと別の場所に連れて行ってほしいなぁ。",,untranslated,
DATA5.BIN#1630522,DATA5.BIN,1630522,对话,"と公園に
桜を見に行ったんだけど、
なんだかうれしかったな。
わたし、桜を見てると不思議な気分になったの。
ひょっとして、桜の木が大気中に
特殊な物質を放出してるせいかなって言ったら、",,untranslated,
DATA5.BIN#1630707,DATA5.BIN,1630707,对话,"、桜の美しさのせいだって言うの。
ぜんぜん論理的じゃないんだけど、わたし、
ちっともおかしいって思わなかったもん。
それが当たり前って気がして、すごく不思議だった。
一人で行った時はそんな感じしなかったのに。",,untranslated,
DATA5.BIN#1630917,DATA5.BIN,1630917,对话,"と一緒にいると、すっごく楽しい。
なんだかドキドキして、変な感じがして……。
やっぱり",,untranslated,
DATA5.BIN#1631006,DATA5.BIN,1631006,菜单,って面白いな。,,untranslated,
DATA5.BIN#1631034,DATA5.BIN,1631034,对话,"と商店街の
ファンシーショップで買い物してきた。
かわいいボールペンがあったんで、
『ピンクのとブルーのと、
どっちがカワイイかなぁ？』
って聞いたら、
『ピンクの方がかわいいよ』って言ってくれた。
わたし、ちょっとうれしかった。
だって、ピンクって好きなんだもん。
昔観たアニメで、ロボットの発射したビームが
ピンク色だったから。
やっぱりビームはピンク色だよね",,untranslated,
DATA5.BIN#1631397,DATA5.BIN,1631397,对话,わたし、すごくムカついちゃった。,,untranslated,
DATA5.BIN#1631435,DATA5.BIN,1631435,对话,"と商店街の
ファンシーショップに行ったんだけど、
あそこって女の子ばっかりだから『抵抗感ない？』
って聞いてみたら、
『わたしと一緒だから恥ずかしい』なんて言うから
ムカついちゃった。
そんなに一緒にいるのがイヤなんだ。",,untranslated,
DATA5.BIN#1631663,DATA5.BIN,1631663,对话,"と一緒にカラオケに行ったら、
すっごく楽しかった。
わたし、また計測しようと思ってカラオケ装置、
改造したんだけど、でも",,untranslated,
DATA5.BIN#1631785,DATA5.BIN,1631785,对话,"、
ロボットアニメの主題歌入れるんだもん。
わたし、計測忘れて一緒になって歌っちゃった。
ま、楽しめたからよかったな",,untranslated,
DATA5.BIN#1631913,DATA5.BIN,1631913,对话,"と一緒に
ゲームセンターに遊びに行った。",,untranslated,
DATA5.BIN#1631958,DATA5.BIN,1631958,对话,"に『どのゲームやろうか？』って
聞いたら、占いゲームやろう、なんて言われた。
もういきなり気分台無しになっちゃった。
占いなんて非科学的なこと、信じてるのかなぁ？
なんだか",,untranslated,
DATA5.BIN#1632131,DATA5.BIN,1632131,菜单,、つまんない感じ。,,untranslated,
DATA5.BIN#1632167,DATA5.BIN,1632167,对话,"と
ゲームセンターに行っちゃった。
わたし、クレーンゲームをやってみたんだけど、
上手くいかなくて、
つい",,untranslated,
DATA5.BIN#1632274,DATA5.BIN,1632274,对话,"に
『改造したい』って言ったら、
『どうせならすごいのにしよう』だって。
わたし、すっごくうれしくなって、
いろんなアイデア思いついちゃった。",,untranslated,
DATA5.BIN#1632418,DATA5.BIN,1632418,对话,"、メカ工作に理解あるんだ…。
やっぱり",,untranslated,
DATA5.BIN#1632460,DATA5.BIN,1632460,菜单,と一緒に遊ぶの、楽しいな,,untranslated,
DATA5.BIN#1632499,DATA5.BIN,1632499,对话,"と一緒に
ゲームセンターに遊びに行った。
『今日はどのゲームで遊ぼうか？』って聞いたら、
占いゲーム性格診断しよう、なんて言われた。
もういきなり気分台無しになっちゃった。
占いなんて非科学的なのに、
なんで信じてるのかなぁ？
なんだか",,untranslated,
DATA5.BIN#1632765,DATA5.BIN,1632765,对话,"と一緒に
ゲームセンターに行ったんだけど、
わたし、すっごくうれしかった",,untranslated,
DATA5.BIN#1632836,DATA5.BIN,1632836,对话,"D
わたしがクレーンゲームでダイ・シツレンロボの
キーホルダー取れないって言ってたら、
『俺が取ってあげるよ』って言ってくれたから。",,untranslated,
DATA5.BIN#1632970,DATA5.BIN,1632970,对话,"、やっぱり
いい人かもしれないな。
また遊びに行くの、楽しみ",,untranslated,
DATA5.BIN#1633047,DATA5.BIN,1633047,对话,"と
ゲームセンターに行っちゃった。
わたしが『何して遊ぼう？』って聞いたら、",,untranslated,
DATA5.BIN#1633127,DATA5.BIN,1633127,对话,"は
『電車運転ゲームをやろう』だって。
だけど、あれってスピードが出なくてつまんない。
だからわたし、改造してあげようかと
思ったんだけど、",,untranslated,
DATA5.BIN#1633268,DATA5.BIN,1633268,对话,"、
『改造しなくていいからね』だって。
やっぱりつまんないと思うけどなぁ。",,untranslated,
DATA5.BIN#1633358,DATA5.BIN,1633358,对话,"と
一緒にゲームセンターに行っちゃった。
何して遊ぶか聞いたら、",,untranslated,
DATA5.BIN#1633425,DATA5.BIN,1633425,对话,"、
『対戦ゲームで勝負だ！』
なんて言うからわたし、うれしくなっちゃった。
えへへ、もちろんわたしの圧勝",,untranslated,
DATA5.BIN#1633527,DATA5.BIN,1633527,对话,"D
ぶっちぎりで勝っちゃったもんね。",,untranslated,
DATA5.BIN#1633567,DATA5.BIN,1633567,对话,と一緒だと、ホント楽しいな。,,untranslated,
DATA5.BIN#1633609,DATA5.BIN,1633609,对话,"と一緒に
ゲームセンターに行ったんだけど、
すっごく楽しかったな。
わたしがゲームやってる間にどっかに行ってたから、
『何してたの？』って聞いたら、
わたしに勝つためにゲームの特訓してたって。
わたし、なんだかうれしくなって、
『いつでもいいよ』って言っちゃった。
やっぱり",,untranslated,
DATA5.BIN#1633880,DATA5.BIN,1633880,对话,"って楽しいな。
今度はわたしの方から誘ってみようかなぁ。",,untranslated,
DATA5.BIN#1633949,DATA5.BIN,1633949,对话,"と一緒に行ったとき、
反応パターンをサンプリングするために、
用意してた３Ｄホログラフィック・システムで
友達とか知ってる女の子のバーチャル映像を
投影して、",,untranslated,
DATA5.BIN#1634108,DATA5.BIN,1634108,对话,"をおどかしてみちゃった。
そしたら
『やっていい事と悪い事があるんだぞ！』って
怒られちゃった。
なんか本気で怒ってるみたいだったから、わたし、
怖くなっちゃって…。
だけど、ちょっとだけうれしくなっちゃった。
わたし、パパにも怒られたことなかったから、
本気で叱ってくれる人なんて初めてだもん。
わたし、",,untranslated,
DATA5.BIN#1634410,DATA5.BIN,1634410,对话,"のこと、
もっと知りたいな…。",,untranslated,
DATA5.BIN#1634453,DATA5.BIN,1634453,对话,"と一緒にフリーマーケットに行った。
だけどわたし、ガッカリしちゃった。
『いろんな物、売ってるし、安いからいいよね』
って言ったら",,untranslated,
DATA5.BIN#1634585,DATA5.BIN,1634585,对话,"、
『でも、人のお古なんて貧乏くさくない？』
なんて言うんだもん。
そんな非合理的な考え方する人なんて
思わなかったな。",,untranslated,
DATA5.BIN#1634715,DATA5.BIN,1634715,对话,"と一緒にフリーマーケットに行った。
いろんなもの売ってるから、
わたしも混ざりたくなっちゃった。
それで、何かいらないもの
持ってこようかなって言ったら、
『面倒くさいのに、よくやるね』だって。
行動力に欠ける傾向があるみたい。
興味深いデータが手に入っちゃった",,untranslated,
DATA5.BIN#1634985,DATA5.BIN,1634985,对话,"と一緒にフリーマーケットに行った。
いろんなもの売ってるから、わたしも
混ざりたくなっちゃった。
それで、何かいらないもの
持ってこようかなって言ったら、",,untranslated,
DATA5.BIN#1635140,DATA5.BIN,1635140,对话,"、
『トラブルの元だからやめた方がいい』だって。
わたし、ムッとしちゃった。
わたしの作るメカ、そんな風に思ってたんだ。",,untranslated,
DATA5.BIN#1635271,DATA5.BIN,1635271,对话,"と一緒に
フリーマーケットに行ったけど、
すっごく楽しかったな。
真っ先に合体ロボのオモチャ、見つけてくれた。
わたし、思わず買っちゃった。",,untranslated,
DATA5.BIN#1635413,DATA5.BIN,1635413,对话,"もやっぱりロボ、好きなんだよね。
やっぱりわたしたち、気が合うみたい",,untranslated,
DATA5.BIN#1635495,DATA5.BIN,1635495,对话,"と一緒に
初めてマリンブリッジに遊びに行った。
すっごく眺めが良かったから、
わたし、うれしくなって",,untranslated,
DATA5.BIN#1635597,DATA5.BIN,1635597,对话,"に
『眺めがいいよね』って言ったら、
『沈む夕日がよくみえるでしょ？』だって。
わたし、言われるまで気がつかなかったけど、
確かに夕日もきれいなんだよね。
わたし、高い所からの眺めが好きなだけ
だったんだけどなぁ。
でも、あの場所は気に入っちゃったな。
また今度行こうっと。",,untranslated,
DATA5.BIN#1635912,DATA5.BIN,1635912,对话,"と一緒に
初めてマリンブリッジに遊びに行ったんだけど、
あそこってすっごく眺めがいいんだね。
うれしくなって『眺めがいいよね』って言ったら、",,untranslated,
DATA5.BIN#1636055,DATA5.BIN,1636055,对话,"、『俺に感謝してほしい』なんて
えらそーに言うんだもん。
もうわたし、気分台無しになっちゃった。
自分が作った橋でもないのに、なんでそんなコト
言うのかなぁ。
あーあ、つまんなかった。",,untranslated,
DATA5.BIN#1636248,DATA5.BIN,1636248,对话,"と一緒に
マリンブリッジに行ったんだけど、
ちょっと風が寒かった。
そしたら",,untranslated,
DATA5.BIN#1636326,DATA5.BIN,1636326,对话,"、
ちゃんと風が当たらないところ見つけて
教えてくれたの。",,untranslated,
DATA5.BIN#1636388,DATA5.BIN,1636388,对话,"、すっごく気が利くんだ。
やっぱり",,untranslated,
DATA5.BIN#1636426,DATA5.BIN,1636426,菜单,と一緒だと楽しいな,,untranslated,
DATA5.BIN#1636454,DATA5.BIN,1636454,对话,わたし、ちょっとムカついちゃった。,,untranslated,
DATA5.BIN#1636494,DATA5.BIN,1636494,对话,"とマリンブリッジに行ったんだけど、
ちょっと風が寒かったの。そしたら",,untranslated,
DATA5.BIN#1636566,DATA5.BIN,1636566,对话,"、
『俺が温めてあげようか』だって。
もうわたし、ガックリしちゃった。
なんかヘンなコト考えてるの、見え見えだもん。
そんなコト考えて、何が楽しいのかなぁ。",,untranslated,
DATA5.BIN#1636767,DATA5.BIN,1636767,对话,"とマリンブリッジに行ったんだけど、
船がいっぱい通ってるから、夜になったら
船の光でもっとキレイだろうなって言ったら、",,untranslated,
DATA5.BIN#1636889,DATA5.BIN,1636889,对话,"、『一緒に見ようか』だって。
もうわたし、ガックリしちゃった。
なんかヘンなコト考えてるの、見え見えだもん。
そんなコト考えて、何が楽しいのかなぁ。",,untranslated,
DATA5.BIN#1637052,DATA5.BIN,1637052,对话,"と一緒に植物園に行ったけど、
あんまり楽しめなかった。
ツタがいっぱい絡まってるのを見て、
何を連想するかって聞いたら、",,untranslated,
DATA5.BIN#1637174,DATA5.BIN,1637174,对话,"、
『古い遺跡』だって。
なんか映画であったような気もするけど、
わたしそんなの全然思わない。
わたしだったら、パソコンの裏のケーブルが
いっぱいあるの、連想するもん。
あーあ、やっぱり",,untranslated,
DATA5.BIN#1637360,DATA5.BIN,1637360,菜单,と趣味、合わないのかな。,,untranslated,
DATA5.BIN#1637402,DATA5.BIN,1637402,对话,"と一緒に植物園に行ったけど、
すごく楽しかった。
わたしが『ヒマワリって、どうして太陽の方向に
向いてるのかなぁ？』って",,untranslated,
DATA5.BIN#1637525,DATA5.BIN,1637525,对话,"に聞いたら、
『太陽電池で発電してるから』なんて言うんだもん。
わたし笑っちゃった。
ホント、そんな雰囲気だもんね。
やっぱり",,untranslated,
DATA5.BIN#1637652,DATA5.BIN,1637652,对话,とお話するの、楽しいなぁ。,,untranslated,
DATA5.BIN#1637692,DATA5.BIN,1637692,对话,"と一緒に映画に行ったんだけど、
けっこう楽しかったな。
『王家の谷』って映画で、ＳＦＸがわりと良かった。",,untranslated,
DATA5.BIN#1637800,DATA5.BIN,1637800,对话,"もＳＦＸがすごかったって
言ってたな。
わたしと同じところ観てたんだね。
なんだかちょっとうれしいな",,untranslated,
DATA5.BIN#1637912,DATA5.BIN,1637912,对话,"と一緒に映画に行ったんだけど、
あんまり楽しくなかったな。
『王家の谷』って映画で、
ＳＦＸがわりと良かったのに、",,untranslated,
DATA5.BIN#1638029,DATA5.BIN,1638029,对话,"って古代の遺跡とかロマンとか、
よくわかんないこと言うんだもん。",,untranslated,
DATA5.BIN#1638098,DATA5.BIN,1638098,对话,"、全然わたしと違うところ
観てるみたい。",,untranslated,
DATA5.BIN#1638146,DATA5.BIN,1638146,对话,『メタルギアソリッド』って映画を観てきた。,,untranslated,
DATA5.BIN#1638194,DATA5.BIN,1638194,对话,"と一緒に行ったんだけど、
出てきた巨大メカが、カッコ良かったから、
一緒にその話で盛り上がっちゃった。
すっごく面白かった。",,untranslated,
DATA5.BIN#1638321,DATA5.BIN,1638321,菜单,とお話するの、楽しいな,,untranslated,
DATA5.BIN#1638353,DATA5.BIN,1638353,对话,"ちょっとつまんなかったなー。
また",,untranslated,
DATA5.BIN#1638391,DATA5.BIN,1638391,对话,"と一緒に
『メタルギアソリッド』観たんだけど、
わたしが、もっとメタルギア
たくさん見たいなって言ったら、",,untranslated,
DATA5.BIN#1638499,DATA5.BIN,1638499,对话,"、
主人公の人が渋くていいみたいなコト言うの。
わたし、メカがいっぱい出てくる方が
楽しいのになぁ。",,untranslated,
DATA5.BIN#1638602,DATA5.BIN,1638602,菜单,、全然わかってないよ。,,untranslated,
DATA5.BIN#1638638,DATA5.BIN,1638638,对话,"と一緒にコンサートに行った。
声優さんのコンサートで、恋羽こなみって人だけど、
わたし、知らなかった。
『魔法少女ファンシーチャイム』ってアニメ
やってる人なんだって。
わたし、そういうアニメ観ないもんね。
やっぱりアニメの王道はロボットアニメだよね。",,untranslated,
DATA5.BIN#1638890,DATA5.BIN,1638890,对话,"も『ロボットアニメにも
出ればいいのにね』って言ってたし。
わたしも大賛成。
えへへ、やっぱりわたしたち、気が合うみたい",,untranslated,
DATA5.BIN#1639022,DATA5.BIN,1639022,对话,"と一緒にコンサートに行った。
声優さんのコンサートで、恋羽こなみって人だけど、
わたし、知らなかった。
『魔法少女ファンシーチャイム』ってアニメ
やってる人なんだって。
わたし、そういうアニメ観ないもんね。
やっぱりアニメの王道はロボットアニメだよね。
なのに、",,untranslated,
DATA5.BIN#1639282,DATA5.BIN,1639282,对话,"、わたしの観てるアニメが
偏ってるなんて言うんだもん。
わたし、すっごくムカついた。もう最低。",,untranslated,
DATA5.BIN#1639388,DATA5.BIN,1639388,对话,"と一緒にコント見に行ったんだけど、
すごく楽しかった。
『タイツメン』ってグループで、危ないコントが
ウリの人たちなんだって。
今日のも花火いっぱい使ってて、楽しかった。
ギャグはイマイチだったけど、人間がどこまで熱や
危険に耐えられるかっていう反応って興味あるし。
ヒューマノイドロボットの研究に役立ちそう。",,untranslated,
DATA5.BIN#1639697,DATA5.BIN,1639697,对话,"も、
『最後に爆発したらよかったね』って
言ってくれたし。
わたし、うれしくなっちゃった。
ホントに爆発してたら、もっとすごい反応が
確認できたかも。
そしたら、もっと楽しいだろうな。
爆発ってカッコいいもんね！
いつか実験してみようかな。",,untranslated,
DATA5.BIN#1639935,DATA5.BIN,1639935,对话,、協力してくれるかな…楽しみ,,untranslated,
DATA5.BIN#1639978,DATA5.BIN,1639978,对话,"と一緒にコント見に行ったんだけど、
けっこう楽しかったな。
『タイツメン』ってグループで、危ないコントが
ウリの人たちなんだって。
今日のも花火いっぱい使ってて、楽しかった。
ギャグはいまいちだったけど、人間がどこまで熱や
危険に耐えられるかっていう反応って興味あるし。
ヒューマノイドロボットの研究に役立ちそう。
だけど",,untranslated,
DATA5.BIN#1640297,DATA5.BIN,1640297,对话,"、花火とか怖いのかなぁ？
『舞台で花火使うのは危ないよ』だって。
こっちの方も興味深い反応が得られたな。
分析するのが楽しみだね",,untranslated,
DATA5.BIN#1640437,DATA5.BIN,1640437,对话,"と一緒にプラネタリウムに行った。
わたしが前に見たテレビのこと思い出して、
『地球外生命体の存在って信じる？』って聞いたら
『…実は俺がそうなんだ』なんて言うから、
もしかしたらって思ってちょっと試してみたけど、
全然違ってた。
やっぱり冗談だったみたい。
ちょっとがっかりしちゃった。",,untranslated,
DATA5.BIN#1640730,DATA5.BIN,1640730,对话,"とプラネタリウムに行ったんだけど、
すごく楽しかったな。
わたしが『宇宙空間だと、プロセッサを放射線から
シールドする技術が重要だよね』って言ったら、",,untranslated,
DATA5.BIN#1640883,DATA5.BIN,1640883,对话,"も賛成してくれた。
『将来は対応する技術も進歩するだろうね』って。
わたし、想像しただけでウットリしちゃった。
宇宙用の電子システム、早くできるといいなあ。",,untranslated,
DATA5.BIN#1641042,DATA5.BIN,1641042,对话,"、ちゃんとわたしの趣味わかってる。
お話するのって、本当に楽しい。",,untranslated,
DATA5.BIN#1641121,DATA5.BIN,1641121,对话,"とプラネタリウムに行ったら、
流星群の話をやってた。
だからわたし、大きな隕石が
地球に接近しないかなって言ったら、",,untranslated,
DATA5.BIN#1641240,DATA5.BIN,1641240,对话,"も
『そうなったら宇宙開発がもっと進むだろうね』
だって。
わたし、すごくうれしかった",,untranslated,
DATA5.BIN#1641324,DATA5.BIN,1641324,对话,"D
きっと宇宙用の作業ロボットなんかも
開発されるもんね。",,untranslated,
DATA5.BIN#1641385,DATA5.BIN,1641385,对话,"の考えることって、わたしと同じ。
きっと同じアニメも好きなんだね。
お話するのが楽しみだな",,untranslated,
DATA5.BIN#1641483,DATA5.BIN,1641483,菜单,すっごく楽しかったな。,,untranslated,
DATA5.BIN#1641511,DATA5.BIN,1641511,对话,"とプラネタリウムに行ったんだけど、
秋は空気が澄んでて天体観測に
最適って話だったから、
わたしが月の観察にいいよねって言ったら、
『月の資源開発の研究してほしいね』だって。
わたし、驚いちゃった。想像もしてなかったもん。
でも、",,untranslated,
DATA5.BIN#1641740,DATA5.BIN,1641740,对话,"の言う通りだと思うな。
なんだか考えただけでワクワクしてきちゃう。
月面の資源開発が始まったら、
きっと作業用のロボットも開発されるんだろうな。
低重力の月面だから、きっと大型のマシンで、
ピョンピョン飛びまわるのかな……。",,untranslated,
DATA5.BIN#1641965,DATA5.BIN,1641965,对话,と一緒にいると、すっごく楽しいな。,,untranslated,
DATA5.BIN#1642008,DATA5.BIN,1642008,对话,わたし、すっごく恥ずかしかった。,,untranslated,
DATA5.BIN#1642046,DATA5.BIN,1642046,对话,"とプラネタリウムに行ったんだけど、
わたしずーっと寝ちゃってた。だって夕べは
遅くまで実験してたんだもん。
そしたら",,untranslated,
DATA5.BIN#1642164,DATA5.BIN,1642164,对话,"、わたしの寝顔、
かわいかったって。もう、そんなこと言うなんて…。
…だけど、うれしかったな。
…",,untranslated,
DATA5.BIN#1642264,DATA5.BIN,1642264,对话,、また一緒に行ってくれるかな？,,untranslated,
DATA5.BIN#1642308,DATA5.BIN,1642308,对话,"と一緒に
デパートのブティックに行った。
そしたら、胸元にリボンのついた服があって、
そのデザインが、なんかレーダーの形状に応用
できるかもって言ったら、",,untranslated,
DATA5.BIN#1642463,DATA5.BIN,1642463,对话,"、
発想が偏ってるって。
わたし、ちょっとムカっとしちゃった。
リボンの形したレーダーアンテナって
カワイイと思うんだけどなぁ。",,untranslated,
DATA5.BIN#1642756,DATA5.BIN,1642756,对话,"、
取り外して投げる武器の方がいいって言うの。
わたし、ちょっと感心しちゃった。
リボンの形したレーダーアンテナの方が
カワイイって思ってたけど、
武器に使った方がロボットっぽくて
カッコいいもんね。",,untranslated,
DATA5.BIN#1642956,DATA5.BIN,1642956,对话,、けっこうわかってるって感じだな。,,untranslated,
DATA5.BIN#1643004,DATA5.BIN,1643004,对话,"とデパートに遊びに行ったら
『世界の宝石展』っていうのをやってたから、
一緒に見てまわった。
いろんな宝石が展示してあったけど、
一番気になったのは、大きなダイヤだったな。
そういえば、ダイヤを利用した半導体って、
シリコンタイプの半導体と違って耐熱性が高くて
衝撃に強いらしいよね。
でも、",,untranslated,
DATA5.BIN#1643293,DATA5.BIN,1643293,对话,"、そんな話をしても
ぜんぜん感心してくれなかった。
美的価値の方が重要だって。
なんかつまんなかったなぁ。",,untranslated,
DATA5.BIN#1643410,DATA5.BIN,1643410,对话,"と一緒にデパートに遊びに行ったら
『世界の宝石展』っていうのをやってたから、
一緒に見てまわった。
いろんな宝石が展示してあったけど、
一番気になったのは、大きなダイヤだったな。
そういえば、ダイヤを利用した半導体って、
シリコンタイプの半導体と違って耐熱性が高くて
衝撃に強いらしいよね。
わたしがそんな話をしたら、",,untranslated,
DATA5.BIN#1643725,DATA5.BIN,1643725,对话,"も
『素材としても価値があるんだね』って
感心してくれたんで、うれしかったな。",,untranslated,
DATA5.BIN#1643819,DATA5.BIN,1643819,对话,"とデパートに行っちゃった。
そしたら、また『世界の宝石展』やってたから
見に行ったんだけど、わたし、ちょうどレーザーの
研究してたから、ルビーが欲しくなったの。
合成ルビーはレーザーの励起に使えるけど、
天然ルビーの場合はどうなのかって興味あったし。
そしたら",,untranslated,
DATA5.BIN#1644078,DATA5.BIN,1644078,对话,"、
『なんでルビーなの？』だって。
なんか全然わかってないみたい。
ガッカリしちゃったなぁ。",,untranslated,
DATA5.BIN#1644181,DATA5.BIN,1644181,对话,"と、デパートでやってる
『超古代文明展』を見て来た。
オーパーツっていうのがすごく興味深くって、
わたし、思わず分析したくなっちゃった。
そしたら",,untranslated,
DATA5.BIN#1644328,DATA5.BIN,1644328,对话,"、
オーバーテクノロジーが発見できるかもだって。
わたし、すっごくうれしくなっちゃった。
失われた古代の技術を使って
巨大ロボの量産が可能になるかも！　なんて、
考えただけでワクワクしてくるよね。
こういうのが歴史のロマンっていうのかなぁ…？",,untranslated,
DATA5.BIN#1644573,DATA5.BIN,1644573,对话,初めて電気街のＣＤショップに行った。,,untranslated,
DATA5.BIN#1644615,DATA5.BIN,1644615,对话,"に教えてもらった
お店なんだけど、
品ぞろえがすっごくいいんだ。
マイナーなロボットアニメまで、
ちゃんと全巻そろってるの。
感激しちゃったなぁ",,untranslated,
DATA5.BIN#1644755,DATA5.BIN,1644755,对话,"D
よっぽどうれしそうにしてたのか、",,untranslated,
DATA5.BIN#1644795,DATA5.BIN,1644795,对话,"には
『そんなに気に入ったの？』って
言われちゃった。
あんなお店だったら毎日行きたくなっちゃうな。",,untranslated,
DATA5.BIN#1644943,DATA5.BIN,1644943,对话,"に教えてもらった
お店なんだけど、わたし、感激しちゃった。
だって品ぞろえがすっごくいいんだもん。
マイナーなロボットアニメまで、
ちゃんと全巻そろってるの。
わたし、毎日行きたくなっちゃった。
でも",,untranslated,
DATA5.BIN#1645142,DATA5.BIN,1645142,对话,"、
それってお店に迷惑なんて言うの。
わたし、すっごくムカついた。
わたしのこと、普段どんな目で見てるんだろ。
せっかくいい気分だったのに、台無しだったな。",,untranslated,
DATA5.BIN#1645303,DATA5.BIN,1645303,对话,電気街のゲームショップに遊びに行った。,,untranslated,
DATA5.BIN#1645347,DATA5.BIN,1645347,对话,"と一緒だったけど、
すっごく楽しかった。
わたしがシューティングが好きって言ったら、",,untranslated,
DATA5.BIN#1645435,DATA5.BIN,1645435,对话,"もそうみたいで、
撃ちまくるとストレス解消になるからねって。
そうそう、って感じだった。
実験で予想通りの数値が出ない時とか、
けっこうイライラするもんね。
撃ちまくって爆破しまくると、
スカッとするんだよね",,untranslated,
DATA5.BIN#1645652,DATA5.BIN,1645652,对话,"と一緒に
ゲームショップに行ってきた。
わたしが今度出るシューティング、
楽しみだねって言ったら、",,untranslated,
DATA5.BIN#1645753,DATA5.BIN,1645753,对话,"、クリアタイムで競争しようって。
無謀な挑戦だと思うけど、ちょっとうれしかったな。
わたし、負ける気しないもんね",,untranslated,
DATA5.BIN#1645878,DATA5.BIN,1645878,对话,"とゲームショップに行ったんだけど、
わたしがシューティングがいいよねって言ったら、",,untranslated,
DATA5.BIN#1645965,DATA5.BIN,1645965,对话,"も賛成してくれた。
『撃ちまくるとスカッとするよね』だって。
わたし、すごくうれしくなっちゃった。
だって、ゲームのキャラ作ってても、爆発って
ホントに楽しいもん。一番楽しいのはロボだけど、
その次は爆発だもんね。
やっぱり爆発ってロマンだよね",,untranslated,
DATA5.BIN#1646218,DATA5.BIN,1646218,对话,"とゲームショップに行ったんだけど、
わたしがシューティングがいいよねって言ったのに、",,untranslated,
DATA5.BIN#1646307,DATA5.BIN,1646307,对话,"、女の子がいっぱい出てくる
ゲームが好きなんだって。
なんかわたしと全然合わないみたい。
そんなの、何がいいのかなぁ？
そんなゲーム、ロボも出ないし爆発もないのにさ。
ロボが出ていっぱい爆発するようなゲームだったら
やってもいいけど、そんなのないよねー。",,untranslated,
DATA5.BIN#1646564,DATA5.BIN,1646564,对话,わたし、すっごくムカついた。,,untranslated,
DATA5.BIN#1646598,DATA5.BIN,1646598,对话,"とＣＤショップに行ったんだけど、
わたしが今度の新作ロボットアニメに出てくるメカ、
関節のデザインが機構的に変だって言ったのに、
たかがアニメなのに、なんて言うんだもん。",,untranslated,
DATA5.BIN#1646771,DATA5.BIN,1646771,对话,"、全然わかってない。
細部までこだわらないと面白くないのにさ。
ロボットのデザインがつまんないアニメなんて
最低だもん。",,untranslated,
DATA5.BIN#1646902,DATA5.BIN,1646902,对话,"とＣＤショップに行ったんだけど、
わたしが今度の新作ロボットアニメに出てくるメカ、
関節のデザインが機構的に変だって言ったら、",,untranslated,
DATA5.BIN#1647032,DATA5.BIN,1647032,对话,"、それでもいいって。
デザインがカッコ良かったらいいんだって。
わたし、あんまり納得できなかったけど、
確かに構造的に厳密になりすぎると、デザインが
固定化される傾向があるんだよね。
だけど、やっぱりディテールを重視した
デザインがいいと思うけどなぁ。",,untranslated,
DATA5.BIN#1647292,DATA5.BIN,1647292,对话,"とＣＤショップに行ったけど、
つまんなかったな。
ちょっと気になって、",,untranslated,
DATA5.BIN#1647365,DATA5.BIN,1647365,对话,"に
どんな音楽が好きって聞いたら、
『演歌』なんて言うんだもん。
わたし、そういうの好きじゃないのに。
そういうのって、酔っぱらったおじさんの人とかが
よく道で唄ってるヤツだもん。カッコ悪いよね。
なんかガッカリしちゃったなぁ。",,untranslated,
DATA5.BIN#1647601,DATA5.BIN,1647601,对话,"と一緒にジャンク屋に行った。
わたしがパーツ見てたら勝手に
暴走しちゃったんだけど、",,untranslated,
DATA5.BIN#1647689,DATA5.BIN,1647689,对话,"は、そんなの危ないから
買っちゃダメだって。
もう、神経質すぎる。
わたしのこと、信じてないんだ。つまんないの。",,untranslated,
DATA5.BIN#1647812,DATA5.BIN,1647812,对话,"と一緒にジャンク屋に行った。
わたしがパーツ見てたら
勝手に暴走しちゃったんだけど、",,untranslated,
DATA5.BIN#1647900,DATA5.BIN,1647900,对话,"はすごい威力だから、ぜひ
買うべきだよ、だって。
なんか期待してくれてるみたい。
わたし、すっごくうれしかった。
改良して、もっとすごい威力にしちゃおかな",,untranslated,
DATA5.BIN#1648069,DATA5.BIN,1648069,对话,"と一緒にジャンク屋に行った。
そしたらわたし、すっごくステキなＬＥＤ見つけて、",,untranslated,
DATA5.BIN#1648152,DATA5.BIN,1648152,对话,"に取り付けてあげたくなっちゃった。
だけど",,untranslated,
DATA5.BIN#1648198,DATA5.BIN,1648198,对话,"、
わたしが『これ、似合うかなぁ？』って
聞いても、何のことかわかんなかったみたい。
やる気なくなるなぁ。",,untranslated,
DATA5.BIN#1648319,DATA5.BIN,1648319,对话,"とジャンク屋に
行ったんだけど、
すっごく楽しかったな。
欲しかったレーザー発振器が手に入って、
これでやりたかった実験ができるって言ったら、",,untranslated,
DATA5.BIN#1648463,DATA5.BIN,1648463,对话,"、何でも手伝ってくれるんだって。
わたし、すっごくワクワクして、アイデアが
いっぱいわいてきちゃった。",,untranslated,
DATA5.BIN#1648581,DATA5.BIN,1648581,对话,"とジャンク屋に行った。
買おうと思ってたパーツ、先に買われてて、
わたし、ちょっとガッカリしちゃった。
店の人に聞いたら、寒い国から来た人が
まとめて買ってったんだって。
だけど",,untranslated,
DATA5.BIN#1648759,DATA5.BIN,1648759,对话,"、それ聞いた途端、
なんか顔色が変わったみたい。
わたし、何か悪いこと言ったかなぁ？",,untranslated,
DATA5.BIN#1648855,DATA5.BIN,1648855,对话,"と一緒にジャンク屋に行った。
わたし、あそこってすごく好きだから、
いつ行っても落ち着くんだけど、",,untranslated,
DATA5.BIN#1648956,DATA5.BIN,1648956,对话,"も
楽しそうな場所だって。
なんかわかってるって感じ",,untranslated,
DATA5.BIN#1649021,DATA5.BIN,1649021,对话,"と一緒にジャンク屋に行った。
わたし、あそこってすごく好きだから、
いつ行っても落ち着くんだよね。",,untranslated,
DATA5.BIN#1649123,DATA5.BIN,1649123,对话,"も楽しそうな場所だって。
ちょっと意外だったな。
もしかして、わたしたち、気が合うかも",,untranslated,
DATA5.BIN#1649222,DATA5.BIN,1649222,对话,"と一緒にジャンク屋に行った。
だけど、ちょっとムカっとしちゃった。
わたしがいっぱい買い物して戻ってきたら、",,untranslated,
DATA5.BIN#1649334,DATA5.BIN,1649334,对话,"、怪しげなものばっかり
買ったんだろ、なんて言うの。
なんでそんなコト言うのかなぁ。
わたし、ちゃんと実験のために必要なモノしか
買ってないのに。
イヤだなぁ、もう。",,untranslated,
DATA5.BIN#1649509,DATA5.BIN,1649509,对话,"と一緒にジャンク屋に行った。
いつもならあそこに行くのって楽しいのに、
なぜか知らないけど、今日は",,untranslated,
DATA5.BIN#1649611,DATA5.BIN,1649611,对话,"のこと、気になっちゃって…。
こんなお店に来る女の子って、
どう思ってるのかなって…。
怖かったけど、聞いてみた。
そしたら",,untranslated,
DATA5.BIN#1649736,DATA5.BIN,1649736,对话,"、
全然気にしてないって。
それ聞いてホッとしちゃった。
でも、普通の女の子は
こんな所に遊びにきたりしないよね…。",,untranslated,
DATA5.BIN#1649854,DATA5.BIN,1649854,对话,"、普通の女の子の方が
いいのかなぁ…？",,untranslated,
DATA5.BIN#1649905,DATA5.BIN,1649905,对话,"と一緒にジャンク屋に行った。
だけど、なんかドキドキしちゃった。
いつもならあそこに行くのって楽しいのに、
なんか知らないけど、今日は",,untranslated,
DATA5.BIN#1650042,DATA5.BIN,1650042,对话,"のこと、気になっちゃって…。
あんなお店行く女の子って、
どう思ってるのかなって…。
怖かったけど、聞いてみた。
そしたら",,untranslated,
DATA5.BIN#1650165,DATA5.BIN,1650165,对话,"、
変わってて面白いって…。
わたし、悲しくなっちゃった。
だってそれってわたしが
普通じゃないってことだもん。
やっぱり",,untranslated,
DATA5.BIN#1650287,DATA5.BIN,1650287,对话,"、
普通の女の子の方がいいのかな…。",,untranslated,
DATA5.BIN#1650331,DATA5.BIN,1650331,对话,"あんまり楽しくなかったなぁ。
また",,untranslated,
DATA5.BIN#1650369,DATA5.BIN,1650369,对话,"と一緒に
ジャンク屋に行ったけど、
すっごく高性能のＣＣＤカメラ見つけたから、
ひとつどう？　って聞いたら、実験台にするな、
なんて言うんだもん。
別にそんなつもりないのにさぁ。
カッコいいパーツ取り付けて、もっとカッコ良く
してあげようと思ったのに。
…",,untranslated,
DATA5.BIN#1650622,DATA5.BIN,1650622,对话,"、わたしと
センス合わないのかなぁ？",,untranslated,
DATA5.BIN#1650671,DATA5.BIN,1650671,对话,"と一緒にボウリング場に
遊びに行った。わたし、ボールの軌道計算
バッチリやって投げたはずなのに、
ぜんぜん上手くコントロールできなかった。
そしたら",,untranslated,
DATA5.BIN#1650820,DATA5.BIN,1650820,对话,"、
計算だけじゃダメだって。
わたし、すっごくムカついた。
ホント、最低。",,untranslated,
DATA5.BIN#1651054,DATA5.BIN,1651054,对话,"、
まだデータが不足してるんだよ、
なんて言ってフォローしてくれた。
わたし、ちょっとうれしかった。
楽しかったな",,untranslated,
DATA5.BIN#1651179,DATA5.BIN,1651179,对话,"とスケート場に行って来た。
運動はあんまり好きじゃないから、滑らずに
設備を見てて思ったんだけど、あんなに大量の氷を
作る技術ってすごいなって感心してたら、",,untranslated,
DATA5.BIN#1651338,DATA5.BIN,1651338,对话,"も『科学技術の勝利だね』って
言ってくれた。
わたし、ちょっとうれしくなっちゃった。
だって、その通りだもん。
科学の力があれば、
なんだって不可能はないはずだもんね。",,untranslated,
DATA5.BIN#1651519,DATA5.BIN,1651519,对话,"とスケートに行ったけど、
ちっとも楽しくなかった。
わたしが『スケート得意なの？』って聞いたら
プロ並みだって自慢するの。
でも、今まで集めたデータを見れば
ウソついてるのがバレバレだよ。
そんな風に虚勢を張る人って、わたし、
好きじゃないなぁ。
だって付き合ってて疲れそうだもん。",,untranslated,
DATA5.BIN#1651811,DATA5.BIN,1651811,对话,"とスケートに行ったけど、
あんまり楽しくなかった。
わたしが『スケート得意なの？』って聞いたら
初心者レベルなんて言うの。
でも、今まで集めたデータだと
そんなワケないんだけどなぁ。
そんな風に自己評価が厳しい人って、
わたし、好きじゃないなぁ。
だって付き合ってて疲れそうだもん。",,untranslated,
DATA5.BIN#1652099,DATA5.BIN,1652099,对话,"とスケートに行ったけど、
あんまり楽しくなかった。
すごく上手い人がいたんだよね。",,untranslated,
DATA5.BIN#1652185,DATA5.BIN,1652185,对话,"、それ見て『俺の方が上手い』
なんて自慢するの。
確かに今まで集めたデータだとその通りだけど、
そういう自慢する人って、わたし
好きじゃないなぁ。",,untranslated,
DATA5.BIN#1652341,DATA5.BIN,1652341,对话,"と一緒に美術館に行ったけど
あんまり楽しくなかった。
わたし、美術とかってよくわかんないけど、
建物の設計は面白いねって言ったら、
建物見るところじゃないんだよって。
そんなのわかってるのに。
せっかく人が興味持てそうなトコ、探してるのに
そんなコト言うんだもん。
幻滅しちゃったなぁ。",,untranslated,
DATA5.BIN#1652668,DATA5.BIN,1652668,对话,"と美術館に行ったんだけど、
街の風景画があって、わたし最初、この街の
絵だって気がつかなかった。
そしたら",,untranslated,
DATA5.BIN#1652776,DATA5.BIN,1652776,对话,"、
記憶力が悪いんだね、だって。
昔の絵だし、そういうのって、絵にすると
わかんないもんじゃない。
なのにそんな言い方するんだもん。",,untranslated,
DATA5.BIN#1652913,DATA5.BIN,1652913,菜单,けっこう楽しかったな,,untranslated,
DATA5.BIN#1652943,DATA5.BIN,1652943,对话,"と美術館に行ったんだけど、
わたしが飾ってたオブジェの素材、
何かなって言ったら、一発で『鉄』って
見抜くんだもん。
わたし、思わず感心しちゃった。",,untranslated,
DATA5.BIN#1653101,DATA5.BIN,1653101,对话,"と美術館に行って、
伝統工芸展って言うのがやってたから
見てきたけど、あんまり楽しくなかった。
古い着物とか壷とか、そんなのばっかりしか
置いてなかったし。
でも、刀にはちょっと興味あったかな。
強度とか調べてみたいなーなんて思ってたら
『そんなの観察してどうするの？』
なんて",,untranslated,
DATA5.BIN#1653376,DATA5.BIN,1653376,对话,"、言うんだもん。
わたし、自分の考えてること
見抜かれたみたいでドッキリしちゃった。",,untranslated,
DATA5.BIN#1653472,DATA5.BIN,1653472,对话,"と水族館に行った。
わたし、魚とか見ててもつまんないけど、
潜水艇で潜ってみたらカッコ良いって思った。
そしたら",,untranslated,
DATA5.BIN#1653586,DATA5.BIN,1653586,对话,"、
『ロボットアームがついてるのがいいよね』だって。
すっごく前に観た映画でそんなのあったなぁ。
わたし、それ思い出して楽しくなっちゃった。
あの映画のメカ、すっごくカッコ良かったもん。
深海作業用の潜水艇って独特の美しさがあるよね。",,untranslated,
DATA5.BIN#1653821,DATA5.BIN,1653821,对话,もその美しさ、わかるんだなぁ。,,untranslated,
DATA5.BIN#1653888,DATA5.BIN,1653888,对话,"と水族館に行ったけど、
わたしがどんな魚が好き？　って聞いたら、
ウミガメが好きだって。わたしと同じなんだ。
カメってカッコ良いもんね。
背中は甲羅だし、頭とか手とか引っ込むし、
すっごくメカっぽいもん。
背中にバズーカ砲なんか搭載したら、絶対
似合うよね",,untranslated,
DATA5.BIN#1654147,DATA5.BIN,1654147,菜单,なんか楽しかったな,,untranslated,
DATA5.BIN#1654173,DATA5.BIN,1654173,对话,"と一緒にプールに行ったんだけど、
わたしが男の人に声かけられたって言ったら、
すっごく怒りだしたの。
あんな反応、初めてだったからビックリしちゃった。
行動パターンのモデルからも逸脱してるし…。
だけど、なんかうれしかった。
なんでうれしいのかよくわかんないけど、
それでもわたし、うれしかった。
ホント、どうしてかなぁ？",,untranslated,
DATA5.BIN#1654496,DATA5.BIN,1654496,对话,わたし、すっごく楽しかった,,untranslated,
DATA5.BIN#1654530,DATA5.BIN,1654530,对话,"と一緒にプールに行ったんだけど、
スライダー、急流とゆるやかと
どっちにしようかって
聞いたら、もちろん急流、だって。
やっぱりスライダーっていったら急流だよね。
わたし、ああいうスピード感って大好き。
一人で滑るより、誰かと一緒に滑った方が
楽しいもんね",,untranslated,
DATA5.BIN#1654794,DATA5.BIN,1654794,对话,"と一緒にレインボウドームに
行ったんだけど、
わたし、野球の試合とかってよくわかんないから、
何が面白かったのって聞いたら、
『売り子さんがかわいい人ばかりだった』って。
食べる物売ってる人のこと、ちゃんとチェック
してるみたい。
なかなか興味深いデータだったな。",,untranslated,
DATA5.BIN#1655065,DATA5.BIN,1655065,对话,"とレインボウドームに
サッカーを見に行ったけど、イマイチだった。
最後の方で選手がボール蹴った時、みんなすっごく
歓声をあげてたんだよね。
すごいシュートを打ったってことだったみたい。
でも、",,untranslated,
DATA5.BIN#1655257,DATA5.BIN,1655257,对话,"は
『あれは単なるまぐれだよ』だって。
ホントにすごいんだったら、まぐれなんかじゃ
できないんじゃないのかなぁ。
よくわかんないんだけどさ。",,untranslated,
DATA5.BIN#1655407,DATA5.BIN,1655407,对话,"とサッカーを見に行ったけど、
わたし、ちょっとガッカリしちゃった。
わたしがロボカップもこんな会場でやれたら
いいのにって言ったんだけど、",,untranslated,
DATA5.BIN#1655547,DATA5.BIN,1655547,对话,"、
ロボカップのこと知らなかったの。
ロボットでサッカーするワールドカップなのに。
これってそんなにマイナーなのかなぁ。
早くロボットのチームが、人間のワールドカップ
チームに勝てるようになったらいいなぁ。
そしたらもっとメジャーになるのに。",,untranslated,
DATA5.BIN#1655801,DATA5.BIN,1655801,对话,"と格闘技の試合、観に行った。
格闘技のコトってよくわかんないけど、
会場はすごく熱気があった。",,untranslated,
DATA5.BIN#1655899,DATA5.BIN,1655899,对话,"もすっごく興奮してたけど、
それ、わたしのせいだって言うの。
そんなの困る。正確なデータとれないもん。
だいたい、量子論的な存在でもないのに、
観測者が測定値に影響与えるなんて、変。
えっと、確かそういうのって、
シュレディンガーの猫って言うんだっけ。
違ったっけかな。ま、いいや。",,untranslated,
DATA5.BIN#1656188,DATA5.BIN,1656188,对话,"と一緒に
格闘技の試合を観に行ったけど、
すごくイヤだった。
わたしがちょっと、出てた選手と",,untranslated,
DATA5.BIN#1656283,DATA5.BIN,1656283,对话,"、どっちが強いかなって聞いたら、
『わたしのためだったら死ねる！』
なんて言うんだもん。
わたし、そんなことお願いしないのに。
だって…",,untranslated,
DATA5.BIN#1656420,DATA5.BIN,1656420,对话,"が死んじゃったら
イヤだもん。",,untranslated,
DATA5.BIN#1656492,DATA5.BIN,1656492,对话,"と一緒に遊覧船に乗ったんだけど、
わたし、酔って気持ち悪くなっちゃった。
そしたら",,untranslated,
DATA5.BIN#1656577,DATA5.BIN,1656577,对话,"、
もう一回乗ろうなんて言うの。
わたしが気持ち悪いって言ってるのに。
すっごく意地悪。
イヤだったな、もう。",,untranslated,
DATA5.BIN#1656692,DATA5.BIN,1656692,对话,なんかガッカリしちゃったな。,,untranslated,
DATA5.BIN#1656726,DATA5.BIN,1656726,对话,"、高い所ってイヤなんだ。
一緒に遊園地に行って観覧車に乗ったんだけど、
わたしが楽しかったって言ったのに、",,untranslated,
DATA5.BIN#1656836,DATA5.BIN,1656836,对话,"、『地面に足がついてないとダメ』
なんて言うんだもん。
そんなのつまんないのにねぇ。",,untranslated,
DATA5.BIN#1656932,DATA5.BIN,1656932,对话,"と遊園地に行って観覧車に
乗ったんだけど、すっごく楽しかった。
わたし、高い所好きだもんね",,untranslated,
DATA5.BIN#1657021,DATA5.BIN,1657021,菜单,"D
そしたら",,untranslated,
DATA5.BIN#1657036,DATA5.BIN,1657036,对话,"も高い所好きだって。
もっともっと高かったらいいのにって言ってくれた。
ホント、それ大賛成。
高ければ高いほどいいもんね",,untranslated,
DATA5.BIN#1657168,DATA5.BIN,1657168,对话,"って面白いな。
また遊園地に行って、
一緒に観覧車に乗ったんだけど、
わたしアレに乗るといつも不思議な感じがするの。
フワフワしてて、すっごくいい気持ち。
何なのかなぁって思ってたら、",,untranslated,
DATA5.BIN#1657352,DATA5.BIN,1657352,对话,"、
『この虫けらども、とか？』だって。
わたし、笑っちゃった。
すっごくピッタリした感じだったもん。
なんかその気になっちゃったりして",,untranslated,
DATA5.BIN#1657497,DATA5.BIN,1657497,对话,"と遊園地の観覧車に乗ったんだけど、
けっこう楽しかったな。
高くて見晴らし良かったから、わたしが、
巨大ロボに乗ったらあんな感じかなって言ったら、",,untranslated,
DATA5.BIN#1657646,DATA5.BIN,1657646,对话,"、歩いたりしないのが難点だねって。
わたし、思わず納得しちゃった。
ホント、その通りだもんね。
なんか改造しちゃいたいなぁ。
資金的に難しいけど、ちょっとプランとか
立ててみようかなぁ。",,untranslated,
DATA5.BIN#1657841,DATA5.BIN,1657841,对话,"と遊園地の観覧車に乗ったんだけど、
すっごく楽しかった。
わたし、高いところが気持ち良かったから、
てっぺんで止まって宙づりになったらどうするって",,untranslated,
DATA5.BIN#1657990,DATA5.BIN,1657990,对话,"に聞いたんだけど、
救助が来るまでじっとしてようって。
わたしも大賛成！
せっかくのチャンスだもん、高い所、
たっぷり堪能しなくっちゃね。
……えへへ、ずーっとそのままじゃ困るけど。
でも、一日ぐらいだったらいいかな",,untranslated,
DATA5.BIN#1658219,DATA5.BIN,1658219,对话,"と遊園地の観覧車に
乗ったんだけど、あんまり楽しくなかった。
わたしが高いところから見る街が楽しいって
言ったのに、",,untranslated,
DATA5.BIN#1658337,DATA5.BIN,1658337,对话,"、
『ゴミゴミしてて好きじゃない』
なんて言うんだもん。
あのちまちましたところがいいのに。
やっぱり",,untranslated,
DATA5.BIN#1658440,DATA5.BIN,1658440,菜单,、趣味合わないのかなぁ。,,untranslated,
DATA5.BIN#1658478,DATA5.BIN,1658478,对话,"と遊園地に行って
ジェットコースターに乗ったんだけど、
すっごく楽しかった。
わたしが面白かったって言ったら、",,untranslated,
DATA5.BIN#1658591,DATA5.BIN,1658591,对话,"も、
『もっと加速が欲しかったね』だって。
わたしと同じコト考えてたんだね。
思わずうれしくなっちゃった",,untranslated,
DATA5.BIN#1658707,DATA5.BIN,1658707,对话,"ってやっぱり面白い。
また遊園地に行って一緒にジェットコースターに
乗ったんだけど、わたしが、最高スピードが
時速９０キロって言ったら、
『なんだ、そんなもんか』だって。
わたしも物足りないって思ってたんだよね。",,untranslated,
DATA5.BIN#1658920,DATA5.BIN,1658920,对话,とわたし、気が合うんだね。,,untranslated,
DATA5.BIN#1658960,DATA5.BIN,1658960,对话,"ってなんかつまんない。
また遊園地に行って一緒にジェットコースターに
乗ったんだけど、わたしが、最高スピードが
時速９０キロって言ったら、
『そんなに出てたの』ってビックリしてた。
たったその程度でビビるなんて、だらしないの。
もうガッカリだなぁ。",,untranslated,
DATA5.BIN#1659211,DATA5.BIN,1659211,对话,"遊園地のジェットコースター、
すっごく楽しいのに、",,untranslated,
DATA5.BIN#1659265,DATA5.BIN,1659265,对话,"のせいで
台無しになっちゃった。
わたしがもう少しＧが欲しいなって言ったら、",,untranslated,
DATA5.BIN#1659345,DATA5.BIN,1659345,对话,"、横Ｇだったら、
わたしとくっつけるのにって。
わたし、そういうの好きじゃないのに。
なんでそんなこと言うのかなぁ。",,untranslated,
DATA5.BIN#1659472,DATA5.BIN,1659472,对话,"と遊園地に行って
ジェットコースターに乗ったんだけど、
あんまり楽しくなかった。
後ろに座ってた女の子がキャーキャーって大声
あげててやかましかったんだ。
うるさかったね、って言ったら",,untranslated,
DATA5.BIN#1659657,DATA5.BIN,1659657,对话,"、わたしも怖がってくれたらなぁ
なんて言うんだもん。
なんでそんな意地悪いうのかなぁ。
そんなにわたしが怖がってるの見たいのかな。",,untranslated,
DATA5.BIN#1659798,DATA5.BIN,1659798,对话,"と一緒に遊園地に行って、
メルヘンワールドに入った。
やっぱり予想通り楽しくなかった。
だってお菓子の家にポテチ入ってないし。
そう言ったら、",,untranslated,
DATA5.BIN#1659941,DATA5.BIN,1659941,对话,"が
『そんな安っぽいお菓子、あるわけない』
なんて言うんだもん。
なんでだろ。あんなにおいしいのになぁ。",,untranslated,
DATA5.BIN#1660056,DATA5.BIN,1660056,对话,"と遊園地のゴーストハウスに
行ったんだけど、すっごく楽しかった。
わたし、ホントはあそこ、あんまり好きじゃない。
だって暗いし狭いし、気持ち悪いし……
とにかく、つまんないんだもん。
だけど",,untranslated,
DATA5.BIN#1660246,DATA5.BIN,1660246,对话,"、わたしがそう言ったら、
『こんなの全然たいしたことないよ』だって。",,untranslated,
DATA5.BIN#1660319,DATA5.BIN,1660319,对话,"がそう言った途端、
わたしなんだか安心してきちゃった。
なんでだろ、不思議だなぁ…。",,untranslated,
DATA5.BIN#1660407,DATA5.BIN,1660407,对话,"って、なんだかいい感じ。
すごく頼りになるもんね。",,untranslated,
DATA5.BIN#1660465,DATA5.BIN,1660465,对话,あーあ、なんかつまんないなぁ。,,untranslated,
DATA5.BIN#1660501,DATA5.BIN,1660501,对话,"と遊園地のシツレンジャーショウに
行ったんだけど、
わたしがダイ・シツレンロボ大好きって言ったら、
高校生にもなって恥ずかしいって言われちゃった。
せっかく楽しかったのに、気分台無し。
今度は一人で行こうっと。",,untranslated,
DATA5.BIN#1660715,DATA5.BIN,1660715,菜单,やっぱり楽しかった,,untranslated,
DATA5.BIN#1660734,DATA5.BIN,1660734,对话,"D
シツレンジャーショウって最高！",,untranslated,
DATA5.BIN#1660772,DATA5.BIN,1660772,对话,"と遊園地に行った時、
シツレンジャーショウ見てきたんだけど、
わたしがダイ・シツレンロボ大好きって言ったら、
実は俺もそうなんだ、だって。
すっごく盛り上がっちゃった。
やっぱり一人で行くより
二人の方が楽しいよね",,untranslated,
DATA5.BIN#1660995,DATA5.BIN,1660995,对话,"、ちっともわかってない。
また一緒にシツレンジャーショウに行ったんだけど、
ダイ・シツレンロボ最高だよねって言ったら、
どうせハリボテなのに、なんて言うんだもん。
そんなのわかってるのにさ。
それでもロボが出てくるのがカッコ良くて
いっぱい盛り上がるんだもん。
あーあ、つまんなかったなぁ。",,untranslated,
DATA5.BIN#1661287,DATA5.BIN,1661287,对话,ナイトパレードってホントに最高！,,untranslated,
DATA5.BIN#1661325,DATA5.BIN,1661325,对话,"と一緒に遊園地に行ったら
ちょうどやってたんで見てきたんだけど、
ホントに良かった。
あんまり良かったからわたし、一晩中見てたいって
言ったら、",,untranslated,
DATA5.BIN#1661470,DATA5.BIN,1661470,对话,"も賛成してくれた。
『このままずっと二人で見てたいね』って。
わたし、すっごくいい気持ちだった。
不思議なの。一人で見てるより、ずっとずっと
楽しいの。なんでかなぁ…。",,untranslated,
DATA5.BIN#1661648,DATA5.BIN,1661648,对话,"といると、ホントに楽しい。
一緒に遊園地でナイトパレード、見てきたんだけど、
見てる間は楽しいけど、終わっちゃったら
ちょっと寂しくて…。
そしたら",,untranslated,
DATA5.BIN#1661797,DATA5.BIN,1661797,对话,"、また一緒に来ようって
言ってくれた。
たったそれだけで、わたしなんだかうれしくなって
ワクワクしてきちゃった。
ナイトパレード見てるよりも楽しいぐらい。
やっぱり",,untranslated,
DATA5.BIN#1661961,DATA5.BIN,1661961,菜单,のおかげかな,,untranslated,
DATA5.BIN#1661988,DATA5.BIN,1661988,对话,"って、時々すごく鋭いコト言うの。
光ヶ浜に潮干狩りに行ったんだけど、
わたし、どうせ海に行くんだったらと思って
試作してた水中用ロボットの実験してたの。
そしたら",,untranslated,
DATA5.BIN#1662151,DATA5.BIN,1662151,对话,"、そういう実験は、
人気のないところでやった方がいいよって。
確かにその通りなんだよね。
やっぱり秘密兵器って人目を忍んで作らなくちゃ
いけないもん。
わたし、すごく納得しちゃった。",,untranslated,
DATA5.BIN#1662342,DATA5.BIN,1662342,对话,"と一緒に光ヶ浜に行って来た。
わたし、潮干狩りとかは興味なかったけど、
ちょっと試作中の歩行メカのために、カニの
身体構造に興味があったから、カニ獲ってって
お願いしたんだ。
そしたら",,untranslated,
DATA5.BIN#1662526,DATA5.BIN,1662526,对话,"、潜水機能も
つけた方がいいよ、だって。
カニロボって言ったらやっぱり
水中も自由に行動できないといけないもんね。",,untranslated,
DATA5.BIN#1662643,DATA5.BIN,1662643,对话,"って、ホント頭いいな。
わたし、感心しちゃった。",,untranslated,
DATA5.BIN#1662708,DATA5.BIN,1662708,对话,"と光ヶ浜に泳ぎに行ったけど、
あんまり楽しくなかった。
わたし、親子連れで来てる人が持って
たカモノハシの形の浮き輪が面白いって
言ったのに、",,untranslated,
DATA5.BIN#1662851,DATA5.BIN,1662851,对话,"、
浮き輪なんて要らないって言うの。
わたしが泳げないって知ってるはずのに、
わざわざそんなコト言うんだもん。
意地悪。",,untranslated,
DATA5.BIN#1662981,DATA5.BIN,1662981,对话,"って頭良いんだね。
一緒に光ヶ浜に泳ぎに行ったんだけど、
すぐに帰るのがもったいなくて、
ちょっと浜を散歩したの。
太陽が沈むとこがすごくキレイで、わたし、
見とれちゃった。
そしたら",,untranslated,
DATA5.BIN#1663164,DATA5.BIN,1663164,对话,"、
『切ない感じがするよね』って。
そうかあの感じが『切ない』ってことなんだ。
わたし、初めて知った。
ホント、すっごく楽しかったな",,untranslated,
DATA5.BIN#1663307,DATA5.BIN,1663307,对话,"とまた海に泳ぎに行って、
浜辺を歩いて来た。
だけどちょっとつまんなかった。
すっごく静かで、なんていうか、
世界が終わったみたいな感じがしたから、
核戦争後の世界みたいって言ったら、",,untranslated,
DATA5.BIN#1663492,DATA5.BIN,1663492,对话,"、放射能で巨大化したトカゲが
出たら面白いなんて言うの。
もう、雰囲気ブチ壊し。
そういうのってなんか違うんだもん。",,untranslated,
DATA5.BIN#1663614,DATA5.BIN,1663614,对话,"牧場なんてやっぱり行くんじゃなかった。
つまんないから行きたくなかったのに…。
『馬に乗ってみよう』なんて言うんだもん。
わたし、イヤなのに。
ふりくたーのこと思い出しちゃって…。",,untranslated,
DATA5.BIN#1663815,DATA5.BIN,1663815,对话,また牧場に行ってイヤな思いしちゃった。,,untranslated,
DATA5.BIN#1663859,DATA5.BIN,1663859,对话,"のイジワル…。
わたしがつまんないって言ったら、
馬の親子がかわいいなんて言うんだもん。",,untranslated,
DATA5.BIN#1663959,DATA5.BIN,1663959,对话,"と湖に行って来たけど、
手こぎのボートがいっぱい浮かんでた。
そしたら",,untranslated,
DATA5.BIN#1664032,DATA5.BIN,1664032,对话,"に、一緒に乗ろうって
誘われた。だけど、別に乗りたいって
気がしなかったし、断っちゃった。
だって、あんなのに乗って楽しいのかなぁ？",,untranslated,
DATA5.BIN#1664175,DATA5.BIN,1664175,对话,"と湖に行ったんだ。、
湖に手こぎのボートがいっぱい浮かんでたけど
わざわざ人力で漕がなくたっていいと思う
そう言ったら、",,untranslated,
DATA5.BIN#1664297,DATA5.BIN,1664297,对话,"に
一緒に乗ろうって誘われた。
言われたら、なんか急に楽しそうな感じになって、
わたしうれしかった。",,untranslated,
DATA5.BIN#1664399,DATA5.BIN,1664399,菜单,"といると
すごく不思議。",,untranslated,
DATA5.BIN#1664440,DATA5.BIN,1664440,对话,"と湖に行った。
釣りしてる人がいっぱいいたから、わたし
何が釣れるのなって思ったんだけど、",,untranslated,
DATA5.BIN#1664534,DATA5.BIN,1664534,对话,"がザリガニが釣れたりして、
なんて言うから楽しくなっちゃった。
だってわたし、ザリガニ好きだもん。
外骨格の生き物って、メカっぽくてステキ",,untranslated,
DATA5.BIN#1664670,DATA5.BIN,1664670,对话,"D
構造とか参考になりそうだしさ。",,untranslated,
DATA5.BIN#1664716,DATA5.BIN,1664716,对话,"と山に遊びに行ってきた。
でも、わたし、別に紅葉には興味ないんだよね。
だから、森の中を観察したりしてたら
なんか隠れるのに最適なポイント
見つけちゃった。
そういえば、前に矢部くんに聞いたんだけど、
サバイバルゲームって茂みの中なんかに
隠れて、相手を待ち伏せしたりするんだっけ。
だけど",,untranslated,
DATA5.BIN#1665003,DATA5.BIN,1665003,对话,"が
『変な生き物がいそう』なんて
イヤなこと言うんだもん。
わたし、気分悪くなっちゃった。",,untranslated,
DATA5.BIN#1665099,DATA5.BIN,1665099,对话,"ワールドエキビジョンセンターで
ゲームショウがあるって言うから、",,untranslated,
DATA5.BIN#1665168,DATA5.BIN,1665168,对话,"と一緒に見に行った。
いっぱい新作ゲームが見られて、
すごく参考になったな。
そういえば、わたしがゲーム作ってるって
話をしたら、",,untranslated,
DATA5.BIN#1665299,DATA5.BIN,1665299,对话,"、
俺にもやらせてねって。
わたし、なんだか恥ずかしくなっちゃったけど、
でもうれしかった。",,untranslated,
DATA5.BIN#1665394,DATA5.BIN,1665394,对话,"にわたしのゲーム、見てもらえる…。
考えただけでドキドキして、すごく照れくさいな。",,untranslated,
DATA5.BIN#1665481,DATA5.BIN,1665481,对话,、なんて言ってくれるかな…。,,untranslated,
DATA5.BIN#1665527,DATA5.BIN,1665527,对话,"とゲームショウに行ってきた。
新作のゲームがけっこう面白そうだったから
楽しみだねって言ったのに、",,untranslated,
DATA5.BIN#1665629,DATA5.BIN,1665629,对话,"、あんなの全然
たいしたことないよ、だって。
わたしだって、すごい楽しみってわけじゃないけど、
そんな風に言われると、ムカッとしちゃうもん。
せっかくいい気分だったのに、もう台無し。",,untranslated,
DATA5.BIN#1665821,DATA5.BIN,1665821,对话,"とゲームショウに行って来たけど、
すっごく楽しかった。
だってわたしたち、好みもバッチリだもん。
わたしがグッズコーナーに行こうって言ったら、",,untranslated,
DATA5.BIN#1665966,DATA5.BIN,1665966,对话,"も
『レア物がなくならないうちに急ごう』って
言ってくれたし。
一緒に並んでくれて、すごくうれしかったな",,untranslated,
DATA5.BIN#1666082,DATA5.BIN,1666082,对话,"とゲームショウに行って来たけど、
つまんなかったな。
わたしがグッズコーナーに行こうって言ったら、
『待ってるから行ってきなよ』だって。
わたし、一緒に来てほしかったのに…。",,untranslated,
DATA5.BIN#1666258,DATA5.BIN,1666258,菜单,、バカ…。,,untranslated,
DATA5.BIN#1666277,DATA5.BIN,1666277,对话,"ワールドエキビジョンセンターでやってる
コミックソサイエティのこと、
わたしはコミソって言ってるんだけど、
あんまりそう呼ぶ人いないみたい。
短くて言いやすいのにな。
そのコミソに",,untranslated,
DATA5.BIN#1666457,DATA5.BIN,1666457,对话,"と行ってきた。
わたし、メカ物のいい本を先に探そうかなって
思ってたんだけど、",,untranslated,
DATA5.BIN#1666539,DATA5.BIN,1666539,对话,"はゲーム系のサークルに
行きたいって。
わたし、そっちも行きたかったから
ちょうどよかったな。
他のつまんないコーナーとかに行こうとか
言われたらどうしようかと思っちゃった。",,untranslated,
DATA5.BIN#1666726,DATA5.BIN,1666726,对话,"とコミソ…
コミックソサイエティに行ってきた。
わたし、今回は自作のゲームを委託してたから、
そっちまわってもいい？って",,untranslated,
DATA5.BIN#1666849,DATA5.BIN,1666849,对话,"に聞いたら、
先にまわってみようって言ってくれた。
うれしかったな。",,untranslated,
DATA5.BIN#1666933,DATA5.BIN,1666933,对话,"とコミソ…
コミックソサイエティに行ってきた。
わたし、今回は自作のゲームを委託してたから、
そっちまわってもいい？って聞いたら、
わざわざ買わないなんて言うの。
すっごいイヤミ。わたし、ムカついちゃった。",,untranslated,
DATA5.BIN#1667140,DATA5.BIN,1667140,对话,"って、そんなコト言う人だったんだ。
あーあ、ガッカリ。",,untranslated,
DATA5.BIN#1667202,DATA5.BIN,1667202,对话,ちょっとガッカリしちゃったな。,,untranslated,
DATA5.BIN#1667238,DATA5.BIN,1667238,对话,"に付き合ってもらって
同人誌探しに行ってきたんだ。
でも、わたしが限定本に一緒に並んでって
言ったら、",,untranslated,
DATA5.BIN#1667342,DATA5.BIN,1667342,对话,"、
手分けして買おうなんて言うんだもん。
わたし、",,untranslated,
DATA5.BIN#1667395,DATA5.BIN,1667395,对话,"と一緒に
並んでたかったのに…。
あーあ、つまんないの。",,untranslated,
DATA5.BIN#1667458,DATA5.BIN,1667458,对话,"ワールドエキビジョンセンターで
未来都市ショウってのがあったから、",,untranslated,
DATA5.BIN#1667529,DATA5.BIN,1667529,对话,"と一緒に行ってきた。
バッチリわたしの好みだったけど、",,untranslated,
DATA5.BIN#1667588,DATA5.BIN,1667588,对话,"も喜んでたみたい。
ＳＦチックな雰囲気がいいんだって。
よくわかんないけど、楽しかったってコトかな。
やっぱりカッコいいもんね。
また行きたいな",,untranslated,
DATA5.BIN#1667738,DATA5.BIN,1667738,对话,"学校でパーティーやるっていうから、出かけてみた。
やっぱり、パーティーって人がいっぱいの方が
楽しいよね。
それに、",,untranslated,
DATA5.BIN#1667856,DATA5.BIN,1667856,对话,"も来てたしね。
なんか会えそうな気がしてたんだ。
とってもいいクリスマスだったな。",,untranslated,
DATA5.BIN#1667945,DATA5.BIN,1667945,菜单,今年のクリスマスは,,untranslated,
DATA5.BIN#1667969,DATA5.BIN,1667969,对话,"の誕生日だった。
だからわたし、プレゼント用意してたのに、",,untranslated,
DATA5.BIN#1668032,DATA5.BIN,1668032,对话,"、パーティーに来なかった。
だけど、どうしても誕生日に届けたかったから、
お家に持ってってあげたら、
すごく喜んでくれた。
そしたら、わたしもなんだかうれしくなっちゃった。
外は寒かったけど、ちっともつらくなかった。
なんだか身体が暖かくて…。
なんだか不思議だな",,untranslated,
DATA5.BIN#1668299,DATA5.BIN,1668299,对话,"わたし、今年のクリスマスは一生忘れない。
だって",,untranslated,
DATA5.BIN#1668351,DATA5.BIN,1668351,对话,"がわたしの部屋に来て、
二人でお祝いした
初めてのクリスマスだったんだもん。
わたしが手作りケーキ出してあげたら、",,untranslated,
DATA5.BIN#1668468,DATA5.BIN,1668468,对话,"、すっごく喜んでくれたの。
わたしもうれしかった",,untranslated,
DATA5.BIN#1668516,DATA5.BIN,1668516,对话,"D
だって、前の晩からずーっと準備して、
一生懸命ケーキ焼いて用意してたんだもん。
…これからもずーっとずーっと、
こんな風にクリスマスを過ごせたらいいなぁ…。",,untranslated,
DATA5.BIN#1668691,DATA5.BIN,1668691,对话,"と
初詣に行ってきちゃった。",,untranslated,
DATA5.BIN#1668724,DATA5.BIN,1668724,对话,"にどんなお願いしたの？　って
聞かれたけど、なんだか照れくさくて
言えなかった。",,untranslated,
DATA5.BIN#1668808,DATA5.BIN,1668808,对话,"は何お願いしたのかなぁ。
なんかすっごく気になる。
…わたしのコトとかお願いしてないかなぁ。
だけど、すっごく楽しかったな。
今年はきっといい年になるね",,untranslated,
DATA5.BIN#1668977,DATA5.BIN,1668977,对话,"と
初詣に行ってきちゃった。
わたし、開発中のマシンが
うまく稼働するようにって
お願いしたんだけど、",,untranslated,
DATA5.BIN#1669081,DATA5.BIN,1669081,对话,"はどんなお願いしたのかなぁ。
なんかちょっと気になる。
ま、どうでもいいんだけど。
今年はいい年になるかな",,untranslated,
DATA5.BIN#1669205,DATA5.BIN,1669205,对话,"と
初詣に行ってきちゃった。
ホントはあんまりそういうの、行かないんだけど、",,untranslated,
DATA5.BIN#1669285,DATA5.BIN,1669285,对话,"が行こうって言ったから。
だけど、なんでみんなお願いなんかするのかなぁ。
すっごく混んでたし、メンドくさかったな。
なんか疲れちゃったし…。
やっぱり行かなきゃよかったなぁ。",,untranslated,
DATA5.BIN#1669508,DATA5.BIN,1669508,对话,"にどんなお願いしたの？　って
聞かれたけど、なんだか照れくさくて
言えなかった。
…わたしのコトとかお願いしてないかなぁ。
なんかすっごく気になる。
だけど、すっごく楽しかったな。
今年はきっといい年になるね",,untranslated,
DATA5.BIN#1669731,DATA5.BIN,1669731,对话,"と
初詣に行ってきちゃった。
わたし、製作中の試作機でシミュレーション通りの
数値が出ますようにってお願いしちゃったけど、",,untranslated,
DATA5.BIN#1669856,DATA5.BIN,1669856,对话,"はどんなお願いしたのかなぁ。
ちょっと気になるかな。
ま、別にいいんだけど。
今年はいい年になるかな",,untranslated,
DATA5.BIN#1670054,DATA5.BIN,1670054,对话,"が行こうって言ったから。
だけど、やっぱりメンドくさかったな。
すっごく混んでたし。
だいたいカッコ良くないもんね。
あーあ、やっぱり行くんじゃなかったなぁ。",,untranslated,
DATA5.BIN#1670345,DATA5.BIN,1670345,对话,"はどんなお願いしたのかなぁ。
…わたしのコトとかお願いしてないかなぁ。
なんかすっごく気になる。
だけど、すっごく楽しかったな。
今年はきっといい年になるね",,untranslated,
DATA5.BIN#1670518,DATA5.BIN,1670518,对话,"と
初詣に行ってきちゃった。
わたし、今やってる実験が上手くいくようにって
お願いしちゃった。",,untranslated,
DATA5.BIN#1670813,DATA5.BIN,1670813,对话,"が行こうって言ったから。
だけど、やっぱり行かない方がよかったなぁ。
来年はもう行くのやめようっと。",,untranslated,
DATA5.BIN#1670925,DATA5.BIN,1670925,对话,"に手作りチョコあげたら、
すっごく喜んでくれた。
わざわざ自動調理マシン、作成してよかったな。
開発に時間かかっちゃったけど…。
でも、いっか",,untranslated,
DATA5.BIN#1671084,DATA5.BIN,1671084,对话,"にチョコ、あげちゃった。
自動調理マシン、改造してパワーアップしたし、
きっとおいしいよ。",,untranslated,
DATA5.BIN#1671178,DATA5.BIN,1671178,菜单,も喜んでくれたし,,untranslated,
DATA5.BIN#1671195,DATA5.BIN,1671195,对话,"D
やっぱり苦労した甲斐があったな。",,untranslated,
DATA5.BIN#1671243,DATA5.BIN,1671243,菜单,にチョコあげちゃった,,untranslated,
DATA5.BIN#1671264,DATA5.BIN,1671264,对话,"D
試作のためにプロトタイプをいくつも作ったって
言ったら変な顔してたけど…。
だって、",,untranslated,
DATA5.BIN#1671353,DATA5.BIN,1671353,对话,"にはカッコいいの
あげたかったもんね。
苦労して作ってよかった",,untranslated,
DATA5.BIN#1671428,DATA5.BIN,1671428,对话,"が誕生日だったから、わたし、
学校の帰りにプレゼントあげちゃった。
…学校で渡すの、恥ずかしかったもんね。えへへ。",,untranslated,
DATA5.BIN#1671546,DATA5.BIN,1671546,对话,"、すっごく喜んでくれたみたい。
わたし、ちゃんと覚えてるもんね",,untranslated,
DATA5.BIN#1671617,DATA5.BIN,1671617,对话,"今年の誕生日、すっごくうれしいことがあった。
学校の帰りに",,untranslated,
DATA5.BIN#1671679,DATA5.BIN,1671679,对话,"がいて、
プレゼントくれたの。",,untranslated,
DATA5.BIN#1671714,DATA5.BIN,1671714,对话,"、わたしの誕生日、
ちゃんと覚えててくれたんだね。
わたし、感激しちゃった。",,untranslated,
DATA5.BIN#1671794,DATA5.BIN,1671794,菜单,、ありがと,,untranslated,
DATA5.BIN#1671911,DATA5.BIN,1671911,对话,"、わたしの誕生日、
ちゃんと覚えててくれたんだね。
あんまり良い物はもらえなかったけど…。
ま、いっか。",,untranslated,
DATA5.BIN#1672038,DATA5.BIN,1672038,对话,"今年の誕生日はけっこううれしかったな。
学校の帰りに",,untranslated,
DATA5.BIN#1672129,DATA5.BIN,1672129,对话,"、わたしの誕生日、
ちゃんと覚えててくれたんだねー。",,untranslated,
DATA5.BIN#1672297,DATA5.BIN,1672297,对话,"、わたしの誕生日、
ちゃんと覚えててくれたんだねー。
もらった物はつまんなかったけど…。
ま、いっか。",,untranslated,
DATA5.BIN#1672422,DATA5.BIN,1672422,对话,"今年の誕生日はちょっとうれしかったな。
学校の帰りに",,untranslated,
DATA5.BIN#1672513,DATA5.BIN,1672513,对话,"、わたしの誕生日、
ちゃんと覚えててくれたんだねー。
すっごく意外。",,untranslated,
DATA5.BIN#1672585,DATA5.BIN,1672585,菜单,って、いいヒトなんだね,,untranslated,
DATA5.BIN#1672617,DATA5.BIN,1672617,对话,"今年の誕生日はちょっと面白かったな。
学校の帰りに",,untranslated,
DATA5.BIN#1672706,DATA5.BIN,1672706,对话,"、わたしの誕生日、
ちゃんと覚えててくれたんだねー。すっごく意外。
だけど、もらった物はつまんなかった。
ちょっとガッカリだな。",,untranslated,
DATA5.BIN#1672840,DATA5.BIN,1672840,对话,今年の誕生日、すっごくうれしいことがあった。,,untranslated,
DATA5.BIN#1672890,DATA5.BIN,1672890,对话,"も誕生日だったから、わたし、
学校の帰りにプレゼントあげたの。
…学校で渡すの、恥ずかしかったもんね。えへへ。
そしたら、ビックリしちゃった。",,untranslated,
DATA5.BIN#1673035,DATA5.BIN,1673035,对话,"もわたしにプレゼントくれたの。
わたし、感激しちゃった。
わたしの誕生日、ちゃんと覚えててくれたんだね。",,untranslated,
DATA5.BIN#1673163,DATA5.BIN,1673163,对话,今年の誕生日、すっごく嬉うれしいことがあった。,,untranslated,
DATA5.BIN#1673360,DATA5.BIN,1673360,对话,"もわたしにプレゼントくれたの。
わたし、感激しちゃった。
わたしの誕生日、ちゃんと覚えててくれたんだね。
あんまり良い物はもらえなかったけど…
ま、いっか。",,untranslated,
DATA5.BIN#1673543,DATA5.BIN,1673543,对话,"の誕生日、お休みだったから
わたし、プレゼント持って、",,untranslated,
DATA5.BIN#1673602,DATA5.BIN,1673602,对话,"の家に行っちゃった。
そしたら、すっごく喜んでくれたみたい。
えへへ、わざわざ家まで行ってよかったな。",,untranslated,
DATA5.BIN#1673708,DATA5.BIN,1673708,菜单,、おめでと,,untranslated,
DATA5.BIN#1673728,DATA5.BIN,1673728,对话,"今年の誕生日、すっごくうれしいことがあった。
急に",,untranslated,
DATA5.BIN#1673782,DATA5.BIN,1673782,对话,"が電話してきて、プレゼント、
持ってきてくれたの。",,untranslated,
DATA5.BIN#1673837,DATA5.BIN,1673837,对话,"、わたしの誕生日、
ちゃんと覚えててくれたんだね。
わたし、感激しちゃったから、",,untranslated,
DATA5.BIN#1673921,DATA5.BIN,1673921,对话,のことお部屋に招待してあげた。,,untranslated,
DATA5.BIN#1674170,DATA5.BIN,1674170,对话,"のことお部屋に招待してあげた。
もらった物はあんまり良くなかったけど…。
でも許したげる。",,untranslated,
DATA5.BIN#1674284,DATA5.BIN,1674284,对话,"今年の誕生日はけっこううれしかったな。
急に",,untranslated,
DATA5.BIN#1674387,DATA5.BIN,1674387,对话,"、わたしの誕生日、
ちゃんと覚えててくれたんだねー。
えへへ、やるじゃん。",,untranslated,
DATA5.BIN#1674588,DATA5.BIN,1674588,对话,"、わたしの誕生日、
ちゃんと覚えててくれたんだねー。
もらった物はつまんなかったけど…。ま、いいか。",,untranslated,
DATA5.BIN#1674712,DATA5.BIN,1674712,对话,"今年の誕生日はちょっとうれしかったな。
急に",,untranslated,
DATA5.BIN#1674760,DATA5.BIN,1674760,对话,"が電話してきて、プレゼント、
持ってきてくれたもんね。",,untranslated,
DATA5.BIN#1674923,DATA5.BIN,1674923,对话,"今年の誕生日はちょっと面白かったな。
急に",,untranslated,
DATA5.BIN#1675028,DATA5.BIN,1675028,对话,"、わたしの誕生日、
ちゃんと覚えててくれたんだねー。
すっごく意外。
だけど、もらった物はつまんなかった。
ちょっとガッカリだな。",,untranslated,
DATA5.BIN#1675163,DATA5.BIN,1675163,对话,"今年の誕生日、すっごくうれしいことがあった。
ちょうど",,untranslated,
DATA5.BIN#1675221,DATA5.BIN,1675221,对话,"も誕生日だったから
わたし、プレゼント持って、",,untranslated,
DATA5.BIN#1675272,DATA5.BIN,1675272,对话,"の家に行ったんだ。
そしたら、",,untranslated,
DATA5.BIN#1675306,DATA5.BIN,1675306,对话,"もわたしに
プレゼント用意してくれてた。
わたし、感激しちゃった。
わたしの誕生日、ちゃんと覚えててくれたんだね。",,untranslated,
DATA5.BIN#1675493,DATA5.BIN,1675493,对话,"も誕生日だったから、
わたし、プレゼント持って",,untranslated,
DATA5.BIN#1675578,DATA5.BIN,1675578,对话,"もわたしに
プレゼント用意してくれてた。
わたし、感激しちゃった。
わたしの誕生日、ちゃんと覚えててくれたんだね。
もらった物はあんまり良くなかったけど、
許してあげる。",,untranslated,
DATA5.BIN#1675769,DATA5.BIN,1675769,对话,"今日からいよいよ修学旅行。
みんなでお出かけするの、とっても楽しみ",,untranslated,
DATA5.BIN#1675835,DATA5.BIN,1675835,菜单,"D
せっかくだから",,untranslated,
DATA5.BIN#1675856,DATA5.BIN,1675856,对话,"と一緒に
あちこち見てまわろうっと。",,untranslated,
DATA5.BIN#1675897,DATA5.BIN,1675897,对话,、どんな所が好きなのかな？,,untranslated,
DATA5.BIN#1675932,DATA5.BIN,1675932,对话,"修学旅行の２日目は阿寒湖って所に行った。
せっかく",,untranslated,
DATA5.BIN#1675986,DATA5.BIN,1675986,对话,"と一緒に行ったのに、
何にもなくてちょっと残念。
だけど",,untranslated,
DATA5.BIN#1676045,DATA5.BIN,1676045,对话,"が
『お城があったらいい雰囲気だね』なんて
言ってくれたから、
わたし、思わず納得しちゃった。
そういう風に考えたら、なんかいい景色だもんね",,untranslated,
DATA5.BIN#1676245,DATA5.BIN,1676245,对话,"と一緒に行ったのに、
何にもなくてちょっと残念。
おまけに",,untranslated,
DATA5.BIN#1676306,DATA5.BIN,1676306,对话,"、
湖底に秘密基地があったら…なんて言うんだもん。
もうちょっといい雰囲気の話してほしかったなぁ。",,untranslated,
DATA5.BIN#1676411,DATA5.BIN,1676411,对话,"修学旅行の２日目はナントカっていうお寺に行った。
せっかく",,untranslated,
DATA5.BIN#1676473,DATA5.BIN,1676473,对话,"と一緒に行けたのに、
つまんない場所だったな。
わたし、古い建物って何がいいのか
わかんないもん。
だけど",,untranslated,
DATA5.BIN#1676580,DATA5.BIN,1676580,对话,"が
『西洋の教会だったらロマンチックだね』
って言ってくれたから、わたし、ちょっと想像して
楽しくなっちゃった。
なんか、おとぎ話に出てくるみたいな感じで、
すっごくステキだもんね",,untranslated,
DATA5.BIN#1676765,DATA5.BIN,1676765,对话,"修学旅行の２日目は牛が働いてる所に行った。
せっかく",,untranslated,
DATA5.BIN#1676821,DATA5.BIN,1676821,对话,"と一緒に行けたのに、
つまんない場所だったな。
おまけに",,untranslated,
DATA5.BIN#1676880,DATA5.BIN,1676880,对话,"、あの牛がかわいいよ、
なんて言うんだもん。
わたし、ふりくたーのコト思い出しちゃって、
すっごく悲しくなっちゃった。",,untranslated,
DATA5.BIN#1677020,DATA5.BIN,1677020,菜单,せっかく修学旅行で,,untranslated,
DATA5.BIN#1677044,DATA5.BIN,1677044,对话,"と見学できたのに、
３日目もつまんない場所だった。
牧場って馬ばっかりいるんだもん。
イヤな気分になって別の場所に行こうって言ったら、",,untranslated,
DATA5.BIN#1677181,DATA5.BIN,1677181,对话,"、馬に乗ってみよう、なんて言うの。
わたし、ふりくたーのコト思い出しちゃって、
すっごく悲しくなっちゃった。",,untranslated,
DATA5.BIN#1677312,DATA5.BIN,1677312,对话,修学旅行の３日目は楽しかったな。,,untranslated,
DATA5.BIN#1677350,DATA5.BIN,1677350,对话,"と国会議事堂を見に行ったんだけど、
あれって、思ってたより小さいんだよね。
だけど",,untranslated,
DATA5.BIN#1677435,DATA5.BIN,1677435,对话,"が、
いつかここを乗っ取ってやる…みたいなコト
言ったの。
わたし、思わず想像してうれしくなっちゃった。
そうなったらわたしも手伝ってあげようっと",,untranslated,
DATA5.BIN#1677611,DATA5.BIN,1677611,对话,"と見学できたのに、
３日目はつまんない場所だった。
奈良公園って、シカばっかりいるんだもん。
イヤな気分になって別の場所に行こうって言ったら、",,untranslated,
DATA5.BIN#1677756,DATA5.BIN,1677756,对话,"、餌やってみよう、なんて言うの。
わたし、ふりくたーのコト思い出しちゃって、
すっごく悲しくなっちゃった。",,untranslated,
DATA5.BIN#1677909,DATA5.BIN,1677909,对话,"と見学できたのに、
３日目もつまんない場所だった。
草原の真ん中で、何にもない所で、
それで馬がいっぱいいるんだもん。
わたし、イヤなこと思い出しそうになって
別の場所に行きたかったけど、
そしたら",,untranslated,
DATA5.BIN#1678106,DATA5.BIN,1678106,对话,"、馬の方に行ってみよう、
なんて言うの。
わたし、ダメなんだもん。
動物に触るのって……。",,untranslated,
DATA5.BIN#1678202,DATA5.BIN,1678202,菜单,修学旅行の４日目は,,untranslated,
DATA5.BIN#1678225,DATA5.BIN,1678225,对话,"と一緒に
ナントカっていう教会に行って来た。
わたしが教会って何のためにあるのかな
って言ったら、",,untranslated,
DATA5.BIN#1678325,DATA5.BIN,1678325,对话,"、
こんな所で結婚したら幸せになれそう、だって。
ちっとも論理的じゃないのに、変なの。
わたし、なんかすごく納得しちゃった。
それで想像しちゃって、恥ずかしくなっちゃった。
わたしもいつか、お嫁さんになるのかなぁ…。
その時、隣にいるのって誰なんだろ…。
…えへへ",,untranslated,
DATA5.BIN#1678592,DATA5.BIN,1678592,对话,"修学旅行って思ってたほど楽しくなかったけど、
でも、最後の夜にはすっごくいいことがあった。",,untranslated,
DATA5.BIN#1678687,DATA5.BIN,1678687,对话,"と一緒に街の夜景、
見に行ったんだけど、すっごくきれいだったの。
ううん、ただきれいなんじゃなくて…。
なんて言うのかなぁ。夢の中にいるみたいで、
なんだか今でもあの時のこと思い出すと
頭がぽーっとしてくる。
わたし、あんまりいい気持ちだったから、
このまま時間が止まっちゃえって思ったの。
それぐらい素敵な気持ちだった…。
わたし、あの時のこと、いつまでも忘れないよ。
また",,untranslated,
DATA5.BIN#1679058,DATA5.BIN,1679058,对话,"と一緒に
夜景を見に行きたいなぁ…。",,untranslated,
DATA5.BIN#1679107,DATA5.BIN,1679107,对话,"と花火大会に行ったら、
万里ちゃんと会っちゃった。
だけど万里ちゃん、なんか変だった。
わたしの方、見てくれなかったし…。
わたし、万里ちゃんに何かしたのかなぁ？
…万里ちゃん、わたしのこと、
嫌いになったりしてないよね？",,untranslated,
DATA5.BIN#1679337,DATA5.BIN,1679337,对话,"と花火大会に行ったら、
万里ちゃんと会っちゃった。
だけど、なんか変なの。
わたし、万里ちゃんの顔、見られなくて…。
なんか悪いコトしちゃったみたいな感じなの。
万里ちゃん、変なコト言うし。
わたし、なんか身体が暑くなっちゃって…。
…だけど、悪い気分じゃなくって…。
ホントに変な感じなんだ。
やっぱり、",,untranslated,
DATA5.BIN#1679639,DATA5.BIN,1679639,对话,"と
一緒にいるせいかなぁ。",,untranslated,
DATA5.BIN#1679670,DATA5.BIN,1679670,菜单,って、不思議だな。,,untranslated,
DATA5.BIN#1679702,DATA5.BIN,1679702,对话,"と花火大会に行ったら、
万里ちゃんと会っちゃった。
だけど、なんか変なの。
わたし、万里ちゃんの顔、見られなくて…。
なんか悪いコトしちゃったみたいな感じなの。
万里ちゃんも、わたしの顔見てくれなかったし…。
なんでだろ…。
なんであんなコトになっちゃったんだろ…。
…万里ちゃん、わたしのコト、
嫌いになったりしてないよね？",,untranslated,
DATA5.BIN#1680033,DATA5.BIN,1680033,对话,"と花火大会に行ったら、
ちぃちゃんと会っちゃった。
だけど、ちぃちゃん、なんか変だった。
わたしの方、見てくれなかったし…。
わたし、ちぃちゃんに何かしたのかなぁ？
…ちぃちゃん、わたしのこと、
嫌いになったりしてないよね？",,untranslated,
DATA5.BIN#1680265,DATA5.BIN,1680265,对话,"と花火大会に行ったら、
ちぃちゃんと会っちゃった。
だけど、なんか変なの。
わたし、ちぃちゃんの顔、見られなくて…。
なんか悪いコトしちゃったみたいな感じなの。
ちぃちゃん、変なコト言うし。
わたし、なんか身体が熱くなっちゃって…。
…だけど、悪い気分じゃなくって…。
ホントに変な感じなんだ。
やっぱり、",,untranslated,
DATA5.BIN#1680567,DATA5.BIN,1680567,菜单,と一緒にいるせいかなぁ。,,untranslated,
DATA5.BIN#1680597,DATA5.BIN,1680597,对话,って、やっぱり不思議だな。,,untranslated,
DATA5.BIN#1680637,DATA5.BIN,1680637,对话,"と花火大会に行ったら、
ちぃちゃんと会っちゃった。
だけど、なんか変なの。
わたし、ちぃちゃんの顔、見られなくて…。
なんか悪いコトしちゃったみたいな感じなの。
ちぃちゃんも、わたしの顔見てくれなかったし…。
なんでだろ…。
なんであんなコトになっちゃったんだろ…。
…ちぃちゃん、わたしのコト、
嫌いになったりしてないよね？",,untranslated,
DATA5.BIN#1680968,DATA5.BIN,1680968,对话,"と縁日に行ったら、
万里ちゃんと会っちゃった。
だけど万里ちゃん、なんか変だった。
わたしの方、見てくれなかったし…。
わたし、万里ちゃんに何かしたのかなぁ？
…万里ちゃん、わたしのこと、
嫌いになったりしてないよね？",,untranslated,
DATA5.BIN#1681194,DATA5.BIN,1681194,对话,"と縁日に行ったら、
万里ちゃんと会っちゃった。
だけど、なんか変なの。
わたし、万里ちゃんの顔、見られなくて…。
なんか悪いコトしちゃったみたいな感じなの。
万里ちゃん、変なコト言うし。
わたし、なんか身体が熱くなっちゃって…。
…だけど、悪い気分じゃなくって…。
ホントに変な感じなんだ。
やっぱり、",,untranslated,
DATA5.BIN#1681562,DATA5.BIN,1681562,对话,"と縁日に行ったら、
万里ちゃんと会っちゃった。
だけど、なんか変なの。
わたし、万里ちゃんの顔、見られなくて…。
なんか悪いコトしちゃったみたいな感じなの。
万里ちゃんも、わたしの顔見てくれなかったし…。
なんでだろ…。
なんであんなコトになっちゃったんだろ…。
…万里ちゃん、わたしのコト、
嫌いになったりしてないよね？",,untranslated,
DATA5.BIN#1681889,DATA5.BIN,1681889,对话,"と縁日に行ったら、
ちぃちゃんと会っちゃった。
だけど、ちぃちゃん、なんか変だった。
わたしの方、見てくれなかったし…。
わたし、ちぃちゃんに何かしたのかなぁ？
…ちぃちゃん、わたしのこと、
嫌いになったりしてないよね？",,untranslated,
DATA5.BIN#1682117,DATA5.BIN,1682117,对话,"と縁日に行ったら、
ちぃちゃんと会っちゃった。
だけど、なんか変なの。
わたし、ちぃちゃんの顔、見られなくて…。
なんか悪いコトしちゃったみたいな感じなの。
ちぃちゃん、変なコト言うし。
わたし、なんか身体が熱くなっちゃって…。
…だけど、悪い気分じゃなくって…。
ホントに変な感じなんだ。
やっぱり、",,untranslated,
DATA5.BIN#1682478,DATA5.BIN,1682478,对话,"と縁日に行ったら、
ちぃちゃんと会っちゃった。
だけど、なんか変なの。
わたし、ちぃちゃんの顔、見られなくて…。
なんか悪いコトしちゃったみたいな感じなの。
ちぃちゃんも、わたしの顔見てくれなかったし…。
なんでだろ…。
なんであんなコトになっちゃったんだろ…。
…ちぃちゃん、わたしのコト、
嫌いになったりしてないよね？",,untranslated,
DATA5.BIN#1682800,DATA5.BIN,1682800,对话,"ずーっとずーっと、この気持ちが
いったい何なのか考えてた。
最近になってやっとわかった気がする。
きっと",,untranslated,
DATA5.BIN#1682906,DATA5.BIN,1682906,对话,"に出会わなかったら、
知ることのできなかった大切な気持ち…。
だから、明日、ハッキリ伝えるんだ。
だって、明日は卒業式…。
最初で最後の、チャンスだから…。",,untranslated,
DATA5.BIN#1683067,DATA5.BIN,1683067,对话,"失敗しちゃったぁ。
例の男の子、こっそり観察してたんだけど
気づかれちゃった。
なんでかなぁ？
ま、今後見つからないように
気をつければいいんだもんね。
もう少し詳細なデータが欲しいし。
うん、きっと素質があるんだよ。",,untranslated,
DATA5.BIN#1683287,DATA5.BIN,1683287,对话,こっそり観察してたこと、とうとう,,untranslated,
DATA5.BIN#1683325,DATA5.BIN,1683325,对话,"にバレちゃった。
データ収集に熱中してたら、ついウッカリしてて
ぶつかっちゃって。
仕方ないから自己紹介して、
ついでに前から疑問に思ってた
研究対象について質問してみた。
あの反応、間違いないよ。
やっぱりわたしが目をつけただけあるよね",,untranslated,
DATA5.BIN#1683579,DATA5.BIN,1683579,对话,"とコンタクトしちゃった。
部活動中、試作してたアクチュエータの動力部が
暴走しちゃって、
そしたら",,untranslated,
DATA5.BIN#1683679,DATA5.BIN,1683679,对话,"がそこにいたんだ。
前から目をつけてたけど、やっぱり素質あるよ。
わたし、自己紹介して、ついでに
前から疑問に思ってた
研究対象について質問してみた。
あの反応、間違いないよ。
やっぱりわたしが目をつけただけあるよね",,untranslated,
DATA5.BIN#1683904,DATA5.BIN,1683904,对话,"に実験、協力してもらっちゃった。
でも、なんかちょっと痛かったみたい。
そんなハズないけどなぁ？
ま、いいか。
科学の進歩のためには犠牲はつきものだよね",,untranslated,
DATA5.BIN#1684053,DATA5.BIN,1684053,对话,"D
興味深い数値も出たし。これで研究が進むもん。",,untranslated,
DATA5.BIN#1684105,DATA5.BIN,1684105,菜单,、ありがとー,,untranslated,
DATA5.BIN#1684132,DATA5.BIN,1684132,对话,"に実験、協力してもらっちゃった。
でも、なんかちょっと痛かったみたい。
そんなハズないけどなぁ？
ま、いいか。
興味深い数値も出たし。
これで研究が進むね。",,untranslated,
DATA5.BIN#1684311,DATA5.BIN,1684311,对话,うーん、どうも上手くいかないなぁ。,,untranslated,
DATA5.BIN#1684351,DATA5.BIN,1684351,对话,"に例の試作機１号、
見せたんだけど、
いきなり動作不良起こしちゃった。
なんとかゴマカしたけど、気づかれなかったかな？",,untranslated,
DATA5.BIN#1684472,DATA5.BIN,1684472,对话,"に見せたくって、
急いで完成させちゃったもんね。
失敗失敗",,untranslated,
DATA5.BIN#1684538,DATA5.BIN,1684538,菜单,また失敗しちゃったぁ,,untranslated,
DATA5.BIN#1684559,DATA5.BIN,1684559,对话,"C
学校で試作機の起動実験してたら、
いきなり勝手に走り出しちゃった。
なんかわたしの見てないところで、
いろんな人に迷惑かけちゃったみたい。
だけど、やっぱりよくできてるんだ",,untranslated,
DATA5.BIN#1684730,DATA5.BIN,1684730,菜单,"D
みんな",,untranslated,
DATA5.BIN#1684743,DATA5.BIN,1684743,对话,"と区別つかなかったみたい。
だってわたしも間違えるぐらいだもんね。
行動も実物を忠実に再現してたし。
ちょっと行動パターンの一部が誇張されてる
みたいな感じもするけど…
ま、少しぐらいの誤差はつきものだよね",,untranslated,
DATA5.BIN#1684967,DATA5.BIN,1684967,对话,"に
製作中のふりくたーを見せちゃった。
ここまでくるのにすごくかかったし、
つい自慢したくなっちゃったんだもん。
だけど",,untranslated,
DATA5.BIN#1685088,DATA5.BIN,1685088,对话,"にどうして作ってるの、
なんて聞かれて、わたし答えられなかった。
だって言ったら、思い出しちゃうもん。
…ふりくたーが死んだ時のこと…。",,untranslated,
DATA5.BIN#1685235,DATA5.BIN,1685235,对话,"にうちに来てもらって、
ふりくたーのプログラムを手伝ってもらった。
完成までもうちょっとなんだけど、
待ちきれないもん。
だけど、保存してた記録映像、見られちゃった。
ふりくたーの昔の姿…。
それを見たらわたしも思い出しちゃって…。
パパがふりくたーをくれたコト…
ふりくたーと仲良しだったコト…
それに、わたしがふりくたーを
死なせちゃったコトも…
全部",,untranslated,
DATA5.BIN#1685585,DATA5.BIN,1685585,对话,"に話しちゃった。
話したら、少しだけ心が軽くなった気がした。
ずっと思い出さないようにしてたのに…。",,untranslated,
DATA5.BIN#1685692,DATA5.BIN,1685692,对话,"ようやく、ふりくたーが完成した。
それで起動させるの、",,untranslated,
DATA5.BIN#1685750,DATA5.BIN,1685750,对话,"にも
見てもらいたくて家に来てもらった。
いろいろ手伝ってもらったしね。
なのに、ふりくたー、ちっとも言うこと、
聞いてくれないの。
プログラム、どこにも異常ないし、
ハード的にも問題ないはずなのに…。
理論的には完全に再現できているはずなのに…。
もう、なんでよぉ…。",,untranslated,
DATA5.BIN#1686021,DATA5.BIN,1686021,菜单,あー、もうイヤ,,untranslated,
DATA5.BIN#1686036,DATA5.BIN,1686036,对话,"B
ここんとこずっと学校の近くに行ったら
ヘンな子犬がしつこくするの。
この間、学校の帰りに草むらでミカン箱に
入って捨てられてるの見かけたんだけど…。
思わず目が合っちゃった。
そしたら、あの犬もわたしのこと、じっと見て…。
それからずっと、わたしについてくるの。
…わたし、イヤなのに。
ふりくたーのコト、思い出しちゃうし…。
なのに、",,untranslated,
DATA5.BIN#1686370,DATA5.BIN,1686370,对话,"に話しても
全然アテになんないし…。
もう、どうしたらいいんだろ…。",,untranslated,
DATA5.BIN#1686445,DATA5.BIN,1686445,对话,"ありがとう、ふりくたー。
やっぱり、設計ミスとかバグとかじゃなかったんだ。
お前がちっとも言うコト聞かなかったのって、
わたしのためだったんだね。
わたしが、いつまでもお前のコトにこだわって
ずーっとそればっかり夢中になってるから…。
もう少しでわたし、取り返しのつかないこと
するところだった…。
ついあの子…あの犬をビックリさせちゃって、
あの子が逃げ出した時…。
わたし、ようやくわかったの。
ホントはあの子と仲良くしたかったんだって。
あの子のこと、抱きしめて
あげたかったんだって…。
だから、あの子もわたしについてきたんだよね。
でもわたし、全然気づかなかった。
…ううん、気づきたくなかったの。
またあんな悲しい思い、したくなかったから。
ふりくたー、お前はそれがわかってたんだね…。
それであの子のこと、助けてくれたんだよね。
…わたし、お前のこと、絶対に忘れない。
悲しかったことじゃなくて、楽しかったこと。
一緒に遊んで、いっぱいいっぱい笑ったこと。
みんな素敵な想い出だから、
心の中にずっと大事にしまっておくね。
……さよなら、ふりくたー。",,untranslated,
DATA5.BIN#1688288,DATA5.BIN,1688288,对话,"と一緒に過ごすのは、
初めてだったけれど、とても楽しかったわ。
思ったより話題も豊富で、センスもいいようね。
ああいう方なら、またお誘いを受けてもいいかしら。",,untranslated,
DATA5.BIN#1688457,DATA5.BIN,1688457,对话,"と一緒に過ごすのは、
初めてだったけれど、なかなか楽しかったわ。
少し話題が合わないところもあったけれど
センスは合格点ね。
ああいう方なら、
またお誘いを受けてあげようかしら。",,untranslated,
DATA5.BIN#1688644,DATA5.BIN,1688644,对话,"と一緒に過ごすのは、
初めてだったけれど、
まあ、暇つぶし程度にはなったわ。
センスのなさについては
今回くらいは目をつぶってあげようかしら。
次があるならしっかり勉強してきて
もらいたいわ。",,untranslated,
DATA5.BIN#1688844,DATA5.BIN,1688844,对话,"と一緒に過ごすのは、
初めてだったけれど、あまり楽しくなかったわ。
期待していたより話題は少ないし、
センスもいま一つね。
またお誘いがあったら、考えてしまうけれど、
もう一度ぐらいチャンスをあげようかしら。",,untranslated,
DATA5.BIN#1689061,DATA5.BIN,1689061,对话,"と一緒に過ごすのは、
初めてだったけれど、最悪ね。
全然、話のレベルも低いし、センスも悪いわね。
あんな人の誘いを受けるぐらいなら、
一人で本でも読んでた方が
はるかに有意義だったわ。
はっきり言って、百年早いのよ。",,untranslated,
DATA5.BIN#1689285,DATA5.BIN,1689285,对话,"ってやはり聡明な方ね。
ご一緒していると、本当に学ぶこともあるし、
会話もセンスが良くて素敵だわ。
わたしと釣り合う男の方なんて、
滅多にいないと思っていたのに……。
わたしにとって、貴重な存在だわ。",,untranslated,
DATA5.BIN#1689494,DATA5.BIN,1689494,对话,"ってなかなか聡明な方ね。
一緒にいると、感心することもあるし、
会話もわりとセンスが良くていいわね。
今のところとりあえず合格点だけど、
わたしと釣り合うには、
もう少し努力していただきたいってところかしら。",,untranslated,
DATA5.BIN#1689711,DATA5.BIN,1689711,对话,"ってつまらない方ね。
一緒にいると、呆れる事があるし、
会話も今ひとつセンスが良くないもの。
いずれにしても、わたしと釣り合うには、
かなりの努力が必要かしら。",,untranslated,
DATA5.BIN#1689881,DATA5.BIN,1689881,对话,"って本当につまらない方ね。
はっきり言って、一緒にいると、
やり切れない気持ちになるわ。
少しでも期待したわたしが悪いのだけれど
まったく時間の無駄だったわね。最悪だわ。",,untranslated,
DATA5.BIN#1690056,DATA5.BIN,1690056,对话,なぜかしら…とても不思議な気分よ。,,untranslated,
DATA5.BIN#1690096,DATA5.BIN,1690096,对话,"とご一緒していると、
胸が熱くなってくるわ。
あの方が口を開くと、それだけでわたし…。
…いやだわ、このわたしがこんなに、
心を揺さぶられるなんて……。
ジュリエットもロミオに出会った時は、
こんな気持ちだったのかしら。",,untranslated,
DATA5.BIN#1690319,DATA5.BIN,1690319,菜单,"……最悪だわ。
いつもは",,untranslated,
DATA5.BIN#1690347,DATA5.BIN,1690347,对话,"と過ごしていると、
わたしの心はとても熱くなるのに…。
なぜか今日は少しも心を揺さぶられなかったわ…。
本当にとても残念よ。
…なぜあんなつまらないことばかり言うのかしら。
わたし、とても悲しかったわ。",,untranslated,
DATA5.BIN#1690558,DATA5.BIN,1690558,对话,"と河川敷公園に行ってみたけれど、
あそこって何もない所ね。
彼は新緑の中の、わたしが美しいなんて、
見え透いたお世辞を言ってたわ。
お世辞でももう少し言葉を選んで
ほしかったけれど…
まぁ、言われて悪い気はしないわね。",,untranslated,
DATA5.BIN#1690779,DATA5.BIN,1690779,菜单,河川敷公園で、,,untranslated,
DATA5.BIN#1690798,DATA5.BIN,1690798,对话,"から、
今度一緒に焼いたおイモを食べましょうと
しつこく誘われたわ。
あんまりしつこいからそこまでいうなら
付き合ってあげてもいいって答えたわ。
でも、あの焼いたおイモって、
どんなお味がするのかしら。
見聞を広めるためにも
一度、味わっておくべきね。",,untranslated,
DATA5.BIN#1691056,DATA5.BIN,1691056,对话,"と河川敷公園に行って
驚くべき話を聞いてきたわ。
なんと、お祭りのかき氷を食べると
口の中に色がつくのですって。
前から気になっていたのだけれど、
そんな食べ物だったなんて…。
ちょっと食べるのが怖いわね。
今度見かけたら、まず彼に
毒味してもらおうかしら。",,untranslated,
DATA5.BIN#1691315,DATA5.BIN,1691315,对话,"わたし、展望台から景色を眺めると、
なぜか気分が落ち着いて、とても安らげるの。
進学の事で両親と口論した時もここへ来たけれど、
ずいぶん前のことのように思えるわ。
そう言えば、",,untranslated,
DATA5.BIN#1691492,DATA5.BIN,1691492,对话,"は、
わたしの家が展望台から近いと知って、
しきりに『いいなぁ、高級住宅街で』と、
連発していたけれど、
そんなにうらやましいことなのかしら？
わたしにはそんな気持ち、よくわからない…。
わたし……家は好きではないもの。",,untranslated,
DATA5.BIN#1691715,DATA5.BIN,1691715,菜单,展望台へ,,untranslated,
DATA5.BIN#1691728,DATA5.BIN,1691728,对话,"と行ってきたわ…。
ここって夜景も素晴らしいのよね。
彼はあまりここに来たことがないみたいだけれど、
今度、見にくる時があったら
彼を呼んでみようかしら…。
ただし、もっと詳しく知って、
彼にその資格があったらの話ね。",,untranslated,
DATA5.BIN#1691949,DATA5.BIN,1691949,对话,"並木道を歩いてきたわ。
わたしが自然の木の枝には同じものはないと
話していたら、",,untranslated,
DATA5.BIN#1692032,DATA5.BIN,1692032,对话,"はなかなか
いいことを言っていたわ。
そうよね…人も芸術も同じものはないわ。
わたしの演技はわたしにしかできない……。
当たり前だけど真実よね。",,untranslated,
DATA5.BIN#1692181,DATA5.BIN,1692181,菜单,ペットショップへ,,untranslated,
DATA5.BIN#1692202,DATA5.BIN,1692202,对话,"と行ってみたら、
かわいい子猫がいたわ。
まるでルビーがうちに来た時みたいに、
本当にかわいかったの。
でもわたし、ルビーのこと、話さなかったかしら…。
血統賞付きの珍しい猫だって…。
それなのに『猫、飼ってるんだ』なんて。
でも彼も猫が好きみたい。
とてもうれしそうに見ていたの。
だから許してあげることにしたわ。
きっと猫好きに悪い人はいないと思うもの…。",,untranslated,
DATA5.BIN#1692566,DATA5.BIN,1692566,对话,"に誘われて、ショッピング街の
ファンシーショップに行ってみたの。
そんな機会でもなければまず行くことのないお店ね。
でも、アクセサリーもイミテーションばかりで
がっかりしてしまったわ。
なのに『安く手に入るからいいじゃない』だなんて。
わたしは、安物にも安い男にも興味はなくってよ。",,untranslated,
DATA5.BIN#1692856,DATA5.BIN,1692856,对话,"とカラオケハウスへ行ったわ。
でもああいう店では、
ミュージカルのオリジナル曲も
おいてないのかしら。不思議ね……。
『そういう曲ってないと思うよ』って、
簡単に彼は言ったけれど、本当に探したのかしら？
まったく最低だわ！
あまり腹が立ったから、帰ってから
トレーニング室で、歌いまくってしまったわ。
気分爽快でしたわ！",,untranslated,
DATA5.BIN#1693176,DATA5.BIN,1693176,菜单,ゲームセンターへ,,untranslated,
DATA5.BIN#1693197,DATA5.BIN,1693197,对话,"と行った時、
ちょっと驚いたことがあったわ。
クレーンゲームでとても上手い人がいて、
ぬいぐるみをたくさん取っていたの。
彼はその人のこと、クレーンゲーム荒らしだって
言っていたわ。
わたし、慌ててお店の人に知らせようとしたけれど
そんなことは言っても仕方がないらしいの。
でも、なぜお店の人も見逃すのかしら…。
ゲームセンターって不思議な所ね。",,untranslated,
DATA5.BIN#1693564,DATA5.BIN,1693564,对话,"と
ダンスゲームをやってみたけれど、
わたしの社交ダンスがまったく通じなくて、
つまらなかったわ。
彼は『全然関係ない』なんて言うし…
頭にきたわ。
仕方がないから、次回はわたしも本気になって、
ダンスの達人の腕前をお見せしますわ。
覚えてらっしゃい。",,untranslated,
DATA5.BIN#1693817,DATA5.BIN,1693817,对话,"ゲームセンターへ行ってふと思ったんですけれど、
クレーンゲームの景品をもっと高級品にしたら、
きっとみんな喜ぶんじゃないかしら。",,untranslated,
DATA5.BIN#1693949,DATA5.BIN,1693949,对话,"も『あったらみんな喜ぶのに』って
言っていたわ。
お店の人が近くにいたら提案しておこうかと
思ったけれど、見当たらなかったから
結局そのまま店を出たわ。
そんなクレーンゲームのあるお店でしたら
わたしも少しは行く気になるんですけれど…。
どこかに置いてないのかしら。",,untranslated,
DATA5.BIN#1694217,DATA5.BIN,1694217,对话,神社のフリーマーケットというものに、,,untranslated,
DATA5.BIN#1694259,DATA5.BIN,1694259,对话,"と行ってみたわ。
なぜか、古着なんかがいっぱいあって、
どうしてそんなものに人が集まるのか
不思議だったわ。
しかも人気もあるみたい…。
彼も新品の方がいいって、
わたしと同じ意見だったけれど…。
本当に不思議だわ。",,untranslated,
DATA5.BIN#1694482,DATA5.BIN,1694482,对话,"とフリーマーケットへ
行って見たけれど、雑然としていて
何が売っているのかさえ全然わからなくて…。
そうしたら、",,untranslated,
DATA5.BIN#1694596,DATA5.BIN,1694596,对话,"が
『向こうにアンティークが置いてあるよ』
って教えてくれたわ。
よく見たら、骨董品もけっこう置いてあるのね。
わたし骨董品には興味があるの。
今度機会があったらまたのぞいてみても
いいかもしれないわね。",,untranslated,
DATA5.BIN#1694803,DATA5.BIN,1694803,对话,"神社のフリーマーケットって
老若男女、様々な人が行き交っていて、
眺めているだけでいい人間観察になるのよね。
一緒にいた",,untranslated,
DATA5.BIN#1694925,DATA5.BIN,1694925,对话,"も同じことを
考えていたみたい。
こういう目的であそこにいる人って、
わたしたちの他にはいないと思うわ。
そう考えると、なぜか楽しい気持ちになるわね。",,untranslated,
DATA5.BIN#1695085,DATA5.BIN,1695085,对话,"とマリンブリッジへ行ってみたら、
とても景色がきれいだったわ。
でも彼、『もっと手すりの近くから見よう』
ってしつこいの。
まったく子供みたいね…。
わたしは高い所は嫌いなのよ。
それぐらい察しがつかないなんて、鈍い人。",,untranslated,
DATA5.BIN#1695308,DATA5.BIN,1695308,对话,"マリンブリッジで素晴らしい景色を
眺めていたの。
こんなところで食事できたらいいわね、
なんてわたしが言ったのを聞きつけて、",,untranslated,
DATA5.BIN#1695435,DATA5.BIN,1695435,菜单,"ったら、
『",,untranslated,
DATA5.BIN#1695451,DATA5.BIN,1695451,对话,"と一緒に食事できたら幸せだ』
なんて言うんですもの。
景色のいい所であんなことささやかれたら、
ドキッとするわ…。
でも、本当に実現できたらいいわね……。",,untranslated,
DATA5.BIN#1695615,DATA5.BIN,1695615,对话,"と一緒にマリンブリッジで
景色を眺めていたら、車のライトが
光の河のように連なっていたの。
『まるで天の川みたいだわ』って言ったら
彼は『表現がオーバーなんじゃない』
ですって……。
まったく失礼ね。
今度は白鳥くんとでも行こうかしら。
彼ならわかってくれたかもしれないわ。
そういえば、白鳥くん、最近よく、
わたしに話しかけてくるけれど、
わたしに気があるのかしら…。",,untranslated,
DATA5.BIN#1695983,DATA5.BIN,1695983,对话,きょうは植物園で恐ろしい話を聞いたわ。,,untranslated,
DATA5.BIN#1696027,DATA5.BIN,1696027,对话,"が言うには
実は熱帯植物の中に麻薬の原料があって、
この植物園のなかにも
密売人がうろうろしているらしいの…。
そんなことがあるなんて知らなかったわ。
わたし、温室を出るまでなるべく人と
目を合わせないようにしていたわ。
もし事件にでも巻き込まれたら大変ですもの。
怖かったわ…。",,untranslated,
DATA5.BIN#1696308,DATA5.BIN,1696308,菜单,植物園に,,untranslated,
DATA5.BIN#1696321,DATA5.BIN,1696321,对话,"と行ったわ。
熱帯植物エリアでうっそうと茂る木々に
囲まれていると、ここが街の中だってことも
忘れてしまいそうになるわね。
でも、そんな感動も
彼にはまったく理解できないようね。
『深い森の中にいるみたい』って言ったら、
『どうしたの、いきなり』なんて、
ぼけっとしていたわ。
なんて鈍感な人なのかしら…。
やっぱりわたしには感性の豊かな人でないと
釣り合わないわ。
それにしてもあの、ぼけっとした顔……幻滅ね！",,untranslated,
DATA5.BIN#1696735,DATA5.BIN,1696735,对话,"と洋服を見に行ってみたけれど、
とても驚いてしまったわ。
どう見ても桁が少なく見えたけれど、
それが正しい、なんて言うんですもの。
…彼はそういう物のお値段、よく知ってるみたい。
女性の服に興味あるのかしら。",,untranslated,
DATA5.BIN#1696947,DATA5.BIN,1696947,对话,"デパートに洋服を見に行ったんですけれど、
一緒にいた",,untranslated,
DATA5.BIN#1697003,DATA5.BIN,1697003,对话,"にだまされてしまったわ。
まったく",,untranslated,
DATA5.BIN#1697041,DATA5.BIN,1697041,对话,"ったら、冗談が好きね。
わたしももっと早く気がつけば
よかったんでしょうけど、
わたし、ああいう所にはめったに行きませんもの。
もっと見聞を広げなくてはいけないわね。",,untranslated,
DATA5.BIN#1697217,DATA5.BIN,1697217,对话,"とデパートに行ってみたの。
そうしたら、地下食品売り場で、
お気に入りの高級菓子店が支店を出していたわ。
わたし、あそこのチェリータルトが
お気に入りなんですの。
そういう話をしたら、
彼もおいしそうだねって言っていたわ。
でも…本当に食べたら、きっと
そのおいしさに驚くと思うわ。",,untranslated,
DATA5.BIN#1697505,DATA5.BIN,1697505,对话,"と一緒にデパートへ行ったの。
食品売り場を見ていたら、
シナモンのいい香りがしたから彼に教えたわ。
そうしたら、彼もシナモンが好きなんですって。
わたしたちって好みが似ているのかしらね。
今度、お気に入りのカフェに誘ってみようかしら。
あそこのカプチーノはおいしいですもの、
きっと気に入ると思うわ。",,untranslated,
DATA5.BIN#1697807,DATA5.BIN,1697807,菜单,世界の宝石展へ,,untranslated,
DATA5.BIN#1697826,DATA5.BIN,1697826,对话,"と行ってきたわ…。
でも、どんなに美しい宝石も
彼には石ころにしか見えないようね。
あの美しさが理解できないなんて…
はっきり言って幻滅しましたわ。",,untranslated,
DATA5.BIN#1697984,DATA5.BIN,1697984,对话,"と一緒に、
超古代文明展を見に行ってきたわ。
展示品を見ながら話をしていたら、
彼は演劇の起源が祭りだったってことを
知っていて、感心したわ。
確かに、演劇という形ではなかったかも
しれないけれど、祭礼の場で似たようなことは
行われていたのかもしれないわね。
もしかして、彼って意外と勉強家なのかしら。",,untranslated,
DATA5.BIN#1698287,DATA5.BIN,1698287,菜单,電気街へ,,untranslated,
DATA5.BIN#1698300,DATA5.BIN,1698300,对话,"と行ってみたら、
ゲームショップに人が大勢いたわ。
わたしにはゲームより本を読んだ方が、
面白いと思うのだけど、彼は面白さは、
人によって違うものだって言うの。
確かにその通りだけど、なんだか不満だわ。
わたしが言いたい事が通じてないみたい。
彼には同じ価値観を求めても
無駄なのかしら…。",,untranslated,
DATA5.BIN#1698591,DATA5.BIN,1698591,对话,電気街のゲームショップに寄ってみたの。,,untranslated,
DATA5.BIN#1698635,DATA5.BIN,1698635,对话,"と一緒でしたけど、
わたしがもし一人なら行かない所だわ。
でも驚いたことに子供がとても多かったの。
いいのかしらって彼に言ったら、
彼ももっと他の経験も必要だって…。
その通りだわ。子供の時はやはり、
美しい美術品を観たり、いい音楽を聴いたりして、
感性を磨くことが必要ではないかしら。
わたしも子供の頃から、素晴らしい芸術作品を
観たりしたことが、現在のセンスの良さを
得る事にとても役立ったと思うの。
きっと彼もわたしと同じことを感じたのかしら。",,untranslated,
DATA5.BIN#1699088,DATA5.BIN,1699088,对话,"と、ゲームショップへ行ったわ。
でもああいう店に、わたしに合うゲームなんて
あるのかしらって、彼に聞いたら、
パズルゲームなんていいよって…。
わたし、本当は興味なかったんですけど、
頭の体操にはいいみたいだわ。
今度、買ってみようかしら。",,untranslated,
DATA5.BIN#1699331,DATA5.BIN,1699331,菜单,ＣＤを見に,,untranslated,
DATA5.BIN#1699346,DATA5.BIN,1699346,对话,"と行ってみたわ。
聞いたら、彼もクラシックが好きらしいの。
意外だったけど、とてもうれしかったわ。
やっぱりクラシックは気品があっていいわよね。
今度、お気に入りのＣＤを貸してあげようかしら。",,untranslated,
DATA5.BIN#1699543,DATA5.BIN,1699543,对话,"ビデオショップで映画のビデオを見ていた時、
いい映像と音楽って交じり合って記憶に残るって
話をしたら、一緒にいた",,untranslated,
DATA5.BIN#1699658,DATA5.BIN,1699658,对话,"は
なんとなくわかるって…。
なんだか頼りない返事だったけど、
本当にわかっているのかしら。
わたしを誘うのなら、その程度のことは
すぐに理解できるようにしてほしいわ。",,untranslated,
DATA5.BIN#1699835,DATA5.BIN,1699835,对话,"とＣＤショップへ
行ったときにビデオコーナーを
見に行ったのだけれど、
ほとんど家にあるものばかりだったわ。
そう話したら、彼ったら『管理が大変だね』
なんて言ってきたの。
家では、ばあやがやってくれているから、
そんなこと感じたことなかったわ…。
でも、確かに、あれだけのテープのなかから
言った物をすぐに探し出してきてくれるなんて
本当はすごいことなのかもしれないわね。",,untranslated,
DATA5.BIN#1700213,DATA5.BIN,1700213,对话,"とジャンク屋とか言う所へ、
行ってみたけれど、
なぜか、ガラクタがいっぱいあって、
どうしてそんな店があるのか不思議だったわ。
しかも人気もあるみたい…。
彼も『慣れるよ』ってニコニコしていたけど、
わたしにはわからないわ。
不思議ね、男の人って……。",,untranslated,
DATA5.BIN#1700472,DATA5.BIN,1700472,对话,"とジャンク街へ
行ってみたけれど、とても怪しげな店ばかりで、
わたしは好きになれなかったわ。
彼に言ってみたら、売ってる物も怪しい物だって…。
そんな所へわたしを案内してどうする気なのかしら。
はっきり言って無責任よね。
このままだと彼のこと、嫌いになりそうよ…。",,untranslated,
DATA5.BIN#1700739,DATA5.BIN,1700739,对话,"ジャンク街はとても歩きにくいわ。
狭くて…ゴチャゴチャしているんですもの。
そのことを彼に話したら、わがままだなんて、
返事が返ってきて…。
あんなに失礼な人とは思わなかったわ。
彼の本心ってあんなものなのかしら。
最低な人ね。",,untranslated,
DATA5.BIN#1700975,DATA5.BIN,1700975,对话,"とボーリングへ行ってみたけれど、
わたしはどうも向かないと思っていたの。
でも彼は『筋はいいからこれから伸びる』って、
言ってたわ。
やっぱりわたしには才能あるのね…。
当然だけど、ちょっとうれしいわ。
彼って見る目があるのね。",,untranslated,
DATA5.BIN#1701206,DATA5.BIN,1701206,菜单,スケートに行った時、,,untranslated,
DATA5.BIN#1701231,DATA5.BIN,1701231,对话,"ったら、
『フォームを見てあげるよ』って、
ジロジロ見るんですもの。
舞台で見られるならいいけれど、
こういう所で見られるのは恥ずかしいわ…。
アドバイスするなら
もっとさりげなくしてほしいものよ。
デリカシーが足りないわね。",,untranslated,
DATA5.BIN#1701464,DATA5.BIN,1701464,对话,"と一緒に
スケート場へ行ってみたの。
映画の影響からか、どうもスケート場って
ロマンチックなイメージがするって、
彼に話したら、
彼はみんな手をつないで滑っているから
じゃないかって…。
不思議だけど、説得力があって
納得してしまったわ。
彼って観察力があるのね。
感心したわ…。",,untranslated,
DATA5.BIN#1701743,DATA5.BIN,1701743,对话,スケート場って身体が冷えるのよね。,,untranslated,
DATA5.BIN#1701783,DATA5.BIN,1701783,对话,"にそう話したら
毛糸のパンツがいいなんて言ってきて
本当にドキリとしたわ。
実はわたしがはいているのを、
どこかで見て知ってたのかしら。
おかげで動揺して転んでしまって、
おしりが痛くてよ。
どうしてくれるのよ！",,untranslated,
DATA5.BIN#1702002,DATA5.BIN,1702002,对话,"と美術館に行って、芸術作品に
触れた時の話をしたわ。
わたし、そういう時は
心が透き通る感じがするってお話したら、
感受性が豊かな人の特権だって言われたわ。
彼、なかなかよくわかっているわね。
彼と一緒に出かけるのはなかなか楽しいわ。",,untranslated,
DATA5.BIN#1702239,DATA5.BIN,1702239,菜单,今日は美術館へ、,,untranslated,
DATA5.BIN#1702260,DATA5.BIN,1702260,对话,"と出かけたわ。
わたし、展示を観るのに、
とても時間がかかるって彼に話したの。
やはり、芸術品の良さを味わうには、
じっくり時間をかけて観るべきですものね。
そうしたら彼も時間がかかるんですって。
彼もわたしと同じタイプの人だとわかって
少しうれしかったわ。",,untranslated,
DATA5.BIN#1702531,DATA5.BIN,1702531,对话,"と美術館に行ってみたの。
わたし、とても気に入った絵があったんだけど、
彼に後で話してみたら、そんな絵があったことさえ
全然覚えてないみたいで…。
本当にわたし、ショックだったわ……。
彼の目って節穴かしら。",,untranslated,
DATA5.BIN#1702743,DATA5.BIN,1702743,菜单,ルネサンス展に,,untranslated,
DATA5.BIN#1702762,DATA5.BIN,1702762,对话,"と行ってきたわ。
この時代の絵画には
天使をモチーフにした作品が多いって
話をしたら『鳥人間だったりして』なんて、
つまらないことを言うから、腹が立ったわ。
わたしは天使の存在が人々にどのように
受け入れられていたのか話したかったのに…。
つまらないこと言わないでくださるかしら。",,untranslated,
DATA5.BIN#1703044,DATA5.BIN,1703044,菜单,トリックアート展へ,,untranslated,
DATA5.BIN#1703068,DATA5.BIN,1703068,对话,"と行ってきたわ…。
彼がトリックの絵が見抜けるのかって、
挑発するから、わたし、
ついつい調子にのって先に歩いたの。
でも、絵にぶつかってしまったわ。
あんな絵にだまされるはずないって
思っていたのに…。
わたしとしたことがみっともないわ。
そうよ、全部彼がいけないのよ。
ああ、後味が悪いわ……。",,untranslated,
DATA5.BIN#1703366,DATA5.BIN,1703366,对话,"伝統工芸展に行ってきたわ。
驚いたけれど、",,untranslated,
DATA5.BIN#1703412,DATA5.BIN,1703412,对话,"がすごく集中して
展示品を観ているの。
『一つ一つが工夫されてる』って。
彼の意外な一面を見た気がしたわ…。
工夫って簡単な言葉だけど、
とても難しいことなのよね…。
わたしももっと役作りに、
工夫をしなければいけないわ…。",,untranslated,
DATA5.BIN#1703638,DATA5.BIN,1703638,对话,"水族館で熱帯魚を見ていたら、
不思議と芸術的想像力がわいてくる気がしたわ。",,untranslated,
DATA5.BIN#1703717,DATA5.BIN,1703717,对话,"に話したら、
それはとても大切なことだって…。
きっと…彼ならわたしの芸術を理解できるわね。
とってもうれしい日だったわ。",,untranslated,
DATA5.BIN#1703858,DATA5.BIN,1703858,对话,"とイルカを見ていたら、
何か問いかけられているみたいに思えたの。
そういったら、",,untranslated,
DATA5.BIN#1703941,DATA5.BIN,1703941,对话,"は、
きっと水槽から出たがってるんじゃないかって…。
そうね。
常に周囲の目にさらされている
イルカたちの気持ち…
わたしにはわかる気がするわ。
もしかしたら、彼ならこの思い、
理解してくれるかもしれない…。",,untranslated,
DATA5.BIN#1704156,DATA5.BIN,1704156,对话,"と水族館へ行って、
ペンギンを見たわ。
とっても愛らしくて、ぜひ、
飼ってみたいって言ったら、
彼は買ってもらえばって簡単に言うの。
でもそんなこと、言えるはずもないわ。
わたし親とは今、口もききたくないのに、
彼はそんなわたしの気持ち、理解できないのよ。
呑気な彼の顔を見ていたら、腹が立って
ついムキになってしまったわ…。",,untranslated,
DATA5.BIN#1704482,DATA5.BIN,1704482,菜单,水族館へ,,untranslated,
DATA5.BIN#1704495,DATA5.BIN,1704495,对话,"と行ってみたら、
アシカショウをやっていたの。
でもなんだか魚くさくて、彼に言ったら、
神経質だなんて、ひどいこと言われたわ。
まったく鈍感な人は嫌ね。呆れたわ。",,untranslated,
DATA5.BIN#1704675,DATA5.BIN,1704675,对话,"と、
アシカショウを観ていたら、
一頭だけとても賢いアシカがいたの。
でも彼はうわの空で
まったく覚えてなかったみたい…。
いったい何を見ていたのかしら。
どこか頼りない人ね、彼って…。",,untranslated,
DATA5.BIN#1704864,DATA5.BIN,1704864,对话,わたし、野球なんて興味ないけれど、,,untranslated,
DATA5.BIN#1704904,DATA5.BIN,1704904,对话,"が熱心に誘うから観ることにしたわ。
でもやはり、あまり面白いと思えなくて…。
そう言ったら、彼が女の子はみんなそうだって…。
はっきり言って、非常に不愉快でしたわ。
このわたしのことを、
その辺の女性と一緒にするなんて。
わたしはあくまでも芸術的見地から、
面白くないって言っているのよ。
その違いもわからないなんて
しょせんそれまでの人かしら。",,untranslated,
DATA5.BIN#1705255,DATA5.BIN,1705255,对话,"と野球を観に行ってみたけれど、
とても広くて観客が大勢いたわ。
芝居の舞台もこんな風にできたらって彼に話したら、
表情が見えないかもって指摘されたわ。
確かにその通りだわ。
映画のように表情をアップにできないのが、
舞台の弱点でもあるもの。
彼ってなかなか鋭いのね。感心したわ。",,untranslated,
DATA5.BIN#1705540,DATA5.BIN,1705540,对话,"とスタジアムへ行って、
サッカーの試合を観ていたら、
応援が騒々しくて、とてもうるさかったわ。
でも彼は一緒に応援しようよって、
信じられないことを言うの。
わたし、つい、怒ってしまったわ。
なんてデリカシーのない人かしら。
そんなこと言うなんて最低よ。",,untranslated,
DATA5.BIN#1705796,DATA5.BIN,1705796,对话,"スタジアムにサッカーを観に行ったわ。
何万人という人が一個のボールに釘付けになって
熱狂してる様子が興味深かったわ。
なのに",,untranslated,
DATA5.BIN#1705922,DATA5.BIN,1705922,对话,"ったら、ボールよりわたしに
釘付けだ、なんて、くだらない冗談を言ってきたの。
一応気を使ったつもりなんでしょうけど、
もう少しセンスあること言えないのかしら。
もちろん、聞き流しておきましたわ。
わたしを口説くのなら、
もっと自分を磨いてからにしてほしいわね。",,untranslated,
DATA5.BIN#1706190,DATA5.BIN,1706190,对话,"と格闘技とか言うものを
観に行ったけれど、あまりに野蛮で
気分が悪くなったわ。
でも彼はトイレはあっちだなんて、
とぼけたことを言うから、本当に頭にきたわ。
いったいどうしたら、
そんな勘違いができるのかしら。
彼にはレディに対する接し方と言うものを
もう一度、一から勉強し直してきてほしいわ。",,untranslated,
DATA5.BIN#1706485,DATA5.BIN,1706485,对话,"格闘技を観に行った時、わたしには、
四角いジャングルって言葉の意味がわからなくて、",,untranslated,
DATA5.BIN#1706572,DATA5.BIN,1706572,对话,"に驚かれてしまったわ。
でも女性ではあまり知っている人は
いないんじゃないかしら。
わたしはてっきりライオンとかゴリラが出てきて、
闘ったりするのかと想像してて、恥ずかしかったわ。
今度から下調べぐらいは
しておかなければダメね……。",,untranslated,
DATA5.BIN#1706814,DATA5.BIN,1706814,对话,"と一緒に、遊覧船で潮風に
吹かれたわ。幸いお天気は悪くなかったから、
デッキからいろんな景色を眺められて、
とても爽快な気分だったわ。
それに、彼ったら、わたしと一緒だから
より気分が良かっただなんて…。
でもあまり面と向かって言われると
気恥ずかしいものね。
軽く受け流したつもりだけど、
密かに動揺していたのを気づかれなかったかしら。",,untranslated,
DATA5.BIN#1707152,DATA5.BIN,1707152,对话,遊覧船に乗っていたら遠くにわたしの家が見えたわ。,,untranslated,
DATA5.BIN#1707206,DATA5.BIN,1707206,对话,"は、どうして教えてくれなかったの
って言っていたけれど…。
親と口論してしまったことを
なんとなく考えているうちに…
言いそびれてしまったのよ。
彼、わたしの家が見えなかったのが
そんなに残念だったのかしら。
少し、うれしい気もしたわ。",,untranslated,
DATA5.BIN#1707449,DATA5.BIN,1707449,对话,"と遊覧船に乗ったわ。
お天気がいま一つだったので
室内から景色を観ていたら、
窓のすぐ近くにカモメが飛んできたわ。
彼にそう話したら、カモメも視界が悪くて
前が見えないんじゃないかって言ってたわ。
それにしても、船にぶつからなくてよかったわね。
もしかしたら、彼もそのことを
心配していたのかしら。
案外、動物に優しいところもあるみたいね。",,untranslated,
DATA5.BIN#1707794,DATA5.BIN,1707794,对话,"と遊覧船に乗ったけれど、
生憎のお天気だったから、
室内から景色を観ていたわ。
やはりこういう物は
お天気のいい日に乗るべきなのよ。
でも彼はこんな日もオツだなんて言うから、
だったら何か楽しいお話でもしてくださる、なんて、
つい皮肉を言ってしまったわ。
嫌ね、わたしにそんなこと言わせるなんて、
彼が悪いんだわ……。",,untranslated,
DATA5.BIN#1708117,DATA5.BIN,1708117,对话,"と水族館のアシカショウを
観に行ったわ。
その時、わたし達の前の列に座っていた
かわいらしい女の子が、とても楽しそうだったので
彼に話したの。
そしたら興味なさそうに、それがどうかしたのって
聞き返されてしまったから、
わたしも、つい冷たい態度をとってしまったわ。
別にどうということではないけれど、
嫌な後味よ。
彼って自分が興味なければ、
会話もしない人なのかしら。",,untranslated,
DATA5.BIN#1708490,DATA5.BIN,1708490,对话,"とトリックアート展へ行ってみたの。
途中で順路を間違えたみたいで、
彼に話したら、彼もだまされたって、
あまりにあっさり言うから、少し腹が立ったわ。
女性をエスコートするなら、
少しは細心の注意を払うぐらいの気持ちって、
彼の思考にはないのかしら。
確かにわたしもだまされたけれど、
それを補うぐらいの男性でなければ、
わたしとは釣り合わないわよ…。",,untranslated,
DATA5.BIN#1708845,DATA5.BIN,1708845,对话,"と映画に行ってみたわ。
ペンギンが主役のお話を上映していて、
とても感動してしまったの。
予想していたよりずっと良かったって、
彼に言ったら、あれは作り話だよって、
とてもドライなことを言うから、
不機嫌になってしまったわ。
わたしの鍛えられた芸術眼で観ても、
とても素晴らしい出来の作品に間違いないのに、
彼には映画作品の善し悪しがわからないのかしら。
まったく…。",,untranslated,
DATA5.BIN#1709212,DATA5.BIN,1709212,菜单,映画館で、,,untranslated,
DATA5.BIN#1709227,DATA5.BIN,1709227,对话,"と、
『王家の谷』という作品を観たわ。
ＣＧが至るところに使われていて、
とてもリアルなので、技術の進歩って
すごいって彼に話したら、映画の醍醐味が
増えたって、とてもうれしそうだったわ。
でもわたしは少し不満なの……。
やはりレベルの高い俳優の名演技が
輝く作品の方が、映画の醍醐味を
感じるんですもの。
だからこういうジャンルはあまり好きではないって、
言ってしまったわ。きっとわからないでしょうね。",,untranslated,
DATA5.BIN#1709640,DATA5.BIN,1709640,对话,"と
『少女時代』を観に行ったわ。
久しぶりに観たけれど、やはり良い作品だわ……。
あの頃のわたしの演技と今の演技って、
やはり変わっているのかしら。
そんなことを考えながら、フッと彼の横顔を見たの。
でも、彼は気づいてないみたいだったわ、
あの作品にわたしが出演していることに……。
正直、彼はすぐに気づくと思ったの。
でもわからないものなのね。
だから終わってから、素直に感想を聞いてみたわ。
そうしたら、娘役が良かったって言うから、
少し気恥ずかしくなってしまってよ。
仕方なくこの映画の監督はお父様だって話したら、
彼ったら、しばらく呆然としていたけれど、
やっとわたしだって気づいたみたいだったわ。
その後は、もう映画について
話せなくなってしまって……。
やはり一人で観るべきだったのかしら。",,untranslated,
DATA5.BIN#1710344,DATA5.BIN,1710344,对话,"と
『少女時代』を観に行ったわ。
久しぶりに観たけれど、やはり良い作品だわ…。
あの頃のわたしには何もかもが新鮮で、
撮影は喜びの連続だった……そう彼に話したら、
天才女優の片鱗が見れたって言うの。
芸能関係者にはよく言われる言葉だけれど、
素人の彼から言われるのって嫌味がなくていいわ。
やはり何と言っても、わたしの人生の道筋を
決めてくれた作品ですもの…。",,untranslated,
DATA5.BIN#1710719,DATA5.BIN,1710719,对话,"とアニメを観たわ。
『メタルギアソリッド』って
言う作品だったけれど、
実写では難しいハードなシーンが、
とても多かったから、やはりアニメだからこそ
可能なのかしらって話したの。
そうしたら、彼がロシアの実話が
元になったらしいよって言うから、
すっかりだまされてしまったわ。
考えてみれば、そんなはずないわよね。
時々、彼って本当のような冗談を言うんですもの。
でも、次は引っかからなくてよ…。",,untranslated,
DATA5.BIN#1711118,DATA5.BIN,1711118,对话,"と『せつなくて…』という
映画を観てきたわ。
恋人を事故で失った少女の
メロドラマなんですけれど、
恋人が亡くなるシーンなんかは、
わたしが演じた方が鮮明な演技が
できそうな気がしたわ。
そう彼に話したら、きっと満席になるんじゃないか
ですって。
彼ってわたしの実力を、よく理解してるみたいね。",,untranslated,
DATA5.BIN#1711417,DATA5.BIN,1711417,对话,"と映画に行ってみたわ。
『ラブラブ四面楚歌』という作品を
上映していたけど、とても納得できる作品では
なかったわ。そう彼に言ったら、
何も考えずに見られるからいいんじゃないって、
言われて呆れてしまったわ。
彼の感性ってあんな作品でも
満足してしまうのかしら。情けないわ……。",,untranslated,
DATA5.BIN#1711710,DATA5.BIN,1711710,对话,"と、
『俺は番長』という作品を観たの。
でもはっきり言って幻滅だわ。
野蛮で殴り合うばかりの作品なんですもの。
それなのに彼ったら、
新しい世界に触れられたでしょ…なんて、
信じられない、最低だわ！
あんな世界、一生触れたくないわよ。
ああ、思い出すだけで気分が悪いわ…。",,untranslated,
DATA5.BIN#1711994,DATA5.BIN,1711994,对话,"とダンス映画を観に行ったわ。
でも本当に理解不能な世界ね……。
彼もノリだけの映画だって感じたみたいだわ。
当然よね。
やはりもっと深いテーマを考えてもらいたいわ。
まったく時間の無駄だったわ。",,untranslated,
DATA5.BIN#1712203,DATA5.BIN,1712203,对话,"と一緒に、
『色彩』のコンサートへ行ったわ。
はっきり言って悪くはないけれど好みではないわ。
歌詞に深みがないから物足りなく感じるのかしら。
でも彼はボーカルがかわいいなんて言うから、
つい、ファンクラブにでも入ればって、
嫌味を言ってしまったわ。
コンサートは曲を聞きに来る所でしてよ。",,untranslated,
DATA5.BIN#1712493,DATA5.BIN,1712493,菜单,今日は初めて、,,untranslated,
DATA5.BIN#1712512,DATA5.BIN,1712512,对话,"と
クラシックを聴きに来たわ。
やはり交響楽団の生演奏は素晴らしいわね。
彼も鳥肌が立つ程、感動したって言ってたわ。
芸術の神髄がわかっているのね。
思っていたよりずっと感受性が豊かみたい。
今度、ＣＤでも貸してあげようかしら。",,untranslated,
DATA5.BIN#1712748,DATA5.BIN,1712748,对话,"と『しゃぼんだま』のコンサートに
行ったら、地味だけど想像以上に良くて驚いたわ。",,untranslated,
DATA5.BIN#1712833,DATA5.BIN,1712833,对话,"は彼らが売れない時代に
努力したからだよって言って、
ある秘密を教えてくれたわ。
それは彼らがズボンのほころびの数だけ、
苦しくてやめようとしたらしいってこと…。
そんな話、わたしは全然知らなかったから、
とても感動したわ。
やはり人の気持ちを引きつけるには、
長い努力が必要なのね。
でもそんなことまで知ってるなんて、",,untranslated,
DATA5.BIN#1713150,DATA5.BIN,1713150,对话,って本当に雑学にくわしいのね。,,untranslated,
DATA5.BIN#1713200,DATA5.BIN,1713200,对话,"とクラシックを聴いたわ。
演奏後にわたしは『月光のソナタ』が好きだって
彼に話したら、曲の由来を知っていたみたいで、
愛する人に送った曲だよねって言われたの。
やはりクラシックにくわしい人と来ると、
こういう話ができてうれしいわ。
今のわたしのまわりの人たちって、
クラシックに詳しい人って少ないんですもの。",,untranslated,
DATA5.BIN#1713515,DATA5.BIN,1713515,对话,"と恋羽さんのコンサートに行ったわ。
なかなかいいコンサートだって彼に話したら、
知り合いなら紹介してほしいって言ってたわ。
……バカバカしい。
まるでミーハーなことを言うから、呆れたわ。
彼女のことは知ってるわよ……一緒に
お稽古したこともあるわ。
でも彼女とわたしでは目指している世界が違うのよ。
彼女の進んでいる世界は、決して悪いとは
思わないけれど、わたしの望むものは
得られないと思うわ。
でもそんな話を彼にしても時間の無駄のようね。",,untranslated,
DATA5.BIN#1713960,DATA5.BIN,1713960,对话,"とクラシックを聴いたわ。
演奏後に今日の曲のイメージって
何色かしらって、少し意地悪な質問をしてみたの。
そうしたら、彼は一色じゃないって言ったので、
思わず微笑んでしまったわ。
きっとわたしも同じ返事をしたと思うもの。
試したりして悪かったかしら……。",,untranslated,
DATA5.BIN#1714228,DATA5.BIN,1714228,对话,"と小劇場へ行ってみたら、
コントライブをやっていたわ。
出演者の組み合わせがいいせいか、
不思議と楽しめたって彼に言ったら、
万人にウケるキャラクターだって…、
確かにキャラクターが立てば、
ある程度の水準に達することができるのよね。
彼もその辺に気づいたのかしら…。
なかなか観察眼があるわね。",,untranslated,
DATA5.BIN#1714530,DATA5.BIN,1714530,对话,"と『若草物語』を観たわ。
わりと小説を忠実に再現していて、
楽しめたって言ったら、この劇団のこと、
要チェックだって言ってたわ。
でもわたしに言わせれば、もっと実力のある劇団は、
たくさん存在するのよ。
言いたいことはわからなくはないけれど、
もっと見識を広げてほしいわね……。",,untranslated,
DATA5.BIN#1714821,DATA5.BIN,1714821,对话,"と一人芝居を観に行って、
久しぶりに感動したの。
彼もいろいろな役を演じるってスゴイなぁって、
感動していたわ。
少しは大変さが理解できているみたいね。
一役でも人前で演じることは大変なのだから、
当然だけれど、意外とわからない人や、
簡単に考える人が多いのよね。
だから今日は素直に褒めてあげたわ。",,untranslated,
DATA5.BIN#1715133,DATA5.BIN,1715133,对话,"とプラネタリウムを
観に行ったわ。
上演後にわたしが獅子座だって言ったら、
星占いなんて当てにならないなんて言うの。
彼って本当に無知なのか、それともユーモアの
欠片もない堅物なのかしら。
少しは会話を楽しむセンスというものを、
学んでいただきたいわ。
矢部君の方が、よっぽど洗練されてるわよ。",,untranslated,
DATA5.BIN#1715439,DATA5.BIN,1715439,对话,"と一緒に、
プラネタリウムへ行ったわ。
音楽が素敵で星空を引き立ててるわねって言ったら、
眠くならなかった？　なんて
聞いてくるからから呆れてしまったわ。
わたしにとって創造的な場は、彼にとっては、
居眠りに適した場所らしいの……。
まったくひどい話よね。",,untranslated,
DATA5.BIN#1715708,DATA5.BIN,1715708,对话,"とプラネタリウムを
観に行ったわ。
わたしは星の伝説に興味があったから、
彼にも聞いてみたの。
彼は織姫と彦星の話なんて切ないねって
言ってたわ。
男の人でもそういうロマンチックな心を
持ってる人っているのね……。
そういう人って一緒にいて安心するわ。",,untranslated,
DATA5.BIN#1715966,DATA5.BIN,1715966,对话,"とプラネタリウムに行った時、
わたしの部屋にもプラネタリウムが欲しいって
言ったら、免許が必要らしいっていわれたわ。
そんな事、全然知らなかったから驚いたわ。
まず免許をとらなければならないわね。
彼に相談してよかったわ。",,untranslated,
DATA5.BIN#1716203,DATA5.BIN,1716203,对话,"とプラネタリウムを観たわ。
上演後になぜ、わたしを誘ったのか聞いたら、
偶然、ここを見つけたからって言われたの。
他の人でもよかったってことかしら…。
わたしは忙しい時間をさいてわざわざ、
付き合ってあげたのよ。
そんなに安く考えないでいただきたいわ！",,untranslated,
DATA5.BIN#1716463,DATA5.BIN,1716463,对话,"とプラネタリウムに行ったわ。
北欧では星空に美しいオーロラがかかるって
聞いたことがあったから、
一度見てみたいって話をしたら、
彼もものすごくきれいなんだろうねって、
関心があるみたいだったわ。
時間が許せば、本当に観に行ってみたいわね…。
彼のように美を理解できる人と一緒なら、
より感動を味わえるんじゃないかしら。",,untranslated,
DATA5.BIN#1716784,DATA5.BIN,1716784,菜单,牧場で、,,untranslated,
DATA5.BIN#1716797,DATA5.BIN,1716797,对话,"と馬を見たわ。
いつ見ても馬の目って、
とてもきれいねって言ったら、
怖くて見られなかった、なんて、
情けない返事がかえってきたの。
彼ってまるで子供みたいね。
そんな人だとは思わなかったわ…。",,untranslated,
DATA5.BIN#1716999,DATA5.BIN,1716999,对话,"と牧場へ行って、子馬を見たわ。
それが素晴らしく均整の取れた、美しい子馬なの。
それで彼に話したら、きっと血筋のいい
サラブレッドだって言ってたわ。
やはりわたしの眼に狂いはないわよね。
いつか名馬になるのかしら…。",,untranslated,
DATA5.BIN#1717219,DATA5.BIN,1717219,菜单,今日、湖へ,,untranslated,
DATA5.BIN#1717234,DATA5.BIN,1717234,对话,"と行ったら、
なぜかとっても気分が晴れやかだったわ。
湖では釣りをしている人たちがいたから、
何を釣っているのかしらって、彼に聞いたら、
５メートルぐらいある、何とか言う魚らしいの。
わたし、思わず驚いて、
少し大きな声を上げてしまったわ。
そんなに大きいだなんて、きっと
マグロの仲間かもしれないわね。
でも彼はその魚を見たことあるのかしら……。",,untranslated,
DATA5.BIN#1717587,DATA5.BIN,1717587,对话,"と湖へ行ってみたわ。
とても美しい景色で、ついスケッチ
したくなるわねって、彼に言ったら、
写真じゃダメなのなんて言うの。
どうしてスケッチが写真と同等なのかしら。
わたしはこの景色を見た、心の感動を表現したいと
思っているのに、まるでわかってないのよ。
そんな風に考えるなんて、心が貧しい証拠ね。",,untranslated,
DATA5.BIN#1717898,DATA5.BIN,1717898,对话,"と山に紅葉を見に行ったわ。
どこも赤く色づいててとても美しくて……。
遠出してよかったって言ったら、
紅葉の中のわたしが、とても絵になるなんて、
褒められたわ……。
当然のことですけど…あんな風に言われると
照れてしまうわよ。
嫌だわ……もっと言ってくれないかしら。",,untranslated,
DATA5.BIN#1718171,DATA5.BIN,1718171,对话,"とスキーに行ったわ。
わたしはスキーって体力よりセンスが滑りに
関係するんじゃないかって、彼に言ったの。
そうしたら、センスのいいわたしなら、急斜面でも
平気じゃないのって言われて、慌ててしまったわ。
まったく意地悪ね！
わたしは優雅に滑るのが好きなのよ。
汗をかきながら意地になって滑るなんて嫌いだわ。
少しは理解してほしいわね。",,untranslated,
DATA5.BIN#1718509,DATA5.BIN,1718509,对话,"と初めてスキーへ行ったわ。
お気に入りの中から選んだスキーウェアを
着ていったら、彼が何を着ても似合うって
褒められたわ。
でもあんなに真っ正直に褒められると、
とても照れくさいわね。
もう……思い出すと顔が熱くなるわ。",,untranslated,
DATA5.BIN#1718737,DATA5.BIN,1718737,对话,"の案内でゲームショウに行ったわ。
何千人という人が来ていたわ。
とても混んで息苦しいほどだったの。
入場するのに一時間もかかるコーナーもあって、
彼に言ったら、空いてる方に案内するって言って、
空いてる所を選んでくれたみたいだわ。
おかげであまり疲れずにすんだの。
ああいう機転の利く所が彼のいいところね。",,untranslated,
DATA5.BIN#1719050,DATA5.BIN,1719050,对话,"と未来都市ショウとか言う物を
観に行ったけれど、
あまり目新しいものはなかったわ。
そしたら彼が、コンパニオンもロボットだって
教えてくれて、とても驚いたわ。
あれがロボットだったなんて…
全然、気づかなかったわ。
知らなかったと思われるのも恥ずかしいから
慌てて知ってる素振りをしたわ。
でも彼はどうしてわかったのかしら？
特に表示はされてなかったみたいだし……。
不思議だわ……。",,untranslated,
DATA5.BIN#1719437,DATA5.BIN,1719437,对话,"と遊園地で観覧車に乗ったわ。
前に観た映画の中で、乗ってる最中に、
告白するシーンがあったけれど、現実では
どうかしらって言ったら、
『もう一回、乗って試そう』って言われて慌てたわ。
わたし…高い所は苦手なのよ。
それくらい察してくれたらいいのに、
そこまでこのわたしに言わせるつもりなのかしら。",,untranslated,
DATA5.BIN#1719735,DATA5.BIN,1719735,菜单,遊園地で、,,untranslated,
DATA5.BIN#1719750,DATA5.BIN,1719750,对话,"と
ジェットコースターに乗ったわ。
でも、二度と乗りたくないって言ったら、
『オーバーだなぁ』なんて言われたから、
腹が立って、誰かと違って繊細なのよって、
言ってやったわ。
まったくあんな乱暴な乗り物が、このわたしに
合うわけないじゃないの。
少しは考えてほしいわ。",,untranslated,
DATA5.BIN#1720024,DATA5.BIN,1720024,对话,"と遊園地へ行って、
ゴーストハウスに入ってみたの……。
真っ暗で何も見えなくって、
不安になりながらあるいていたら
わたしの身体に誰かが触ってきたの。
てっきり彼かと思っていたら、
わたしが逆にしがみついてるって…。
ふと気がついたら、その通りだったわ。
つい夢中でしがみついてしまってたのね。
……舞台裏なら気を張ってるから、平気だけど、
暗いところはダメなのよ…。",,untranslated,
DATA5.BIN#1720391,DATA5.BIN,1720391,菜单,海水浴へ,,untranslated,
DATA5.BIN#1720404,DATA5.BIN,1720404,对话,"と行ったら、
とても気持ちが良かったわ。
ただ、砂浜でお茶の時間にしたいって言ったら、
彼が一緒に海の家まで行こう、なんて言うの。
こんな時、気が利く男性なら、女性を歩かせないで、
買ってくるのが常識じゃないかしら。
彼にはもう少しレディのエスコートの仕方を
勉強してほしいものね。",,untranslated,
DATA5.BIN#1720693,DATA5.BIN,1720693,对话,"と海で夕日を眺めたわ…。
とても美しいオレンジ色の景色の中を
まるで映画の恋人たちのように歩いてみたの。
素足が波に洗われて、とても気持ちがいいわねって、
彼に言ったら、手もつなぎたいって言われて、
照れて、顔が熱くなってしまったわ。
もう、",,untranslated,
DATA5.BIN#1720934,DATA5.BIN,1720934,对话,"ったら……。
そんな時は、聞く前に優しく手をとるのが
男性の役割よ……。",,untranslated,
DATA5.BIN#1721018,DATA5.BIN,1721018,对话,"と動物園に行ってみたわ。
でも……昔から不思議だったのだけど、
動物園ってなぜオリに入れてしまうのかしら。
動物たちにとってはオリなんてないほうが
いいに決まっているものね。
でも、彼は、オリに入れることで
逆に動物を守っているのだって…。
冷静に考えると、確かにそうね。
彼って意外としっかりと、
ものを見極める眼を持っているのね。
感心してしまったわ。",,untranslated,
DATA5.BIN#1721373,DATA5.BIN,1721373,对话,"学校のパーティーなんてたいしたことないと思って、
期待してなかったけれど、来てよかったわ……。
フォーマルなパーティーと違って、
新鮮な感じがしてなかなかいいものね。
それに……",,untranslated,
DATA5.BIN#1721552,DATA5.BIN,1721552,对话,"にも会えたもの。
なかなか楽しいクリスマスだったわ。",,untranslated,
DATA5.BIN#1721612,DATA5.BIN,1721612,对话,"クリスマスの日…
ちょうど",,untranslated,
DATA5.BIN#1721642,DATA5.BIN,1721642,对话,"の誕生日だったから、
わたし、パーティーで渡そうと思って
プレゼントを用意して待っていたわ。
それなのに彼は来なくて……。
仕方がないから、彼の家に行って、
プレゼントを渡したら、とても喜んでくれたの。
わざわざ家まで行ってよかったわ。
帰る途中でうれしくて、ついスキップして
しまったけれど、誰かに見られなかったかしら…。",,untranslated,
DATA5.BIN#1721967,DATA5.BIN,1721967,对话,今年のクリスマスは忘れられないものになったわ。,,untranslated,
DATA5.BIN#1722019,DATA5.BIN,1722019,对话,"と一緒に教会に行って、
それから夜のマリンブリッジへ…。
二人で並んで夜の公園を歩く姿が
わたしには映画の一シーンの様に思えて
こんな時は雪が降ってくればいいのにって
ふと口にしたの。
そうしたら、それを待っていたかのように
雪が降りだして…。
それはとても感動的な光景だったわ。
でも、何よりうれしかったのは、
この素晴らしいクリスマスを
彼と共に過ごせたこと…。
…これからのクリスマスも、
こんな風に心穏やかに過ごせればいいわね…。",,untranslated,
DATA5.BIN#1722464,DATA5.BIN,1722464,对话,"とお参りに行ったわ。
お参りの後……何を願ったのか、
聞かれたので、思わず動揺してしまったわ。
面と向かって言えるわけないわよ…意地悪ね。
でも、今年はなんだか素敵な一年になりそうな
予感がするわ。",,untranslated,
DATA5.BIN#1722677,DATA5.BIN,1722677,对话,"とお参りに行ったわ。
たくさんお願いしたけれど、やはり
今年も舞台が完璧でありますようにって
いうのが第一の目標かしら。
お参りの後、何を願ったのか聞かれたので、
率直にアカデミー新人賞って答えたわ。
その言葉に恥じないよう、
今年も素敵な一年にしなければいけないわね。",,untranslated,
DATA5.BIN#1722960,DATA5.BIN,1722960,对话,"とお参りに行ったわ。
たくさんお願いしたけれど、やはり
今年も舞台が完璧でありますようにって
いうのが第一の目標かしら。
お参りの後、何を願ったのか聞かれたけど、
素直に答えても、きっと理解できないと思って、
コメントは控えたわ。
人混みで少し疲れたけれど、
今年も素敵な一年にしなければならないわね。",,untranslated,
DATA5.BIN#1723274,DATA5.BIN,1723274,对话,"とお参りに行ってきたわ。
舞台も恋も発展するようにって
お願いしたけれど、お参りの後……何を願ったのか、
聞かれたので、思わず口ごもってしまったわ。
新年早々、不思議そうな顔されてしまったけど、
彼とわたしにとって、素敵な一年になってほしいわ。",,untranslated,
DATA5.BIN#1723533,DATA5.BIN,1723533,对话,"とお参りに行ったわ。
たくさんお願いしたけれど、やはり
今年も舞台が完璧でありますようにって
いうのが第一の目標かしら。
お参りの後、何を願ったのか聞かれたので、
カンヌ映画祭で賞を取りたいって答えたわ。
その言葉が現実となるよう、
今年も素敵な一年にしなければいけないわね。",,untranslated,
DATA5.BIN#1723822,DATA5.BIN,1723822,对话,"とお参りに行ったわ。
たくさんお願いしたけれど、やはり
今年も舞台が完璧でありますようにって
いうのが第一の目標かしら。
お参りの後、何を願ったのか聞かれたけど、
素直に答えても、きっとセンスのない人には
理解できないと思って、コメントは控えたわ。
彼は張り切って、誘ってくれたけど、
人込みで少し疲れたかしら。
出だしは悪いけど、今年も素敵な一年に
しなければいけないわ。",,untranslated,
DATA5.BIN#1724206,DATA5.BIN,1724206,对话,"とお参りに行ってきたわ。
舞台も恋も発展するようにって
お願いしたけれど、お参りの後……何を願ったのか、
聞かれたので、思わず口ごもってしまったわ。
新年早々、不思議そうな顔されてしまったけど、
今年で高校生活も最後だから、彼とわたしにとって、
心に残る素敵な一年になってほしいわ。",,untranslated,
DATA5.BIN#1724502,DATA5.BIN,1724502,对话,"とお参りに行ったわ。
たくさんお願いしたけれど、やはり
今年も舞台が完璧でありますようにって
いうのが第一の目標かしら。
お参りの後、何を願ったのか聞かれたので、
アカデミー主演女優賞を取りたいって答えたわ。
今年で高校生活も最後だから、悔いの残らない
素敵な一年にしなければいけないわね。",,untranslated,
DATA5.BIN#1724805,DATA5.BIN,1724805,对话,"とお参りに行ったわ。
たくさんお願いしたけれど、やはり
今年も舞台が完璧でありますようにって
いうのが第一の目標かしら。
お参りの後、何を願ったのか聞かれたけど、
素直に答えても、きっとセンスのない人には
理解できないと思って、コメントは控えたわ。
彼は張り切って、せっかく誘ってくれたけど、
人込みで少し疲れたかしら。
今年で高校生活も最後だから、悔いの残らない
素敵な一年にしなければならないわ…。",,untranslated,
DATA5.BIN#1725211,DATA5.BIN,1725211,对话,"に最高級品のチョコレートを
差し上げたの。
彼はとても喜んでくださったようだわ。
わざわざ海外から取り寄せた甲斐が
あったみたいね。
やはり気持ちを伝えるには
贈り物も本物を選ばないといけないわよね。",,untranslated,
DATA5.BIN#1725419,DATA5.BIN,1725419,对话,"に最高級品の
チョコレートを差し上げたら、
とても喜んでくれたわ。
あの繊細にして深みのある味わいは
その辺のお店ではまず味わえませんもの。
わざわざ取り寄せた甲斐があったわ。
あれを食べたら、もう、他の人がくれる
安物なんて食べられないはずよ。",,untranslated,
DATA5.BIN#1725672,DATA5.BIN,1725672,对话,"に最高級の
チョコレートを差し上げたわ。
とても驚いていたみたいね。
やはりなんと言っても、歴史と伝統のある
本物ですもの。
時間をかけて取り寄せてよかったわ。
その由来を教えて差し上げたら、
ますます驚いたみたいね…。
きっと気に入っていただけたはずよ。
これで他のチョコレートなんて、
もう二度と食べたくなくなるわ。",,untranslated,
DATA5.BIN#1725996,DATA5.BIN,1725996,对话,"が誕生日でしたから、
学校の帰りにプレゼントをお渡ししたわ。
学校で渡すより、帰り道で渡した方が、
劇的だと思って、少し待ったのよ。
そうしたら、彼はとても
感動してくれたみたいね。
わたしが大事な日を忘れるわけないでしょう？",,untranslated,
DATA5.BIN#1726230,DATA5.BIN,1726230,对话,"の誕生日が、お休みだったから
プレゼント持って、彼の家に行ってみたわ。
そうしたら、とても喜んでくれたの。
彼の喜んだ顔を見たら、
わたしもうれしくなったわ……。",,untranslated,
DATA5.BIN#1726394,DATA5.BIN,1726394,菜单,、おめでとう。,,untranslated,
DATA5.BIN#1726417,DATA5.BIN,1726417,对话,"今年の誕生日はとてもうれしいことがあったわ。
急に",,untranslated,
DATA5.BIN#1726471,DATA5.BIN,1726471,对话,"からお電話があって、
プレゼントを持ってきてくれたのよ。
彼はわたしの誕生日を、しっかり胸に
刻み込んでいてくれたのね。
わたし、感激してしまって、彼を
わたしのお部屋に招待して差し上げたの。
いきなりで驚いていたみたいだけれど、
彼にわたしの感謝の気持ちを伝えるには
これが一番だと思ったから…。
おかげで素敵な休日を過ごすことが
できましたわ。",,untranslated,
DATA5.BIN#1726872,DATA5.BIN,1726872,对话,"からお電話があって、
プレゼントを持ってきてくれたのよ。
彼はわたしの誕生日を、しっかり胸に
刻み込んでいてくれたのね。
わたし、感激してしまって、彼を
わたしのお部屋に招待して差し上げたの。
もらった物はあんまり良くなかったけれど…。
今回はその気持ちに免じて、許してあげるわ。",,untranslated,
DATA5.BIN#1727154,DATA5.BIN,1727154,菜单,お休みの日に急に,,untranslated,
DATA5.BIN#1727175,DATA5.BIN,1727175,对话,"が電話してきて、
わたしのためにプレゼントを
持ってきてくれたの。
彼、わたしの誕生日を覚えていたのね。
意外だったわ。
でも、悪い気はしないものね。",,untranslated,
DATA5.BIN#1727350,DATA5.BIN,1727350,对话,"が電話してきて、
わたしのためにプレゼントを
持ってきてくれたの。
彼、わたしの誕生日を覚えていたのね。
意外だったわ。
プレゼントの中身はちょっと
センスを疑うものでしたけれど…。
その気持ちはありがたく頂いておくわ。
できれば、来年までに
贈り物を選ぶセンスを
磨いていただきたいわね。",,untranslated,
DATA5.BIN#1727639,DATA5.BIN,1727639,对话,今年の誕生日はとてもうれしいことがあったわ。,,untranslated,
DATA5.BIN#1727689,DATA5.BIN,1727689,对话,"も誕生日でしたから、
わたし、プレゼント持って、彼の家を訪ねたの。
そしたら驚いたことに、彼もわたしにプレゼントを
用意してくださっていたわ。
わたし、とても感激して、
思わず帰り道でスキップしてしまったわ。
…誰かに見られなかったかしら。",,untranslated,
DATA5.BIN#1727982,DATA5.BIN,1727982,对话,"も誕生日でしたから、
わたし、プレゼント持って、彼の家を訪ねたの。
そしたら驚いた事に、彼もわたしにプレゼントを
用意してくださっていたの。
わたし、とても感激してしまって……。
貰った物はあまりセンス良くなかったけれど、
この際、許してあげてよ。",,untranslated,
DATA5.BIN#1728238,DATA5.BIN,1728238,对话,"の誕生日だったけれど、
プレゼントを渡す機会がなくって…。
せめてお祝いだけでもと思って、
お電話してみたわ。
彼、とても喜んでくれたみたい。
やはり気持ちだけでも伝えようという
心が大切なのだと思うわ。
受話器越しに、彼の喜んだ声を聞いたら、
わたしもうれしくなったわ……。",,untranslated,
DATA5.BIN#1728535,DATA5.BIN,1728535,对话,"今日からいよいよ修学旅行ね。
大勢で出かけるのは、好きではないけれど、
旅行はやはり楽しいものだわ。
この機会に、",,untranslated,
DATA5.BIN#1728651,DATA5.BIN,1728651,对话,"をお誘いして、
一緒にいろいろと見てまわるのもいいわね……。
でも彼は、どんな所が好きなのかしら？",,untranslated,
DATA5.BIN#1728756,DATA5.BIN,1728756,对话,"修学旅行の２日目は阿寒湖に行ったわ。
北海道は何度か来たことはあったけれど、
自然も景色もスケールが違うわねって、",,untranslated,
DATA5.BIN#1728874,DATA5.BIN,1728874,对话,"に言ったら、
『思わずスケッチしたくなるね』って、
言うから、微笑んでしまったわ。
彼って、わたしと考え方が似てるのね……。
本当に素敵な景色だったわ。",,untranslated,
DATA5.BIN#1729031,DATA5.BIN,1729031,对话,"修学旅行の２日目は日光東照宮に行ったわ。
あの建物を舞台セットに使えたら、
とても素晴らしいのにって、",,untranslated,
DATA5.BIN#1729136,DATA5.BIN,1729136,对话,"に、
話したら、『臨場感がある』って賛同してたわ。
彼もお芝居のことがよくわかってるみたいね。
本当に実現できたら素敵なのだけど、
どこに許可を取ればいいのかしら……。",,untranslated,
DATA5.BIN#1729309,DATA5.BIN,1729309,菜单,修学旅行で,,untranslated,
DATA5.BIN#1729324,DATA5.BIN,1729324,对话,"と清水寺を見学したわ。
あまりに高いので怖いから離れて見ていたの。
見るだけですごいわねって言ったら、
わたしなら飛び降りられそうだなんて
言い出すんですもの…。
思わず高所恐怖症なのにって
言ってしまいそうだったわ。
なんとか見てるだけで充分って、
すまして答えたけれど、一歩近づくだけで、
足が震えてたのよ。
もう、意地悪なんだから……。
でももしかして、わたしが高い所が怖いって、
彼は本当は気づいているのかしら。",,untranslated,
DATA5.BIN#1729741,DATA5.BIN,1729741,对话,修学旅行の２日目は沖縄へ行ったわ。,,untranslated,
DATA5.BIN#1729781,DATA5.BIN,1729781,对话,"と一緒にいる時に、
旅っていいわねって言ったら、
『",,untranslated,
DATA5.BIN#1729836,DATA5.BIN,1729836,对话,"は旅慣れてる感じがする』って
言われたわ。
確かにいろんな所を旅した経験は
あるけれど、よくわかったわね。
彼ってけっこう、わたしの細かいところまで
見てるのかしら…。
なんだかちょっとくすぐったいわ。",,untranslated,
DATA5.BIN#1730056,DATA5.BIN,1730056,对话,"と雄大な景色を
見学したわ。とても気持ちが落ち着くわって
言ったら、『草原で大地を感じてみたい』って、
言われたわ。大胆な意見だけど、
そう言われるとなぜか無償に、彼と草原に
横になってめい想してみたくなったわ。
一人では不安だから、手をつないだりして……。
きっと素晴らしいアイディアが
わくかもしれないわね。",,untranslated,
DATA5.BIN#1730369,DATA5.BIN,1730369,菜单,修学旅行の３日目は、,,untranslated,
DATA5.BIN#1730394,DATA5.BIN,1730394,对话,"と
国会議事堂を見に行ったわ。
重みのある建物ね…って言ったら、
歴史に左右されないデザインだって言うの。
わたしも思わずギリシャ神殿を
ほうふつとさせながら、
現代的な洗練さも持ってるわねって答えたわ。
彼がなかなか鋭い意見を持っていたので、
少し驚いたけれどうれしかったわ…。",,untranslated,
DATA5.BIN#1730675,DATA5.BIN,1730675,对话,修学旅行の３日目は奈良に行ったわ。,,untranslated,
DATA5.BIN#1730715,DATA5.BIN,1730715,对话,"と一緒にいたら、
シカが集まって来て困ってしまったの。
でも",,untranslated,
DATA5.BIN#1730778,DATA5.BIN,1730778,对话,"は落ち着いた様子で
『餌なんて持ってないって見せてごらん』ですって。
やってみたら本当にシカがいなくなって
驚かされたわ。
彼って機転が効くのね。",,untranslated,
DATA5.BIN#1730929,DATA5.BIN,1730929,菜单,修学旅行の３日目は,,untranslated,
DATA5.BIN#1730952,DATA5.BIN,1730952,对话,"と
阿蘇山付近を見学したわ。
広大な草原でとても見事な眺めね。
広い空と放牧された馬たち……。
とても普段と同じ長さの時間が流れているとは、
思えないって言ったの。そうしたら彼は、
こういう時間も必要だって言ってくれたわ。
考えてみれば、わたしには本当に久しぶりの
ゆったりした時間だわ……。",,untranslated,
DATA5.BIN#1731268,DATA5.BIN,1731268,对话,"と一緒に
ハリストス教会に行ってみたわ。
とてもロマンチックで素敵ねって言ったら、
彼はこんな所で結婚式ができたら…なんて
言うんですもの。
純白のウェディング・ドレスを着て、
神父様の前で指輪の交換…。
そして誓いのキス…。
…思わず側に彼がいるのも忘れて
想像してしまったわ。
気が付いたら、彼が私の方を見つめていたの。
…嫌だわ！　わたしったら恥ずかしい…。
仕方ないでしょう…女優は想像力が豊かなのよ！",,untranslated,
DATA5.BIN#1731675,DATA5.BIN,1731675,菜单,修学旅行の４日目は、,,untranslated,
DATA5.BIN#1731700,DATA5.BIN,1731700,对话,"と
原宿に行ったわ。
興味を引くものはなさそう…って言ったら、
静かな裏通りを歩こうって言ってくれたの。
うれしかったわ……。あのままでは
人酔いしそうだったもの。
それに裏通りにはセンスのいい、隠れた名店が
あったりするものだわ。
彼が機転を利かせてくれたおかげで、
わりと楽しい一日だったわね…。",,untranslated,
DATA5.BIN#1732025,DATA5.BIN,1732025,对话,"と
神戸異人館の街並みを歩いたわ。
美しい港町で素敵ねって言ったら、
こんな街の住人になりたいよって言ってたわ。
彼も相当、気に入ったのね。
住む街によって人も変わるもの……、
きっとここに住めば、
彼ももっと洗練されるのかしら。",,untranslated,
DATA5.BIN#1732282,DATA5.BIN,1732282,对话,"と
長崎の街を見てまわったわ。
ヨーロッパの街並みに似てるのかしら…。
至る所に史跡があって、歴史の重みのある街ねって
言ったら、優雅さと気品を感じるって言ってたわ。
彼も風流さがわかる人でよかった……。
いろんな史跡を訪ねて、一日楽しめたのも、
彼と一緒だったからかしら……。",,untranslated,
DATA5.BIN#1732562,DATA5.BIN,1732562,对话,"修学旅行は楽しかったけれど、最後の夜に、
とても素敵な出来事があったわ。",,untranslated,
DATA5.BIN#1732639,DATA5.BIN,1732639,对话,"と一緒に街の夜景を見に行ったの。
夜景の美しさはもちろんだったけれど、
彼と同じ時を共有できる喜びは
それにも増して大きかったわ。
それはまるで、映画のワンシーンみたいに
美しいひとときでしたもの…。
夢のようで、わたし、とても気分が高ぶって、
余計な想像までしてしまったぐらい。
このまま時間が止まらないかしらって、
思ったぐらい素敵な体験だったわ…。
また…二人で夜景が見たいわね…。",,untranslated,
DATA5.BIN#1733031,DATA5.BIN,1733031,对话,"と花火大会に行ったら、
理佳と会ったわ。
でも理佳の様子はなんだか不自然だったわ。
わたしが理佳に何かしたのかしら？
…理佳を怒らせるようなことなんて
していないと思うけど……。",,untranslated,
DATA5.BIN#1733218,DATA5.BIN,1733218,对话,"と花火大会に行ったら、
理佳と会ったわ。
でも、理佳の態度はなんだか不自然だった。
理佳ったら、おかしなことばかり言うんですもの。
わたしも顔が火照ってしまって…。
やはり、彼と一緒にいたせいだわ。
どうすればいいのかしら……。",,untranslated,
DATA5.BIN#1733454,DATA5.BIN,1733454,对话,"と花火大会に行ったら、
ばったり理佳と会ってしまったわ。
でも、なぜかお互いぎこちなくって…。
なぜあんなことになってしまったのかしら…。
心が鉛のように重たいわ…。
今度、どんな顔をして
理佳に会えばいいのかしら…。",,untranslated,
DATA5.BIN#1733680,DATA5.BIN,1733680,对话,"と縁日に行ったら、
理佳と会ったわ。
でも理佳の様子はなんだか不自然だったわ。
わたしが理佳に何かしたのかしら？
…理佳を怒らせるようなことなんて
していないと思うけど……。",,untranslated,
DATA5.BIN#1733863,DATA5.BIN,1733863,对话,"と縁日に行ったら、
理佳と会ったわ。
でも、理佳の態度はなんだか不自然だったわ。
理佳ったら、おかしなことばかり言うんですもの。
わたしも顔が火照ってしまって…
やはり、彼と一緒にいたせいだわ。
どうすればいいのかしら……。",,untranslated,
DATA5.BIN#1734095,DATA5.BIN,1734095,对话,"と縁日に行ったら、
ばったり理佳と会ってしまったわ。
でも、なぜかお互いぎこちなくって…。
なぜあんなことになってしまったのかしら…。
心が鉛のように重たいわ…。
今度どんな顔をして理佳に会えばいいのかしら…。",,untranslated,
DATA5.BIN#1734309,DATA5.BIN,1734309,对话,"いよいよ明日は卒業式…。
まさに幕が上がる直前の心境ね。
今まで経験したどんな大舞台の前より
はるかに緊張している自分を感じるわ。
わたしのこの想い、あの方に届くかしら。
いえ、必ず伝えてみせますわ……。",,untranslated,
DATA5.BIN#1734517,DATA5.BIN,1734517,对话,"まったく信じられないわ。
絵を描いている人を見かけたから、
近づいてみたの。
そしたら…まるで幼稚園児のお絵かきの
ようなものを描いているんですもの。
あれでも絵を描いてるつもりなのかしら。
まあ…よく言えば、味のある絵とでも
言うのかもしれないけれど。",,untranslated,
DATA5.BIN#1734770,DATA5.BIN,1734770,对话,"、とか言ったかしら…。
とにかく彼にはまず基本をマスターしてほしいわね。
芸術は基本を習得してから個性を表現するべきよ。",,untranslated,
DATA5.BIN#1734897,DATA5.BIN,1734897,菜单,帰り道に,,untranslated,
DATA5.BIN#1734910,DATA5.BIN,1734910,对话,"から声をかけられたの。
どうせいつものようにわたしの両親が
有名人だからって、ミーハーな気持ちで、
声をかけてきたのだと思ったのよ。
だから冷たくあしらうつもりだったんですけど、
彼は何も知らなくて、ただ一緒に
帰ろうと思っただけだなんて言うんですもの。
仕方がないから、ついてくることを許してあげたわ。",,untranslated,
DATA5.BIN#1735216,DATA5.BIN,1735216,对话,"隠れて特訓しているところを
また",,untranslated,
DATA5.BIN#1735252,DATA5.BIN,1735252,对话,"に見つかってしまった。
わたしの様子を心配して、
『俺でよかったら話してみてよ』って
優しく声をかけてくれて…。
なぜだかわたしも
彼になら話してもいいかって思ったの。
わたしがこの高校に来た理由、
そして両親のことを…。
話しながら思わず涙ぐんでしまった。
でも、聞いてもらえたことでずいぶん
気持ちが楽になったわ。
そうよね、",,untranslated,
DATA5.BIN#1735576,DATA5.BIN,1735576,对话,"の言う通りよ。
…わたしは間違ってなんていない。
それを証明するためにも、
こんな所であきらめるわけにはいかないわ。",,untranslated,
DATA5.BIN#1735698,DATA5.BIN,1735698,对话,"演劇部が高校演劇コンクールの全国大会に
出演することが決まったわ。
わたしのヒロイン役は当然だけど、
なんと言っても驚いたのは、
相手役が",,untranslated,
DATA5.BIN#1735837,DATA5.BIN,1735837,对话,"に決まったことよ。
確かにお会いした頃から、見所があるとは
思っていたわ。
でも短時間でこれだけ力をつけるなんて、
予想もできなかったのよ。
それだけの才能があったということね。
わたし、彼と同じ舞台を踏めて光栄だわ。
でも、舞台の上で彼の役と愛を語り合うって
考えるとなぜか顔が熱くなってしまうの。
変だわ…これはお芝居なのよ。
……お芝居なのよね……？",,untranslated,
DATA5.BIN#1736192,DATA5.BIN,1736192,对话,"コンクールも目前というのに、
急に",,untranslated,
DATA5.BIN#1736230,DATA5.BIN,1736230,对话,"が演劇部を退部するって
言い出したの。
せっかく彼には素質があると
思っていたのに……。
本当に辞めるのか、って聞いてみたら、
思いのほか、決心は固いみたいで…。
何がいけなかったのかしら……。
わたし、とても寂しいわ。",,untranslated,
DATA5.BIN#1736452,DATA5.BIN,1736452,对话,"いよいよ明日はコンクール…。
せめて声だけでも聞きたくって、",,untranslated,
DATA5.BIN#1736517,DATA5.BIN,1736517,对话,"のところへ電話してみたの。
そうしたら、優しく励ましてくれて…
観に行くって約束までしてくれたの。
とても感激してしまったわ……。
彼の優しい言葉を聞いていたら、
体中に力があふれてくるような気がして……。
わたし、彼のためにも優勝してみせますわ。",,untranslated,
DATA5.BIN#1736768,DATA5.BIN,1736768,对话,"ついに幕は開いたわ。
わたしは何かに取りつかれたように夢中で
演技していたの。
それは今までよりもはるかに集中した、
とても心地良い時間だったわ。
眼の前には相手役の",,untranslated,
DATA5.BIN#1736934,DATA5.BIN,1736934,菜单,"がいる…、
でもそれは",,untranslated,
DATA5.BIN#1736960,DATA5.BIN,1736960,对话,"ではなくて、
わたしの…わたしの役の、愛する人なのよ。
お芝居って、不思議なものね。
クライマックスのセリフを口にしながら、
いつの間にかわたしの目には涙があふれていたの。
そして、静かな劇場が拍手に埋まったわ……。
表彰されながら、わたしはまだ役から
離れられずにいた…。
今すぐにでも、愛しいあの人の胸に
飛び込みたい気持ちを押さえるのに
必死だったわ。
でも…お芝居が終われば、わたしの中の役も
消えていかなければならない運命なのよね。
だめよ…この役は当分、わたしの心から出て
行ってくれそうにないわ…。
この苦しさを彼も感じているのかしら……。",,untranslated,
DATA5.BIN#1737508,DATA5.BIN,1737508,对话,"ついに幕は開いたわ。
わたしは夢中で演技したの。
それは今までよりもはるかに集中していて、
とても心地良い時間だったわ。
舞台袖に",,untranslated,
DATA5.BIN#1737639,DATA5.BIN,1737639,对话,"が見える…、
裏方としてがんばってくださっているのね。
お芝居はみんなで作るもの……って、
当たり前の事だけれど、その時に実感したわ。
そして、クライマックスのシーンでは
いつのまにか、視線が彼のことを探していた。
大切なことを教えてくれた愛しい人への想い…。
セリフをいいながら知らずに涙があふれていたの。
そして、静かな劇場が拍手に埋まったわ……。
表彰式で準優勝を受けた時には
今すぐ、彼の元に走って行って、お礼を
言いたかった……。
彼はどう感じたのかしら。
喜んでくれているといいけど……。",,untranslated,
DATA5.BIN#1738135,DATA5.BIN,1738135,对话,"ついに幕は開いたわ。
わたしは夢中で演技したの。
それは今までよりもはるかに集中していて、
とても心地良い時間だったわ。
大勢の観客の中に",,untranslated,
DATA5.BIN#1738274,DATA5.BIN,1738274,对话,"が見える…。
観にきてくれたのね。
……こうして舞台に立てたのも、
みんな彼が支えてくれたからだわ。
そして、クライマックスのシーンでは
いつのまにか、視線が彼のことを探していた。
大切なことを教えてくれた愛しい人への想い…。
セリフをいいながら知らずに涙があふれていたの。
静かな劇場が拍手に埋まったわ……。
表彰式で準優勝を受けた時には
今すぐにでも客席に走って行って、
お礼を言いたかった……。
彼はどう感じたのかしら。
喜んでくれているといいけど……。",,untranslated,
DATA5.BIN#1738730,DATA5.BIN,1738730,对话,コンクールの結果を報告するために、,,untranslated,
DATA5.BIN#1738770,DATA5.BIN,1738770,对话,"にお電話したの。
どうしても彼にはお礼を言っておきたくて……。
そうしたら『どう？　うまくいった？』って、
心配そうに優しく聞いてくれたの。
わたしはありのままの結果を報告したわ。
そして感謝の気持ちを伝えたのよ……。
舞台に立てたのも、みんな彼のおかげですもの。
でも、なぜかぎこちなくって、
うまく話ができなかったの。
彼にわたしの感謝の気持ちが
ちゃんと伝わっていればいいけれど……。",,untranslated,
DATA5.BIN#1739159,DATA5.BIN,1739159,对话,"両親に、演技について意見されてから
演技に自信がなくなって…
ずっと一人で特訓していたの。
そうしたら、",,untranslated,
DATA5.BIN#1739265,DATA5.BIN,1739265,对话,"に
見つかってしまったわ。
『何してるの？』なんてのんきに聞いてきて…
わたし、居たたまれなくなって
思わず彼の前から逃げ出してしまった……。
こんな無様な姿、
誰にも見られたくなかったのに……。",,untranslated,
DATA5.BIN#1739464,DATA5.BIN,1739464,对话,"まったく信じられないわ。
最近入った新入部員の練習を見ていたの。
でも、全然なっていないのよ。
演劇をなめているとしか思えないわ。
だから少し意見したんですけれど、
わたしの言ったことを理解したのかどうか…。",,untranslated,
DATA5.BIN#1739673,DATA5.BIN,1739673,对话,"、とか言ったかしら。
とにかく彼にはまず基本をマスターしてほしいわね。
素質はあるようだから、案外伸びるかもしれないわ。
最も、本人にその気があればですけれど…。
このわたしに、ついてこられるかしら。",,untranslated,
DATA5.BIN#1739883,DATA5.BIN,1739883,对话,"と二人で、
紅葉を見に山まで行ったわ。
でも、まさかあんなことになるなんて…。
わたし、山道で足を滑らせて痛めてしまったの。
彼が一人で山を下りて助けを呼ぶなんて言うから
歩けないわたしをあんな山奥に置き去りに
するつもりなの？　って言ったら、
彼は……その……わたしを抱え上げて
ふもとまで連れて行ってくれたわ。
そうするしかないのは心の中では
わかっていたけれど、
ただただ恥ずかしくって…
でも、彼の腕に抱えられているうちに
胸がいっぱいになって
何も言えなくなってしまったの。
こんなわたしのために一生懸命になってくれて…。
本当にありがとう……",,untranslated,
DATA5.BIN#1741676,DATA5.BIN,1741676,对话,"って、めっちゃ面白いヤツやな。
二人で遊びに行くの初めてやったけど、
なんかあいつ、うちとノリが合うみたいや。
話してるだけで全然退屈せえへんもん。
あいつとなら、また遊びに行ってもええな。",,untranslated,
DATA5.BIN#1741876,DATA5.BIN,1741876,对话,"って、なかなか面白いヤツやな。
二人で遊びに行くの初めてやったけど、
意外と話が合うんでビックリしたわ。
ま、ちょっと頼りないとこもあるけど、
あいつとなら、また遊びに行ってもええかな？",,untranslated,
DATA5.BIN#1742072,DATA5.BIN,1742072,对话,"と二人で遊びに行った。
いまいち会話は弾まんかったけど、
まぁ、初めてのことで
緊張してたんかもしれへんし、
そのうちうちのテンポにも
ついてこれるようになるんちゃうかな？",,untranslated,
DATA5.BIN#1742253,DATA5.BIN,1742253,对话,"って、ちょっとイマイチやなぁ…
一緒におっても、なんか話が合わへんし、
うちとはちょっとテンポがずれてるみたいや。
二人で遊びに行くの初めてやったから、
緊張でもしてたんかな？",,untranslated,
DATA5.BIN#1742439,DATA5.BIN,1742439,对话,"には参ったなぁ…
せっかくうちみたいなカワイイ女の子と
一緒にいるんやから、もう少し気ぃ使てほしいわ。
二人で遊びに行くの初めてやったから、
緊張でもしてたんかな？
なんかちょっとガッカリやな。",,untranslated,
DATA5.BIN#1742642,DATA5.BIN,1742642,对话,"って、ホンマに面白いヤツやな。
一緒に遊んでると、あっと言う間に、
時間が過ぎてしまう気がするわ。
うちとこんなにテンションが合う男の子って、
初めてやないかな？
そのうち、うちの方から誘ってみようかな？",,untranslated,
DATA5.BIN#1742855,DATA5.BIN,1742855,对话,"って、なかなかええヤツやな。
一緒に遊んでても、ちゃーんと、
うちに気ぃつかってくれるもんな。
あれでもうちょい、うちと趣味が合うてたら、
ホンマ最高なんやけどなぁ…。
ま、あいつやったら、
そのうちわかってくれると思うけど。",,untranslated,
DATA5.BIN#1743089,DATA5.BIN,1743089,对话,"って、なんかイマイチやなぁ…。
悪いヤツやないんやと思うけど、
一緒に遊んでると、時々、
うちとは好みが合わへんって思うことあるんや。
なんかちょっと疲れてしまうカンジやわ。
…こーいうのってどうにかならへんのかな？",,untranslated,
DATA5.BIN#1743314,DATA5.BIN,1743314,对话,"って、ホンマ腹立つヤツやな！
せっかく一緒に遊んでるのに、
うちがキライなことばっかりするんやもん。
あれってもしかして…わざとやないんかな？
もしまた誘われたらどうしよ？
用事があるって、断ってしまおかなぁ？",,untranslated,
DATA5.BIN#1743528,DATA5.BIN,1743528,对话,"…なんかうち、ちょっとヘンやな。
あいつと遊んでる時は、あんなに楽しいのに、
別れたあと急にさみしくなってしまうんや。
またすぐに学校で会えるのに、
なんでこんな気持ちになるんやろ？
うち、なんか病気にでもかかったんかな？",,untranslated,
DATA5.BIN#1743754,DATA5.BIN,1743754,对话,…あ～あ、なんかガッカリやなぁ。,,untranslated,
DATA5.BIN#1743792,DATA5.BIN,1743792,对话,"と遊ぶの楽しみにしてたのに、
今日はちっとも楽しくなかったわ。
…あいつ、機嫌でも悪かったんかなぁ？
それとも、うちがなんか
怒らすようなこと言うたんかなぁ？
今夜は何や気になって眠れへんわ。",,untranslated,
DATA5.BIN#1743993,DATA5.BIN,1743993,对话,"と一緒に河川敷の公園に行ったんや、
桜の花びらがくるくる回って流れてた。
うちがキレイやなぁーって感心してたら、
あいつが回って流れるなら、
お寿司の方がええなんて言うから、
いつのまにか食べ物の話になってしもた。
あはは…ま、うちららしいかもな。",,untranslated,
DATA5.BIN#1744249,DATA5.BIN,1744249,对话,"と河川敷公園に行ったんやけど、
暑くて暑くてかなわへんかったわ。
ちょっと選択ミスったかもな。
川の中は涼しそうやなーって話してたら、
あいつ、うれしそーに
『服脱いで飛び込もう』やって。
も～～セクハラおやぢっっ",,untranslated,
DATA5.BIN#1744472,DATA5.BIN,1744472,对话,"と一緒に河川敷の公園散歩してたら、
キレイな花がいっぱい咲いてたんや。
でも、名前をど忘れしてしもて、
二人でずーっと考えてたけど、とうとう
思い出されへんかったんや。
もー、本当にノドのトコまで
出かかってたんやけどなぁ。
あーいうのってなんか気持ち悪いねんな。
帰って思わず図鑑調べてしもたわ。",,untranslated,
DATA5.BIN#1744771,DATA5.BIN,1744771,菜单,雪が降ってる中、,,untranslated,
DATA5.BIN#1744792,DATA5.BIN,1744792,对话,"と
河川敷の公園を散歩した。
見慣れてるはずの景色も、ちょっと違ったカンジ。
ロマンチックで、ええ雰囲気やなーって思てたら、
あいつ、ロマンチックより温かいコーヒーがいい
なんてツマらんこと言うんやもん、
すっかり冷めてしもたわ。",,untranslated,
DATA5.BIN#1745030,DATA5.BIN,1745030,对话,"と河川敷の公園を散歩してたら、
上流から笹舟が流れてきた。
さっそくうちらもトライしてみたんやけど、
あいつ、笹舟の作り方知らなかったみたい。
うちが手取り足取り教えてやったけど、
沈没船ばっかりこさえてたわ。",,untranslated,
DATA5.BIN#1745249,DATA5.BIN,1745249,对话,"と河川敷公園で遊んでたら、
カエルがピョコピョコって出てきたんや。
それを教えてあげたら、あいつ
『カエルが鳴くからかえろう』やって。
あれってギャグやったんかな？
それともうちと遊ぶの退屈やったんかな？",,untranslated,
DATA5.BIN#1745462,DATA5.BIN,1745462,对话,"、意外と風流なんやなー。
二人で河川敷公園に遊びに行ったら、
流れてくる真っ赤な葉っぱ見て、
『川が秋を運んできてくれたんだ』やって。
もしかしたらけっこう詩人なんかな？
ちょっと見直したわ。",,untranslated,
DATA5.BIN#1745658,DATA5.BIN,1745658,菜单,ちょっと寒かったけど、,,untranslated,
DATA5.BIN#1745686,DATA5.BIN,1745686,对话,"と河川敷公園に遊びに行った。
誰もいてへんかなって思てたけど、
子供らは元気に遊んでたわ。
そしたらあいつ『若いモンはええのぉ…』
やって。
あいつの老け芝居があんまり
おもろかったから、思わず
つきおうてしもたわ。",,untranslated,
DATA5.BIN#1745909,DATA5.BIN,1745909,对话,"ってホンマ笑わせてくれるわ。
二人で河川敷公園に遊びに行った時、
うちが『蝶が飛ぶ季節やね～』って言うたら、
『ちょうだね～』やって。
あはは…うち、こーいうくっだらないネタ、
けっこう好きなんや。もうバカ受け！",,untranslated,
DATA5.BIN#1746130,DATA5.BIN,1746130,对话,"と河川敷公園に散歩に行ったんや。
あんまり暑くって、ついつい子供が
食べてたアイスに目が行ってしもた。
そしたらあいつ、あとで一本おごろうか？
やって。
へへへ…ちょっと催促してしもたかな？",,untranslated,
DATA5.BIN#1746324,DATA5.BIN,1746324,对话,"あいつと河川敷公園散歩してた時、
ちょっと思いついて、ポエムでも
考えてみようって振ってみたんや。
そしたらあいつ、全然ノってこないんやもん。
ノリ悪いなぁ…まったく。",,untranslated,
DATA5.BIN#1746497,DATA5.BIN,1746497,对话,"あいつと河川敷公園に行ったんやけど、
あんまり寒くって、二人で売店で
おでん買って食べたんや。
あーゆーとこで食べるおでんって、
また格別やね。
コーヒーとかじゃなくて、おでんって
いうのも、うちららしくてポイント高いわ。",,untranslated,
DATA5.BIN#1746727,DATA5.BIN,1746727,对话,"が公園の展望台に連れてってくれた。
あんまりええ眺めでうちが感心してたら、
あいつ、うちにこの景色見せたかった、なんて…
照れくさくて茶化してしもたけど、
一瞬、ドキッとしたわ。",,untranslated,
DATA5.BIN#1746915,DATA5.BIN,1746915,对话,"と公園の展望台に行ったら、
でっかい客船が通ってくとこやった。
思わず見とれてたら、あいつも、
船で世界一周なんていいなぁ…とか言うてた。
うん、ホンマにええな、それ、
うち、将来はそういう生活してみたいねん。",,untranslated,
DATA5.BIN#1747129,DATA5.BIN,1747129,对话,あ～、驚いた、ビックリしたわ。,,untranslated,
DATA5.BIN#1747165,DATA5.BIN,1747165,对话,"と公園の展望台に行ったら、
あいつ、『俺たちみたいなカップルも多いね』
とかいきなりサラッと言うんやもん。
うち、思わずどもってしもたわ。
あいつ、うちのことそんな風に考えてるんか？
それとも、冗談やったんかな？
…でも、不思議と悪い気はせえへんかったな。",,untranslated,
DATA5.BIN#1747424,DATA5.BIN,1747424,对话,"暑い暑い暑い暑い暑い！
もー、ほんっとうに暑い日やったわ。
こーいう天気の時に、並木道に散歩に
なんて行くもんやなかったな。
思わず一緒にいた",,untranslated,
DATA5.BIN#1747567,DATA5.BIN,1747567,对话,"に
アイス頼んでしもた。
そしたらあいつ、文句も言わずにすぐ行ってくれた。
へへへ…ちょっと罪悪感、かな？
ごめんな、",,untranslated,
DATA5.BIN#1747686,DATA5.BIN,1747686,菜单,。あんたええ人やね。,,untranslated,
DATA5.BIN#1747720,DATA5.BIN,1747720,对话,"と一緒に並木道に散歩しに行った。
今はちょっと寂しいカンジやけど、
春になったらお花見できるな、とか思ってたら、
あいつ、毛虫の季節だよね…とかいうんやもん。
せっかくうちがええ気分でいたのに、
やなこと思い出させるなぁ…",,untranslated,
DATA5.BIN#1747951,DATA5.BIN,1747951,对话,"と並木道に散歩に行った。
やっぱりシーズンオフだけあって、
ちょっと地味なカンジやったわ。
何とかならへんのかなーって考えてたら、
あいつ、
『夜になったらライトアップされるとか…』
なんて言ってた。
…うん、それ悪くないわ。
けっこういいセンスしてるで。",,untranslated,
DATA5.BIN#1748213,DATA5.BIN,1748213,对话,"と並木道に桜見に行った。
やっぱりキレイやなー、桜って。
思わず見とれて、二人でボーッとしてたわ。
そしたらあいつ、
『桜もちがむしょうに食べたくなるよ』って…
あはは…やっぱりうちら、花よりダンゴやね。",,untranslated,
DATA5.BIN#1748426,DATA5.BIN,1748426,对话,"と並木道にお花見に行った。
桜見てたら、子供の頃、桜の木にはみんな
サクランボがなるって信じてたこと
思い出したんや。
うちがその話したら、
あいつエライびっくりしてたわ。
あいつまだ信じてたんやなー、
あはは…ま、あいつらしいけど。",,untranslated,
DATA5.BIN#1748667,DATA5.BIN,1748667,对话,"と並木道に桜を見に行ったんや。
うち、桜って入学式のイメージあるんや。
学校裏の坂にある桜のせいかな？
でも、今度桜が咲く頃には、
うちらもう、ここにはいないかも
しれへんねん。
そう考えたら、ちょっと寂しくなってしもた。
そしたら",,untranslated,
DATA5.BIN#1748898,DATA5.BIN,1748898,对话,"『卒業してもずっと一緒だよね』って。
ちょっとクサいセリフやけど、
うち、なんか安心してしもたわ。",,untranslated,
DATA5.BIN#1749003,DATA5.BIN,1749003,对话,あ～～…やっぱりあかんなぁ。,,untranslated,
DATA5.BIN#1749037,DATA5.BIN,1749037,对话,"と一緒にペットショップ
行ったんやけど、
うち、また猫アレルギーが出てしもた。
あーいうとこ、みんなケースの中
入ってるから大丈夫かと思ってたのにな…
あいつにも、グズグズの変な顔
見られてしもたし…今日は最悪やわ。",,untranslated,
DATA5.BIN#1749261,DATA5.BIN,1749261,对话,"とファンシーショップに行ったら、
めっちゃラヴリーなウサギのスリッパ見つけた。
そしたらあいつ『対抗してカメのスリッパを…』
なんて言うから、うち冗談かと思ったら、
店の奥にカワイイカメのスリッパもあった。
あれきっとペアなんかな？
あいつのおかげでええもん見つけたわ",,untranslated,
DATA5.BIN#1749538,DATA5.BIN,1749538,对话,"と二人で
ファンシーショップに行って、
うちがあれこれ悩んでたら、あいつ、
その気持ちが無駄遣いの始まり、とか言うんやもん。
も～～、オトメ心がわかってへんなぁ！
でも、もしかして、退屈してたんかな？
無理に付き合わせてしもたんかなぁ？",,untranslated,
DATA5.BIN#1749782,DATA5.BIN,1749782,对话,"とファンシーショップに行った時、
なんか見覚えのあるタヌキのぬいぐるみ
見つけたんや。
なんか知ってる誰かを思い出させるっていうか…
誰やろ？　って思てたら、
あいつが『わかった、矢部だ！』やって。
あはは…そっか、言われてみればそっくり！
あいつ、うまいこと言うなぁ。
あかん、うち今度矢部の顔見たら、
吹き出してしまいそうや。",,untranslated,
DATA5.BIN#1750117,DATA5.BIN,1750117,对话,"と一緒にカラオケしに行った。
最初、あいつがなかなか曲入れない
もんやから、うちがジャンジャン歌ってた。
でも、ポップスとか歌わせたら、
あいつなかなかええ声してたな。
新譜もバッチリ押さえてたみたいやし、
二人でけっこう盛り上がったわ。",,untranslated,
DATA5.BIN#1750363,DATA5.BIN,1750363,对话,"と二人でカラオケに行った。
うちもついついノッてしもて、
気が付いたらあっという間に時間が経ってた。
うちはもう少し歌いたかったんやけど、
『ストレス溜まってるんだね』
とか言われてしもた。
あいつ、あんまり楽しくなかったんかな？",,untranslated,
DATA5.BIN#1750596,DATA5.BIN,1750596,菜单,あ～、今日は楽しかった！,,untranslated,
DATA5.BIN#1750626,DATA5.BIN,1750626,对话,"と二人でカラオケ行ったら、
たまたま点数の出る部屋やったんや。
…で、どっちが高得点出せるか勝負だ！
ってあいつが言い出して、
二人とも今日はマジで熱唱したわ。
勝ち負けがどうっていうより、
とにかく盛り上がって楽しかったな。
ホンマ、あいつってノリがええからいいわ。",,untranslated,
DATA5.BIN#1750901,DATA5.BIN,1750901,对话,"とゲームセンターで
クレーンゲームやった。
うち、あーいうのは大好きやねん",,untranslated,
DATA5.BIN#1750974,DATA5.BIN,1750974,对话,"D
次は何が流行るのかなって話してたら、
あいつ、ウナギのつかみ取りやって。
ははは…おもろそうやけど、
意外と難しいと思うで、それ。",,untranslated,
DATA5.BIN#1751117,DATA5.BIN,1751117,对话,"とゲームセンターで
クレーンゲームやった。
あれも段々うまくなってくると、
取れた景品の置き場がなくなって大変なんや。
あいつは『フリマかバザーに売れば？』
って言うてたけど、それみんな考えてるからなぁ…
しゃーない、いざとなったら",,untranslated,
DATA5.BIN#1751348,DATA5.BIN,1751348,对话,"に
引き取ってもらおーっと。",,untranslated,
DATA5.BIN#1751389,DATA5.BIN,1751389,对话,"とゲームセンターで
クレーンゲームやった。
あーいうとこは女の子も多いなって、
思ってたら、あいつ、
『俺たちもカップルに見えるかな？』やって。
いきなりそんなこと言うから驚いたわ。
そんなん考えたことなかったもん。
ま、女王様と従者ってカンジかな？
ははは…なーんちゃって。",,untranslated,
DATA5.BIN#1751671,DATA5.BIN,1751671,对话,"とゲームセンターに遊びに行った。
大型の体感もので遊ぼうってことに
なったんやけど、うち、あーいうのは
ちょっとイマイチやな。
あいつはレースゲーム薦めてたけど、
うちはせいぜい",,untranslated,
DATA5.BIN#1751901,DATA5.BIN,1751901,对话,くらいしか性に合わんと思うわ。,,untranslated,
DATA5.BIN#1751945,DATA5.BIN,1751945,对话,"とゲームセンターに
遊びに行ったんやけど、
やっぱゲームセンターって二人で話すには
あんまり向かんのかな？
二人とも相手の話、聞き返してばっかりで、
話が進まないんやもん。
うち、あいつがあんまりトンチンカンな
こと言うからちょっとキレてしもたわ。",,untranslated,
DATA5.BIN#1752195,DATA5.BIN,1752195,对话,今日は気持ちよかったな～～,,untranslated,
DATA5.BIN#1752229,DATA5.BIN,1752229,对话,とゲームセンターに遊びに行った時、,,untranslated,
DATA5.BIN#1752320,DATA5.BIN,1752320,对话,"の新曲
ノーミスでクリアしたんや",,untranslated,
DATA5.BIN#1752352,DATA5.BIN,1752352,对话,"D
あいつに見ててもらうと、なんかうち
嬉しくなってノリが良くなるんや。
終わった後、あいつからご褒美に
ジュースおごってもらった。
今日はとってもラッキーＤａｙ♪",,untranslated,
DATA5.BIN#1752524,DATA5.BIN,1752524,对话,"と神社のフリマ覗きに行った。
掘り出しモンないかなーって、探してたら、
あいつがブランドもののバッグ見つけて
きてくれた。
…でも、なーんかニセモノっぽいカンジが
したからやめといたわ。
うち、ああいうのの目利きにはウルサイんやで？",,untranslated,
DATA5.BIN#1752764,DATA5.BIN,1752764,菜单,ってやっぱ気ぃ利くな,,untranslated,
DATA5.BIN#1752785,DATA5.BIN,1752785,对话,"D
二人で神社のフリマ見に行ったんやけど、
掘り出しものがあんまりなくて
ガッカリしてたんや。
そしたら、あいつ、掘り出しモンって言って、
屋台のお好み焼き買うてきてくれるんやもん。
おいしかったな、あの掘り出しモン",,untranslated,
DATA5.BIN#1753009,DATA5.BIN,1753009,对话,"と一緒に神社のフリマ行ったら、
ちょっとステキなアンティークのランプ
売ってたんや。
ちょっと高かったし、うちにはこーいうの
似合わないかな…って悩んでたら、
あいつが『掘り出しものかもよ？』
って薦めてくれたから、思い切って買うことにした。
うん、やっぱりあいつの言う通りにして
正解だったかもな。
部屋で点けてみたら、けっこうええ雰囲気で、
うち気に入ったわ。",,untranslated,
DATA5.BIN#1753377,DATA5.BIN,1753377,对话,"と二人でマリンブリッジ見に行った。
ええ眺めやけど、ちょっと風が強くて寒いなって、
言うたら、あいつ、
『俺が温めてあげようか？』やって。
も～、下心みえみえやん。
うち、わざと気づかないふりしてごまかした。
あいつ、意外と雰囲気に流されやすいなぁ。",,untranslated,
DATA5.BIN#1753635,DATA5.BIN,1753635,对话,"と二人でマリンブリッジ見に行った。
夏のマリンブリッジって夕焼けがキレイなんや。
写真撮りたかったんやけど、うちらカメラ
持ってへんかったからなぁ…
売店でもあったらよかったのにって二人で話してた。
その後、くだらない話に流れてしもたけど、
あいつ、うちが二人で記念写真撮りたいって
言うた意味わかってるんかな？",,untranslated,
DATA5.BIN#1753954,DATA5.BIN,1753954,对话,"と二人で
マリンブリッジ見に行ったら、
近くに妙にラブラブなカップルがいて、
目のやり場に困ったわ。
あんなとこであそこまでせんでもいいのに…
うちらのこと気づいてへんかったんかな？
けどあいつってヘンに冷静で、
『のぞきはよくない』なんて言うんやもん。
そんなこと言われたら、うちの方が悪いみたいやん。
ヘンなこと言わんといてや。",,untranslated,
DATA5.BIN#1754291,DATA5.BIN,1754291,对话,"と植物園に行ったら、
ボケっていう花を見つけた。
なんつー直球なネーミング！
思わず笑ろてしもたわ。
あいつも言うてたけど、
けつこうキレイな花やのに、
なんであんな名前がついたんやろ？",,untranslated,
DATA5.BIN#1754485,DATA5.BIN,1754485,对话,"のギャグレベル、なかなか侮れんな。
二人で植物園に行った時、
『ドリアンとかけてうまいもんと解く』
ってお題出したら、
『シーフードドリアン！』とかボケてきたわ。
うーむ、お主なかなかやるな。
やっぱりうちの影響が大きいんやね。",,untranslated,
DATA5.BIN#1754721,DATA5.BIN,1754721,对话,"と映画観に行ったんや。
『けっきょく南極物語』とかいうやつ。
うち、あーいう話苦手やから、
気になったのってペンギンくらいやった。
でもあいつは、泣けて泣けて、
仕方なかったらしい。
う～ん、うちらって趣味が合わんのかな？",,untranslated,
DATA5.BIN#1754951,DATA5.BIN,1754951,对话,"と『王家の谷』って映画に行った。
なんかミイラとか、うようよ出てくるヤツで、
ちょっと気持ち悪かったかな。
あいつにそう言ったら、あいつもうちと
同じ感想だったみたい。ま、それが救いやったわ。
もうちょい笑えるとこがあったらええんやけど。",,untranslated,
DATA5.BIN#1755198,DATA5.BIN,1755198,对话,"と『少女時代』って
映画観にいったんや。
そしたら何とそれに子役時代の万里りんが出てて、
ちょっとビックリしたわ。
うちも、どっかで見た顔やなーって、
思うてたんやけど、あんまりいつもの御田パパの
映画と違う感じやったからな。
あいつ、万里りんが出てること知ってて
わざわざ連れてきてくれたみたい。
…ところであいつ、何でこの映画のこと
知ってたんやろ？
万里りんと親しいんかな？",,untranslated,
DATA5.BIN#1755581,DATA5.BIN,1755581,对话,"が『メタルギアソリッド』って
映画に連れてってくれた。
最初はアニメなんてちょっとなぁ…
って思ってたけど、けっこう絵がすごかったんで、
ビックリした。
そういえば、原作はゲームなんやとか
あいつが言うてたな。
でも、うちはそこまで夢中になれそうにはないなぁ。",,untranslated,
DATA5.BIN#1755848,DATA5.BIN,1755848,对话,"と一緒に『せつなくて…』とか言う
映画観に行った。
なんか『眠たくて…』ってカンジで、
うちはちょっと苦手やった。
そしたらあいつ『すぐ泣いちゃうから？』やって。
相変わらずボケボケやな、あいつ。
…それにしても、うち、あーいうの観て
泣くような女の子に思われてるんかな？",,untranslated,
DATA5.BIN#1756122,DATA5.BIN,1756122,对话,"あいつと『ラブラブ四面楚歌』って
映画を観に行ったんや。
うちとしてはこの映画、久々のヒットやったな。
４人同時にデートを成功させようって所の
ドタバタなんか特に面白かったわ。
なんかコントとか、ドツキ漫才みたいなんやもん。
あいつも後半のドタバタが良かったって、
喜んでるみたいやった。
映画で二人して楽しめたヤツって、
もしかして初めてとちがうかな？",,untranslated,
DATA5.BIN#1756481,DATA5.BIN,1756481,对话,"と『俺は番長！』って映画に行った。
ちょっと話聞いた時には、ギャグかな？…って
期待したんやけど、
バリバリのアクションものやった。
あんなおもろいキャラそろえといて
ひたすら殴り合うだけなんてつまらんなぁ。
あいつもギャグの方が良かったって言うてたな。
それ聞いて、うちもほっとしたわ。
まわりみんな男の人ばっかりで、観終わったあと、
みんなして成り切ってるカンジやったから、
あいつもそうだったらどうしよと思ったんや。",,untranslated,
DATA5.BIN#1756968,DATA5.BIN,1756968,对话,"踊るパラノイア』って
映画観に行った。
うち、この映画、前から面白そうやなって、
楽しみにしてたんや。
特にダンスシーンなんかノリが良くて最高！
あいつなんか、今度ゲームセンターに
行って踊ってくるって言うてたわ。
でも、その気持ちもちょっとわかるわ。
うちもなんか身体ウズウズしてしもたもん。",,untranslated,
DATA5.BIN#1757263,DATA5.BIN,1757263,对话,"あいつと『色彩』のコンサート観に行ったんや。
ホンマええ歌やったわ～…
やっぱり話題になるだけあるな。
あいつに感想聞いたら、キーボードの
スーちゃんのこと褒めてたわ。
けっこう通なんかなって思うたら、
スーちゃんが人気あるの知らへんで
言うてたみたい。
あはは…あいつらしいな。",,untranslated,
DATA5.BIN#1757544,DATA5.BIN,1757544,对话,"ふわぁ～～～っ…
あいつと『ＫＮＭ交響楽団』のコンサート
聴きに行ったんやけど、
うち、あーいうのやっぱダメやわ。
古くさいし、眠くなるし、ええとこなしや。
あいつ、こういうの好きなんかな？
って心配になったんやけど、
あいつも『よく眠れるから好き』とか
言うてたわ。
…でも、それならわざわざ高いチケット
買わへんでもええような気がするわ。",,untranslated,
DATA5.BIN#1757890,DATA5.BIN,1757890,对话,"と『しゃぼん玉』のコンサート
聴きに行ったんや。
デビューはＴＶの企画もんやったけど、
やっぱこの人らの曲もええわ。
なんかこう…元気でるやん？
あいつ『これって…フォークソングなのかな？』
ってむずかしそーな顔してたな。
うちもあんまりよくわからんけど、
ジャンルなんてどーでもええかなって思う。
ええもんはええんやから、聴いて楽しければ
それが何よりやで。",,untranslated,
DATA5.BIN#1758260,DATA5.BIN,1758260,对话,"と一緒に
選抜隊のコンサート行ってきたんや。
やっぱり生のコンサートはええな",,untranslated,
DATA5.BIN#1758335,DATA5.BIN,1758335,对话,"D
選抜隊のみんなが一生懸命歌ってるの見ると、
なんか胸がキュンとしてしまうわ。
あいつ、こーいうの見てどう思うかなって、
興味あったんやけど、
あいつ、バックダンサーの子まで選抜隊やって、
思うてたみたい。
思わず爆笑してしもたわ。
でも、男のコやったら、まあしゃーないかもな。
あんな女の子ばっかのとこに
つきおうてくれるんやもん。
あいつもけっこうええとこあるで。",,untranslated,
DATA5.BIN#1758707,DATA5.BIN,1758707,对话,"と一緒に『ＵＰａｎｄＤＯＷＮ』
ってバンドのライブ行ったんやけど、
あれもパンクっていうんかな？
いや～ちょっとすごすぎるわ。
さすがのうちもあのノリはついていかれへん。
二人して呆気に取られたカンジやったわ。",,untranslated,
DATA5.BIN#1758918,DATA5.BIN,1758918,对话,"がええこと言ってたな。
『ああいう芸風なんだから仕方ないよ』って。
なるほど、ま、芸だと思えばあーいうのも
アリなのかもしれんなぁ…。
でもうちはやっぱり遠慮したいな。",,untranslated,
DATA5.BIN#1759091,DATA5.BIN,1759091,对话,なんかちょっとコワい光景やったなぁ…,,untranslated,
DATA5.BIN#1759133,DATA5.BIN,1759133,对话,"と一緒に『恋羽こなみ』ってコの
コンサート聞きに行ったんやけど、
ファンの男の子らがスゴイんやもん。
あの異常な熱気はちょっと引くでマジで…
ま、あいつがああいうんでなくて
よかったわ。
でもあいつ、追っかけやってるうちも
似たようなもんや、なんて言うんやもん。
なんかけっこうショックやったわ…
うち、いつもあいつにああいう風に
見られてるんかなぁ…考えたくないわ。
もう少しうちも、我を忘れてしまわへんように
気ぃつけんとな。",,untranslated,
DATA5.BIN#1759560,DATA5.BIN,1759560,对话,今回のＵ＿Ｒｕｗａ＿Ｓｅｅのコンサート、,,untranslated,
DATA5.BIN#1759606,DATA5.BIN,1759606,对话,"と一緒に行ったんや。
あいつ、引いてしまうかなーって思うたけど、
やっぱりうちが好きなもんのこと、
少しでもわかってもらえたらなーって思って。
そしたらあいつ『声が甘い』って、
ＲＹＵさんのこと褒めてくれたんや。
ああ…なんてええヤツなんや、",,untranslated,
DATA5.BIN#1759847,DATA5.BIN,1759847,对话,"！
うちが今度ＣＤ貸してあげるからな。
やっぱりＵ＿Ｒｕｗａ＿Ｓｅｅの魅力は
誰が見てもわかるんやな、うん！
これでうちも安心して追っかけできるわ",,untranslated,
DATA5.BIN#1760008,DATA5.BIN,1760008,对话,"と一緒に
Ｕ＿Ｒｕｗａ＿Ｓｅｅの
コンサート行ってしもた。
なんか最近、ＲＹＵさんと目が合う機会が
多いような気がするんや、
もしかしてこれって運命の出会い？
そしたら、",,untranslated,
DATA5.BIN#1760177,DATA5.BIN,1760177,对话,"、
『付き合ってって言われたらどうする？』やって。
な、なんちゅうこと聞くんや、",,untranslated,
DATA5.BIN#1760260,DATA5.BIN,1760260,对话,"。
うち、そんなこと言われたら…言われたら…
あ～、もう、めっちゃ想像してしもたわ。
恥ずかしい～～～っ！",,untranslated,
DATA5.BIN#1760377,DATA5.BIN,1760377,对话,"と『ゆうことゆかり』の
コントライブ見に行ったんや。
ＴＶのバラエティーもええけど、
生のコントもやっぱり捨てがたいわ。
さすが、うちが目をつけてたコンビ
だけのことはあるわ、うん。",,untranslated,
DATA5.BIN#1760560,DATA5.BIN,1760560,对话,"も『天然ボケが笑えた』って
言うてたわ。
やっぱりあいつもお笑いがわかってるな",,untranslated,
DATA5.BIN#1760637,DATA5.BIN,1760637,对话,"D
今度うちらも漫才に挑戦してみようかな？",,untranslated,
DATA5.BIN#1760686,DATA5.BIN,1760686,对话,"あいつと『ザ・タイツメン』のお笑いライブ
見に行ったんや。
噂には聞いてたけど、あそこまで過激な
パフォーマーとはなぁ…あら確かに
ＴＶには出られへんわ。
でもあいつ、ああいうのはダメみたい。
あそこまでやることないのにって言うてたわ。
ん～～…ちょっと残念やなぁ。
あいつならわかってくれると思うてたのに。",,untranslated,
DATA5.BIN#1760995,DATA5.BIN,1760995,对话,"あいつと『若草物語』の舞台を
見に行ったんやけど…
うち、あーいうのはどうしても退屈やわ。
あいつも、もう少しうちの好み考えてくれても
ええのになぁ…
オマケに素直に感想を言うたら、
『感動しなかったの？』やって。
何かそんな風に言われると、
うちが悪いみたいな気がしてくるやん。
失礼やなぁ、まったく…",,untranslated,
DATA5.BIN#1761304,DATA5.BIN,1761304,对话,"と一緒に『七人の左遷』って
一人芝居の舞台を見に行ったんや。
…なんかちょっと不思議な体験やったな。
フツーの芝居ともお笑いともなんか
違う感覚で…あいつによると、
『孤独な芝居でリストラの悲哀を象徴してる』
…らしい。
ふーん、けっこう深いもんなんやなぁ…。
あんまりうちの守備範囲やないカンジやけど、
そこそこ楽しめたわ。",,untranslated,
DATA5.BIN#1761635,DATA5.BIN,1761635,对话,"と『裸の国のアリス』って舞台
観に行ったんや。
よく内容知らんで行ったんやけど、
あのダンスパフォーマンス、最高やったわ。
まさに小劇場ってカンジのノリやもんな。
タイトルとほとんど関係あらへんやん、って
ツッコミはさておいて、
あーゆーのやったら理屈抜きで楽しめるわ。
あいつは『今夜あたり夢に見そう…』とか
言うてたな。
それってきっと、あの人らにとっては
最高の褒め言葉やで。",,untranslated,
DATA5.BIN#1762015,DATA5.BIN,1762015,对话,"あいつとプラネタリウム見に行ったんや。
うち、途中でうとうとしてしもて、
聞き逃してしもたから、",,untranslated,
DATA5.BIN#1762114,DATA5.BIN,1762114,对话,"に
北斗七星って何の形？…って聞いたんや。
そしたらあいつ『当然、星型だよ』やって。
あはは…ギャグでかわすとこ見ると、
あいつもよく聞いてへんかったんやな？",,untranslated,
DATA5.BIN#1762277,DATA5.BIN,1762277,对话,"今日はちょっと、恥ずかしかったな～～。
うち、あいつとプラネタリウム見に行って、
つい熟睡してしもたんや。
見られたかなって思ったら、あいつに、
『かわいい寝顔だった』なんて言われたわ。
も～～大失敗！
うち、ヨダレとか垂らしてへんかったよなぁ？",,untranslated,
DATA5.BIN#1762526,DATA5.BIN,1762526,对话,"あいつとプラネタリウム見に行ったんや。
でも春のプログラムって言うなら、
うちの双子座の話もしてほしいわ。
あいつが言うには、
『星占いじゃないんだから』ってこと
やったけど、うちに言わせると、学校の
勉強やないんやから、もっと面白く
やってほしいわ。",,untranslated,
DATA5.BIN#1762785,DATA5.BIN,1762785,对话,"と一緒に
プラネタリウムに行ったんや。
夏のプログラムってことで七夕の話やった。
うちがあんまり七夕の星見たことないって言うたら、
あいつ『ここで見られてよかったじゃない』やって。
そら確かにそうやけど…
あいつとやったら、ホンマの星を二人で
見に行くのもええかもしれんなって、
チラっとそんなこと思ったわ。",,untranslated,
DATA5.BIN#1763094,DATA5.BIN,1763094,对话,"あいつと一緒にプラネタリウム見に行ったんや。
でもうち、前の日ＴＶ見てて寝不足やったから、
ついまたウトウトしてたんや。
それで、夏の大三角形のこと、
三角関係とか言うてしもた。
恥ずかしい～～っ！",,untranslated,
DATA5.BIN#1763301,DATA5.BIN,1763301,对话,"と一緒にプラネタリウムに
行ったんや。
夏のプログラムってことで七夕の話やった。
あいつと織姫と彦星の話してたら、
『俺なら何があっても会いに行っちゃうな』やって。
なんか聞いてただけで、ちょっとドキドキしたわ。
そんな風に情熱的に迫られたら、どうしよ？",,untranslated,
DATA5.BIN#1763558,DATA5.BIN,1763558,对话,"あいつとプラネタリウム見に行ったら、
秋のプログラムで、しし座流星群の話してた。
あいつに見たことあるって聞いたら、
『見た見た！…俺んちの近くに落ちてさぁ』やって。
あいつって、ホンマいつでも、うちのこと
笑わそと思って一生懸命なんやな。
なんか勢いで笑ろてしまうわ。",,untranslated,
DATA5.BIN#1763836,DATA5.BIN,1763836,对话,"とプラネタリウム見に行ったら、
秋のプログラムで、しし座流星群の話してた。
うちがうっかり不思議なもんやなって言うたら、
あいつ、張り切って流星の解説始めてしもた。
も～～、気合入れて勉強したのはわかるけど、
うちがそんな話、喜ぶわけあらへんやん。",,untranslated,
DATA5.BIN#1764088,DATA5.BIN,1764088,对话,"あいつとプラネタリウム見に行ったら、
秋のプログラムで、しし座流星群の話してた。
帰り道、もしホンマに流れ星を見たら
何をお願いするかって、あいつに聞いたんやけど、
あいつ、マジメな顔して、
『いつまでも今のままでいたい』やって。
…うん、うちもちょっとそれわかるわ。
あいつもうちとこうして遊んでるの、
楽しいって思っててくれたんやな。
なんか、けっこう…マジでうれしいわ。",,untranslated,
DATA5.BIN#1764464,DATA5.BIN,1764464,对话,"あいつとプラネタリウム見に行ったら、
冬のプログラムをやってた。
冬って言うと、小学生の頃、
星とか月とか観察させられたん思いだすわ。
あいつは『冬の空ってキレイだからね』
とか言うてたけど、子供がそんな情緒
わかるワケないやん。
ただ寒かったってことしか覚えてへんわ。",,untranslated,
DATA5.BIN#1764736,DATA5.BIN,1764736,对话,"あいつとプラネタリウム見に行った。
プラネタリウムって、いつでもキレイな星が
見れるから便利やなって、何気なく言うたら、
あいつ、急に『君の瞳にはかなわない』とか
言うんだもん。ビックリしたわ。
白鳥の影響でも受けたんかな？
でも、あんなキザな口説き文句やったら、
本気か冗談か分からへんもん。困るわ。",,untranslated,
DATA5.BIN#1765040,DATA5.BIN,1765040,对话,"あいつとプラネタリウム見に行ったら、
冬のプログラムをやってた。
冬は空気が澄んでるから、星の観察が
しやすいって言ったら、あいつ、
『今度二人で星を観察しようか？』やって。
ふ、二人で？…みんなでじゃなく？…夜に？
あいつって、時々こーいうスゴイこと、
サラって言うから困るわ。
マジにとったらええのかどうか、
うち、いつもドキドキしてるんやで？",,untranslated,
DATA5.BIN#1765393,DATA5.BIN,1765393,对话,"とブティックに出かけたんや。
うちが新作のワンピをチェックしてたら、
あいつ『さっすが、流行には敏感だね』やって。
当たり前やん。うちを誰やと思うてるん？
流行もんなら任せてや！",,untranslated,
DATA5.BIN#1765581,DATA5.BIN,1765581,对话,"にちょっとデパートの
ブティックまでつきおうてもろた。
ちょっと試着したいヤツがあったから、
あいつに待っててもろたんやけど、
『のぞいたらアカンで？』ってクギさしたら、
『頼まれたってのぞかない』やって…
そう言われると、なんかこう…
いや、別にのぞいてほしいわけやないけど…
うちがヘンなこと言ったから怒ったんかな？",,untranslated,
DATA5.BIN#1765902,DATA5.BIN,1765902,对话,今日はうち、めっちゃツイてたな,,untranslated,
DATA5.BIN#1765933,DATA5.BIN,1765933,对话,"D
あいつとデパートの食品売場に買い物に行ったら、
限定発売のチーズケーキが売ってたんや。
ラッキー",,untranslated,
DATA5.BIN#1766030,DATA5.BIN,1766030,对话,"D
いつもは並んでても買えないことあるんやで？
あいつ『俺の強運のおかげだね』とか
調子こいてたけど、ま、今日だけは
許してあげよかな？",,untranslated,
DATA5.BIN#1766170,DATA5.BIN,1766170,对话,"あいつとデパートの食品売場へ買い物に
行ったんや。
あーいうとこで試食品つまんだりしてるのって、
けっこういろんな発見があって楽しいんや。
そしたらあいつ『お金ない時、一食浮く』やって。
…あれ、冗談やろなぁ？
マジやったらけっこう笑えんで？",,untranslated,
DATA5.BIN#1766415,DATA5.BIN,1766415,对话,"デパートの展示場で『世界の宝石展』って
いうのやってたから、あいつと見に行ったんや。
あーいうのはもう、アクセサリーっていうより、
美術品とかそういう次元やな。
あいつは、うちなら似合うとか
言うてくれたけど、
なんか自分でもイメージできひんわ。
ま、あれはあいつのお世辞やろな、やっぱり。",,untranslated,
DATA5.BIN#1766707,DATA5.BIN,1766707,对话,"デパートの展示場で『謎の超古代文明展』って
いうのやってたから、",,untranslated,
DATA5.BIN#1766776,DATA5.BIN,1766776,对话,"と見に行ったんや。
…でも、うちあーいうのチンプンカンプンで、
イマイチ退屈やったわ。
唯一おもろかったのは、古典のセンセに
そっくりやったモアイ像！
あいつも『もしかしたらご先祖様かも』やって。
あはは…やっぱうちらには、
そーゆー楽しみ方が合うてるみたいや。",,untranslated,
DATA5.BIN#1767040,DATA5.BIN,1767040,对话,"あいつと一緒にデパートのバーゲンに
出かけたんや。
年に一回のバーゲンだけあって、
ブランドものとかめっちゃ安くなってた。
うち、思わずちょっとコーフンしてしもたわ。
あいつには、まだこういうノリは
理解できひんみたいやったけど、
『どうしてみんなブランドものが好きなのかな？』
って聞いてたし、理解しようって気があるのが、
なかなか好感もてるわ、うんうん。
そのうち、うちにブランドもんとか
プレゼントしてくれへんかな？
ははは…なーんちゃって",,untranslated,
DATA5.BIN#1767484,DATA5.BIN,1767484,对话,デパートでバーゲンがあったから、,,untranslated,
DATA5.BIN#1767522,DATA5.BIN,1767522,对话,"にちょっと付き合ってもらったんや。
ちょうど手ごろなポーチとリュックがあって、
うちがどっちにしたらええか悩んでたら、
あいつが『ポーチをプレゼントするよ』
なんて言うんやもん、うちビックリしたわ。
あいつ、あんなに気前よかったっけ？
思わず甘えてしもたけど…ホンマによかったんかな？
今度、うちもなんかお返しを考えんとな",,untranslated,
DATA5.BIN#1767852,DATA5.BIN,1767852,对话,"と一緒にゲームショップに
行ったんやけど、
うち、どうも家でやるゲームって、
あんまりおもろいのに当たったことないんや。
あいつは、ゲームだってピンキリやって、
言うけど、ほんならいっぺん、うちに
おもろいゲーム貸してほしいわ。",,untranslated,
DATA5.BIN#1768083,DATA5.BIN,1768083,对话,"あいつと一緒にゲームショップに
行ったんやけど、あーいうとこって、
意外と子供が多いからビックリやわ。
みんなお金持ちなんやなぁ…
あいつも『もっと他の遊びもあるのにね』
って言うてた。
うちもホンマそう思うわ。
…でも、こんなこと言うてるなんて、
うちらももう年なんかな？",,untranslated,
DATA5.BIN#1768358,DATA5.BIN,1768358,对话,"あいつとゲームショップを覗いてみたら、
前に二人でゲームセンターで遊んだヤツが
家庭用に発売されてたわ。
あいつは『買って二人で遊ぼうか？』って、
言うてたけど、家の中でやっても
ああいうのは面白くないと思うわ。
やっぱりまわりにギャラリーがいてへんと
盛り上がらへんしな。",,untranslated,
DATA5.BIN#1768639,DATA5.BIN,1768639,对话,"と一緒にＣＤショップに行った。
あいつの好きな音楽ってどんなんかな？
って思って聞いてみたら『ポップス』やって。
う～ん、無難な答えやけど、ポップスって言うても
幅広いからなぁ…
あいつ、なんかうちに隠してるんとちゃうかな？",,untranslated,
DATA5.BIN#1768867,DATA5.BIN,1768867,对话,"あいつと一緒にＣＤショップに行ったんや。
うち、どーしても耳から離れへん
ＣＭソングがあったから探してたんやけど、
タイトルとか歌手とかわからへんから困ってたんや。
そしたらあいつ、
『ＣＭソングのコーナーは探した？』とか言うて、
見つかるまで探すの手伝うてくれたんや。
あいつ、けっこう頼りになるんやな。
おかげで助かったわ。",,untranslated,
DATA5.BIN#1769196,DATA5.BIN,1769196,对话,"あいつと一緒にＣＤショップ行った時、
ＤＶＤって何の略か知ってる？…って
聞いたんや。
うちとしては、正解よりあいつのボケを
期待したつもりやったんやけど、
あいつ、そのまんま答えるんやもん。
おもろくないなぁ、まったく…
なんかうち、冷めてしもたわ。",,untranslated,
DATA5.BIN#1769455,DATA5.BIN,1769455,对话,"にＣＤショップに連れてきてもろた。
うち、あんな店あるなんて全然知らへんかった。
でも、割と大きいし、品ぞろえも良かったし、
うちもこれから、ちょくちょく
寄らせてもらおっと。
それにしても、あいつよくあんな店知ってたな。
『穴場はチェックしとかないとね』
なーんて威張ってたけど、
ホンマは偶然見つけたんとちゃうかな？",,untranslated,
DATA5.BIN#1769781,DATA5.BIN,1769781,对话,"と一緒にボウリングやりに行ったら、
何とあいつ、パーフェクト達成したんや",,untranslated,
DATA5.BIN#1769853,DATA5.BIN,1769853,对话,"A
ビックリしたな～～もう！
途中からはまわりのレーンの人も
みんな注目してきて、うちまで
なんかちょっと緊張してしもたわ。
最後ストライクとった時なんか、
拍手喝采やったもんなぁ…
なんかあいつ、いつもと別人みたいに
カッコ良かったわ",,untranslated,
DATA5.BIN#1770081,DATA5.BIN,1770081,对话,"D
…でもあいつ、これで今年の運、
全部使い果たしたのかもしれへんなぁ？",,untranslated,
DATA5.BIN#1770164,DATA5.BIN,1770164,对话,"と二人でスケートに行った。
うち、調子に乗ってスピード出してたら、
コーナーのとこでコケてしもた。
あいつ、ちょっとコケただけやのに、
ケガしてないかって心配そうやった。
へへへ…なんかくすぐったいような、
照れくさいような、ヘンな気持ちやわ。",,untranslated,
DATA5.BIN#1770411,DATA5.BIN,1770411,对话,"あいつと一緒にスケート行ったんやけど、
混んでてあんまり動かれへんかったから、
ちょっと冷えてきてしもたんや。
そしたらあいつ、
『もっと厚着してくればよかったのに』やって。
も～～鈍感やなぁ、あいつ。
オシャレに賭けるオトメの気持ちが
全然わかってないんやから。",,untranslated,
DATA5.BIN#1770682,DATA5.BIN,1770682,对话,"と一緒にスケートしてたら、
手つないで一緒に滑ってる
カップルがおった。
どう思う？…ってあいつに聞いたら、
『俺たちもつなごうか？』やって。
照れくさくて、思わず断ってしもたけど、
今考えると、ちょっと惜しいこと
したかもしれんなぁ…",,untranslated,
DATA5.BIN#1770925,DATA5.BIN,1770925,对话,"と美術館に行ったんやけど、
あんまし楽しくなかったなぁ…
おもろい顔の絵があったからあいつに
教えてあげたら『有名画家の作品なんだけど…』
なんて真面目に返すんやもん。
なんかうち、バカにされた気分やったわ。",,untranslated,
DATA5.BIN#1771142,DATA5.BIN,1771142,对话,"と美術館に行ったんやけど、
うち、あーいうとこはちょっと苦手やな。
あいつは『かまえないで楽しめばいいんだ』
って言うんやけど、何をどう楽しんだら
いいのかサッパリなんやもん。
どうせ遊びに行くなら、もっと楽しいとこ
行きたいわ。",,untranslated,
DATA5.BIN#1771380,DATA5.BIN,1771380,对话,"と美術館に行ったんやけど、
どうもうちらにはあーいうとこ合わへんな
何がええのかようわからへんのやもん。
あいつも『芸術ってよくわかんないよね』って
言うてたわ。
うちらって、価値観は似てるみたい。",,untranslated,
DATA5.BIN#1771587,DATA5.BIN,1771587,对话,"と美術館に行ったら、
『ルネサンスの夜明け展』ってのやってた。
いつもより人がいっぱいいてたけど、
やっぱりどこがええのか
うちにはようわからへんかったわ。
あいつも何が良かったって聞いたら、
『やっぱり夜明けだろう』
とか言ってたわ。
あはは……も～ボケボケやね。",,untranslated,
DATA5.BIN#1771859,DATA5.BIN,1771859,对话,"と美術館に行ったら、
『トリックアート展』っていうのやってた。
美術館のイベントにしては、
珍しく楽しいヤツやったな～。
あいつもどうやって作るのかなって、
興味津々だったみたい。
こーいうのばっかりやったら、
うちも美術館好きになるのにな。",,untranslated,
DATA5.BIN#1772108,DATA5.BIN,1772108,对话,"と美術館に行ったら、
『伝統工芸展』なんてのやってた。
うち、あーいうのホンマに苦手やわ。
なんか古くさいんやもん。
あいつ、伝統の香りを感じるとか
言うてたけど、ホンマかなぁ？
カッコつけて言ってるだけなんやないの？
そういうのってヤなカンジやね。",,untranslated,
DATA5.BIN#1772360,DATA5.BIN,1772360,对话,あ～～あ、ちょっとヘコんでしまうな。,,untranslated,
DATA5.BIN#1772402,DATA5.BIN,1772402,对话,"と一緒に水族館行ったんやけど、
あいつ、何がおもろかった？…って聞いたら、
『エサあげてた水着のおねーさん』やって。
最初、ギャグかなーって思ったんやけど、
なーんか、デレッとした目で言うんやもん。
思わずムカッときてしもたわ。",,untranslated,
DATA5.BIN#1772634,DATA5.BIN,1772634,对话,"あいつと水族館に行ったら、
ちょっと面白いことがあったんや。
なんでかわからへんけど、あちこちの水槽で、
魚がうちの方ばっかりに寄ってきてしまうんや。
他の人にも注目されてしもて、
ちょっと恥ずかしかったわ。
あいつも『モテモテだね』なんて言うてたわ。
『妬けるんやろ？』ってからかってみたら
ちょっと動揺してたな。
うちのこと、ちょっとくらい意識して
くれてるんかな？",,untranslated,
DATA5.BIN#1773008,DATA5.BIN,1773008,对话,"と水族館に行って、
キレイな魚いっぱい見てたら、
なんか熱帯魚とか飼うてみたくなったわ。
あいつも興味持ったみたいやったし、
ここらでひとつチャレンジしてみようかな？
共通の趣味があるってちょっとええかもな。
その方が一緒にいても話が弾むしな。",,untranslated,
DATA5.BIN#1773260,DATA5.BIN,1773260,对话,"と水族館のアシカショウ観に
行ったんや。一匹だけボケ役のアシカがいて、
妙にカワイイなーって思ってたら、
あいつ『まるで俺みたいだったな』やって。
なるほど…
なんか妙に親しみ持てたのも納得できるわ",,untranslated,
DATA5.BIN#1773468,DATA5.BIN,1773468,对话,"と水族館のアシカショウ
観に行ったんや。
やっぱおもろいな、あのアシカショウ。
あいつも、
『評判になるだけのことはあるね』って、
けっこう喜んでたみたい。
二人して子供みたいにはしゃいでしもたわ。",,untranslated,
DATA5.BIN#1773674,DATA5.BIN,1773674,对话,"と室内プールに泳ぎに行ったら、
着替えから出たところで大学生くらいの
二人組にナンパされてしもたんや。
その場はテキトーにあしらったんやけど、
あいつに言ったらめっちゃ怒ってな、
『な、なにぃ？　どこのどいつだ！』やって。
そんなに怒ると思わへんかったから、
ビックリしたわ。
…でも、ちょっとうれしかったな。
うちのこと、それだけ大事に
思ってくれてるってことかな…？",,untranslated,
DATA5.BIN#1774048,DATA5.BIN,1774048,对话,"と室内プールに泳ぎに行ったら、
着替えから出たところで大学生くらいの
二人組にナンパされてしもたんや。
その場はテキトーにあしらったんやけど、
内心、ちょっとドキドキしてた。
あいつに言ったらどんな顔するかなって。
でも、あいつってば、
『ふーん、そう…』やって。素っ気ないわ。
うちがナンパされて、他の人についてっても
ええんかな？
ちょっと傷ついたわ…。",,untranslated,
DATA5.BIN#1774405,DATA5.BIN,1774405,对话,"あいつと一緒にプールへ遊びに
行ったんやけど、
あいつってば、なんかモジモジして
落ち着かないんや。
うちがどしたん？　って聞いたら、
あいつ、うちの水着姿見て、
照れてたらしいんや。
あんな顔して…急にそんなこと言うなんて
反則やわ。
うち、なんか動揺してしもたわ。
ま、でもヤラシい顔してる男のコよりは
よっぽどええのかもな",,untranslated,
DATA5.BIN#1774737,DATA5.BIN,1774737,对话,"と一緒に室内プールに行った時、
ウォータースライダーにトライしたんや。
けっこう長いこと並んでやっと滑れたんやけど、
その割には、すぐ終わってしもた
カンジやったなぁ…。
あいつは『充分楽しんだ』って言うてたから、
やっぱうち、フツーじゃちょっと
満足できひんのかな？",,untranslated,
DATA5.BIN#1775012,DATA5.BIN,1775012,对话,"とプールに遊びに行って、
ウォータースライダーやったんや。
あそこのウォータースライダー、
そんなに迫力あるわけやないから、
うち、わざと乗り出してふざけてた。
そしたら途中で落っこちそうになってしもて…
そん時な、あいつ『はしゃぎすぎだぞ！』って
マジでうちのこと怒鳴りつけたんや。
うち、最初はビックリしてしもたけど、
今思うと、なんかこう…うれしかったみたいな
気がするわ。
あいつ…他のコやったら絶対あんな言い方
せえへんもんな。",,untranslated,
DATA5.BIN#1775452,DATA5.BIN,1775452,对话,"とレインボウドームに
野球観に行ったんやけど、
うち、野球ってイマイチ面白さが
理解できんなぁ…
あいつは『１点差ゲームはスリルがあるよ』
って喜んでたけど、
うちの印象に残ったんは、売店のおいしい
ホットドックくらいやったわ。",,untranslated,
DATA5.BIN#1775682,DATA5.BIN,1775682,对话,"あいつとレインボウドームに
野球観に行ったんやけど…
うち、野球ってイマイチ面白さが
理解できひんなぁ…
あれやったらテレビで見ても同じやと
思うてしまうんや。
あいつにそう言ったら、
『観客全員で一体感を味わいたいんだよ』
とか言うてたな。
なるほど、確かに好きなバンドの
ＣＤ持ってても、ライブは見に行くしな。
でも、ほんならうちにもちゃんと
野球の楽しみ方ってものを教えてほしいわ。
なんかまわりが盛り上がってるのに
一人取り残された気分で
えらい居心地悪かったんやから。",,untranslated,
DATA5.BIN#1776159,DATA5.BIN,1776159,对话,"とサッカーの試合観に行ったんや。
お目当てはとーぜんＭＦのナカさん",,untranslated,
DATA5.BIN#1776225,DATA5.BIN,1776225,对话,"D
今回も超～～～大活躍で、ホンマめっちゃ
カッコよかったわぁ……",,untranslated,
DATA5.BIN#1776291,DATA5.BIN,1776291,对话,"D
声がカスカスになるくらい叫んでしもたわ。
そしたら",,untranslated,
DATA5.BIN#1776347,DATA5.BIN,1776347,对话,"、
『……で、試合結果覚えてる？』やって。
そ、そーいえば確かにナカさんしか見てなくて、
スコアってあんまり覚えてなかったかも…。
あいつ、呆れてたんかなぁ…？",,untranslated,
DATA5.BIN#1776517,DATA5.BIN,1776517,对话,"とサッカーの試合
観に行ったんやけど…
ナカさんとこ、１－０で負けてしもたんや。
あ～～あ、惜しかったな、ホンマ。
途中でチャンスもあったんやけど、
ナカさんが出したパスがオフサイドとらられて
しもたからな～～。
でも、",,untranslated,
DATA5.BIN#1776735,DATA5.BIN,1776735,对话,"も
『まあ前衛のミスだよね』って言うてたからな。
うん、ナカさんは悪くない悪くない",,untranslated,
DATA5.BIN#1776823,DATA5.BIN,1776823,对话,"、なかなかサッカーが
よくわかってるわ。",,untranslated,
DATA5.BIN#1776876,DATA5.BIN,1776876,对话,"と一緒に異種格闘技戦っていうの
観に行ったんや。
うち、あーいうのってどうかな～って、
思ってたんやけど、今回はわりと楽しめたわ。
あいつも相当盛り上がってたみたいやな。
終わった後、うれしそうに
『たまには格闘技もいいものでしょ？』やて。
男の子はこーいうとこ、いつまで経っても
子供みたいやね。",,untranslated,
DATA5.BIN#1777180,DATA5.BIN,1777180,对话,"と一緒に異種格闘技戦っていうの
観に行ったんやけど、
今回は両方とも血ぃ出してしもて、
なんか痛そうな試合やったわ。
あいつは『大丈夫、よくあることだよ』
なんて言ってたけど、なんかスゴい話やなぁ。
…あーいう時、やっぱり女の子って、
キャーキャー言ったりした方が
カワイく見えるんかな？",,untranslated,
DATA5.BIN#1777474,DATA5.BIN,1777474,对话,"と遊覧船に乗った。
景色はええし、すっごく気分爽快って
カンジやったわ。
あいつが『そうかいそうかい』なんて
くだらんギャグ飛ばしてたけど、
なんか許してしまえる気分やったわ。
うち、そーとーハイになってたんやな。",,untranslated,
DATA5.BIN#1777696,DATA5.BIN,1777696,对话,"と港の遊覧船に乗った。
うち、あれ乗るのけっこう好きなんや。
開放感あるし、船からの眺めって、
めっちゃキレイなんやもん。
そしたらあいつ、
『二人っきりならもっとよかった』
なんて言うんやもん、ちょっと焦ったわ。
そーいえば、浮かれててすっかり忘れてたけど、
あの船ってけっこう有名なデートスポット
やからなぁ…。
あいつ、うちにそういう気あるんかな？",,untranslated,
DATA5.BIN#1778054,DATA5.BIN,1778054,对话,"と港の遊覧船に乗ったんやけど…
天気が悪くて、デッキに出られへんかった。
あ～あ、最悪ぅ～～…
別に目的地があるわけやないんやから、
あれは景色見るのが楽しみやのにぃ。
あいつもなんかイマイチ楽しくなさそうやった。
うちも色々話盛り上げようかと思ったんやけど、
あいつ、全然乗って来ないんやもん。
でも、ま、しゃーないか。",,untranslated,
DATA5.BIN#1778382,DATA5.BIN,1778382,对话,"と遊覧船に乗ったんやけど…
天気が悪くて、デッキに出られへんかった。
それだけでも落ち込むとこやのに、
オマケに、なんか、気持ち悪くなってしもて…
あいつが気利かせてジュースとか買うて来て
くれたから助かったわ。
……ありがとな、",,untranslated,
DATA5.BIN#1778627,DATA5.BIN,1778627,对话,"とワイワイワールドの大観覧車に
乗ったんや。
あいつ、なんか観覧車が動き出した途端に
無口になってしもたから、
どうしたのかなって思ってたら、
高いとこ苦手なんやって。
なんや、そんなら乗る前に言うてくれたら
よかったのに。
そこまでして観覧車に乗りたかったわけでも
なかったんやから。",,untranslated,
DATA5.BIN#1778913,DATA5.BIN,1778913,对话,"あいつとワイワイワールドの大観覧車に
乗ったんや。
でもなんか観覧車ってファミリー向けと
言うか何と言うか、イマイチ刺激が足りない
気がするんや。
うちがそう言ったら、あいつ、
『じゃあ次乗ったとき揺らしてみようか？』やって。
そんなことしたらスリルどころやないで？
悪ふざけも度が過ぎると
シャレにならへんからなぁ。",,untranslated,
DATA5.BIN#1779236,DATA5.BIN,1779236,对话,"とワイワイワールドの
大観覧車に乗った時、もしこのまんまゴンドラが
止まって宙吊りになってしもたら
どうしよ？…って頭に浮かんだ。
で、あいつに聞いてみたら、
『ということは、二人きりってわけだね』
…やって。
やれやれ、アブナイなぁ。
なんか目つきも怪しかったし…。
男の子と乗る時にはヘンな空気にならへんように
気ぃつけへんとな。",,untranslated,
DATA5.BIN#1779569,DATA5.BIN,1779569,对话,"あいつとワイワイワールドの
ジェットコースター乗ったんやけど、
やっぱりあそこのはサイコーやね♪
あいつも『並んだ甲斐があったね』って
喜んでるみたいやった。
あ～、また乗りたいな。
今度はいつ行こかな？",,untranslated,
DATA5.BIN#1779781,DATA5.BIN,1779781,对话,"とワイワイワールドの
ジェットコースター乗ったんや。
うちは、あそこのコースター、迫力満点で
大好きなんやけど、あいつはそうでも
なかったんかな？
途中から目つぶってたみたいで、
うちがループのとこの話したら
わかってへんかったみたいやもん。
…ま、でも、それでもちゃんと付き合うて
くれるんのがあいつのええとこやね",,untranslated,
DATA5.BIN#1780103,DATA5.BIN,1780103,对话,"とワイワイワールドの
ジェットコースター乗ったんやけど、
たまたま後ろに乗った女の子が、
キャーキャーうるさくて参ったわ。
でもあいつ、
『まあ怖がりってのも、かわいいじゃない』
なんて言うんやで？
そんなん言われたら、まるでうちが
カワいくないみたいやんか…。
慌てて怖がってる振りしてみたけど、
あまりにもわざとらしすぎたみたいや。
そんなんやったら、今度は最初からキャーキャー
叫んでみようかな？",,untranslated,
DATA5.BIN#1780507,DATA5.BIN,1780507,对话,"とワイワイワールドの
メルヘンワールドに行ったんやけど
なんや古くさいアトラクションやったなぁ。
中の人形とかも、子供だましと言うか
何と言うか…。
あいつ『子供だってだまされないかも…』
やって。
あはは…なかなかうまいこと言うわ。",,untranslated,
DATA5.BIN#1780748,DATA5.BIN,1780748,对话,"とワイワイワールドの
メルヘンワールドに行ったんやけど、
やっぱりあれ、歩くだけってのが退屈やわ。
あいつも『もっと凝った仕掛けとかほしい』
って言うてたわ。
よかった、うちと同じ意見の人がいて。",,untranslated,
DATA5.BIN#1780953,DATA5.BIN,1780953,对话,"とワイワイワールドに遊びに
行ったんやけど……ゴーストハウスに
入ることになってしもて参ったわ。
うち、あんまり人には言うてへんけど、
ホンマはあーいうのめっちゃ苦手なんや～～",,untranslated,
DATA5.BIN#1781126,DATA5.BIN,1781126,对话,"C
あいつ『お、俺、ちょっと怖いかも…』
とか言うてビビってたから、
気づかれてないと思うけど…大丈夫やろか？
今更こんなん恥ずかしくて、言えへんもんなぁ…",,untranslated,
DATA5.BIN#1781286,DATA5.BIN,1781286,对话,あ～あ、恥ずかしかったわ～～。,,untranslated,
DATA5.BIN#1781322,DATA5.BIN,1781322,对话,"とワイワイワールドの
ゴーストハウスに行ったんが
失敗やったわ…
なんか手に触ってる！…って思ったら、
うち、怖くて思わずあいつの手、
自分から握ってただけやった。
あいつ…やっぱりヘンに思ったかな？
うちがオバケ苦手なんバレてしもたかなぁ？
あ～～あ、ホンマ、参ったなぁ…
…でも、あいつの手握ってたら、
なんか不思議と安心できた気がするわ。
何でやろ？",,untranslated,
DATA5.BIN#1781676,DATA5.BIN,1781676,对话,"あいつとワイワイワールドに
遊びに行った…のは良かったんやけど、
いきなり『シツレンジャーショウ』とか言う
ヒーローショウに連れていくんやもん、
参ったわ。
意表をついたギャグなんかもしれないけど、
ちょっとなぁ…
あいつも途中で恥ずかしくなったみたいで、
二人して途中で抜け出してしもた。
やっぱあれはお子様が観るもんなんやね。",,untranslated,
DATA5.BIN#1782011,DATA5.BIN,1782011,对话,"とワイワイワールドに
遊びに行った時『ファンシーチャイム』とか言う
アニメのショーやってたんや。
エライ子供だましのもんやったけど、
うちもあんなん喜んで見てた頃が
あったんやなーとか思い出してた。
あいつは『付き合う両親も大変だね』なんて
えらい冷めたこと言うてたけど、
あいつ、子供とかに甘そうだから、
実は自分も振り回されるタイプなんとちゃうかな？",,untranslated,
DATA5.BIN#1782370,DATA5.BIN,1782370,对话,"とワイワイワールドで、
ナイトパレードを観た。
あいつが早めにいい場所取っとこうぜって
言って穴場のポイント教えてくれたから、
めっちゃいいポジションで観れたんや。
も～～、サイコーっ",,untranslated,
DATA5.BIN#1782550,DATA5.BIN,1782550,对话,"D
あんな近くで観られることなんて
めったにあらへんもん。
ホンマ、あいつには感謝せんとあかんな",,untranslated,
DATA5.BIN#1782657,DATA5.BIN,1782657,对话,"とワイワイワールドで、
ナイトパレードを観てたら、
なんか夢ん中にいるみたいな気分になって、
ずーっとこのままでいたい、なんて思ってしもた。
あいつもうちと同じ気持ちやったみたい。
『ずっと二人で見ていたいね』やって。
こんなロマンチックなん、うちには似合わんかも
しれひんけど…ま、たまにはええよな",,untranslated,
DATA5.BIN#1782965,DATA5.BIN,1782965,对话,"とワイワイワールドで、
ナイトパレードを観てた時、
これで今日も終わりなんやなーって思ったら、
なんや急に、寂しくなってきてしもた。
ほら、お祭りの後みたいな、あんなカンジ。
そしたらあいつ、
『だったら、また一緒に来ようよ』やって。
うん、そやな、また来たらええんやもんな。
あいつの言葉がなんか
すっごくうれしかったわ",,untranslated,
DATA5.BIN#1783293,DATA5.BIN,1783293,对话,"と光ヶ浜に潮干狩りに
行ったんやけど、めっちゃいっぱい
アサリ捕ってる親子がいてウケたわ。
あいつ『よっぽどアサリが好きなんだねぇ』
…やって。
あはは…あの親子もヘンやけど、
あいつも相当ヘンなセンスしてるなぁ。
…ま、おもろいからええけど。",,untranslated,
DATA5.BIN#1783544,DATA5.BIN,1783544,对话,"と光ヶ浜に潮干狩りに
行ったんやけど、けっこう混んでて
ビックリしたわ。
なんでみんなアサリ捕るだけのイベントに
あんなに一生懸命なんやろ？
あいつは、
『季節の風物詩だからね…雰囲気を楽しむのさ』
なんて言うてたけど、イマイチ納得できひんわ。
うちはやっぱり海って言うたら泳ぎたいなぁ。
早く夏になってくれへんかな…。",,untranslated,
DATA5.BIN#1783864,DATA5.BIN,1783864,对话,"あいつと光ヶ浜に潮干狩りに
行ったんやけど、子供たちがカニ捕ってるの
見てたら、うちも真似したくなってきた。
あいつも、アサリだけ捕ってるのに
飽きてたみたい。
二人してカニ捕りで盛り上がってしもたわ。
やっぱりフツーに潮干狩りだけするのって、
ちょっとジミやもんな。",,untranslated,
DATA5.BIN#1784139,DATA5.BIN,1784139,对话,"と光ヶ浜に海水浴に行った。
やっぱり夏の海はサイコーやね♪
思いっきり遊んだらお腹すいてしもて、
海の家から流れてくるヤキソバの香りに
なんとも食欲を刺激されて困ったわ。
あいつも言うてたけど、海の家のメニューって
何でか知らんけど、不思議とおいしく感じるんや。
安っぽいもんばっかりなのになぁ…何でやろ？",,untranslated,
DATA5.BIN#1784452,DATA5.BIN,1784452,对话,"と光ヶ浜に海水浴に行った。
やっぱりシーズンやからか
人がいっぱいやったけど、
あいつにはそんなこと関係ないみたい。
『大丈夫、海はこんなに広いんだから』やって。
二人で沖まで競争したりして、ホンマ楽しかった。",,untranslated,
DATA5.BIN#1784671,DATA5.BIN,1784671,对话,"と光ヶ浜に海水浴に行ったんやけど、
途中からあいつの姿が見えなくなって、
はぐれたんかな？…ってちょっと焦った。
そしたら、あいつ、うちのためにジュース
買いに行ってただけやった。
ただそれだけのことやったのに、
あいつがいてへんと思っただけで、
あんなに不安になってしまうなんて…
うち、ちょっとおかしいんかな？",,untranslated,
DATA5.BIN#1784991,DATA5.BIN,1784991,对话,"と光ヶ浜に海水浴に行ったあと、
浜辺を二人だけで散歩した。
昼間の騒ぎがウソみたいに静かで、
夕焼けがめっちゃキレイで…
なんか夢みたいなシチュエーションやった。
あいつも『映画のワンシーンみたいだね』やって。
うち、照れくさくて、冗談でごまかしたけど、
ホンマはうちも、あいつと同じ気持ちやったわ。",,untranslated,
DATA5.BIN#1785298,DATA5.BIN,1785298,对话,"と光ヶ浜に海水浴に行ったあと、
浜辺を二人だけで散歩した。
昼間はそんなん気づかへんかったけど、
あそこってキレイな貝がいっぱい
落ちてるんやな。
あいつが『記念に持って帰りたい』って
言うから、うち、一生懸命探したんや。
二人で同じような貝を持って帰れるようにな。
だって…こんな楽しい日の思い出、
なんかちょっとでも形にしておきたかったんやもん。",,untranslated,
DATA5.BIN#1785653,DATA5.BIN,1785653,对话,"と光ヶ浜に海水浴に行ったあと、
浜辺を二人だけで散歩した。
楽しい時はいつもあっと言う間やなって言ったら、
あいつ『俺と一緒でそんなに楽しかった？』
…やって。
『もちろん！』って言いたかったけど、
なんか恥ずかしくて言えなかった。
ごめんな、",,untranslated,
DATA5.BIN#1785895,DATA5.BIN,1785895,对话,"。
うち、あんたと一緒でホンマに楽しかったで？",,untranslated,
DATA5.BIN#1785954,DATA5.BIN,1785954,对话,"と光ヶ浜の漁港に行ったんや。
釣り人がいっぱいいたなぁ。
そんなに楽しいもんが釣れるんかなーって
あいつに聞いてみたけど、
メジナとかイサキとか、ハゼとか
聞いたことない魚の名前ばっかり言われて…。
ちっともおもろくなかったわ。
うちはやっぱり、海は泳ぎにきた方がええな。
あいつも、そーゆーとこ、わかってくれたらなぁ…。",,untranslated,
DATA5.BIN#1786282,DATA5.BIN,1786282,对话,"と光ヶ浜の漁港に
行ったんやけど…あそこは釣り客ばっかりで
何にも見るものがないねんな。
釣りってそんなに楽しいんやろか？
あいつは『やっぱり男のロマンだよね』
って言うてたけど、
うちはやっぱり、海は泳ぎにきた方がええわ。
あいつも、そーゆーとこ、わかってくれたらなぁ…。",,untranslated,
DATA5.BIN#1786563,DATA5.BIN,1786563,对话,"と光ヶ浜に行って、港の方を
散歩して来たんやけど…うち、やっぱり
釣りって好きにはなれそうもないなぁ。
釣りしてる人見てても、ただひたすら
じーっと待ってるだけで何が楽しいのか
さっぱりわからへんねん。
うちが退屈してたら、
あいつ『そんなに釣れるもんじゃないでしょ』
やって。
せめて釣れてる所だけでも見られれば
気が紛れたんやけどなぁ…。
うち、ただ待ってるだけってホンマに
苦手やねん。",,untranslated,
DATA5.BIN#1786952,DATA5.BIN,1786952,对话,"あいつと海を見に行ったんやけど、
やっぱりあそこは寒い時期に行くとこやないわ。
何もないし、寂しいし、ええとこなしや。
あいつ『この荒波を見て心が揺さぶられない？』
とか言うてたけど、
うち、そーゆー趣味ないしなぁ。
ちょっとついていかれへんカンジやで。",,untranslated,
DATA5.BIN#1787214,DATA5.BIN,1787214,对话,"と海を見に行ったんやけど、
あいつ、なんであんなとこにうち誘ったんやろ？
何もないし、寂しいし、ええとこなしや。
『…二人きりになりたかったんだ』とか
あいつは言うてたけど、
それやったらわざわざ電車に乗って、
あんなとこまで行かへんでもええと思うなぁ。",,untranslated,
DATA5.BIN#1787476,DATA5.BIN,1787476,对话,"と牧場に遊びに行ったんや。
あんまりええ景色で、写真撮りたくなったんやけど、
うちら、カメラ持ってってなかったんや。
あの辺、売店もないしなぁ…
あいつ、うちと２ショット撮りたかったって、
残念がってた。
そう言われると、悪い気はせんな",,untranslated,
DATA5.BIN#1787707,DATA5.BIN,1787707,对话,"D
それにしてもあいつ、誰にシャッター押して
もらうつもりやったんやろ？",,untranslated,
DATA5.BIN#1787790,DATA5.BIN,1787790,对话,"と山の湖に遊びに行ったんや。
ちょっと行くのが面倒やけど、
あそこは景色もいいし、涼しくて気持ちええわ。
天然のクーラーってヤツやな。
二人でボートに乗ったんやけど、
あいつが『二人で並んで漕ごう』なんて言うから、
ヘンに意識してしもたわ。
そーいえばボートに乗ってたのって、カップル
ばっかりだったような…
でも、ま、悪い気はせんかったかな",,untranslated,
DATA5.BIN#1788138,DATA5.BIN,1788138,对话,"と山の湖に遊びに行った。
あそこって水がめっちゃキレイで、
ホンマ、底まで見えそうなくらい透き通ってるんや。
うちが感心してたら、あいつ、
『まるで俺のピュアな心のようだね』やって。
面白いボケやと思って大笑いしてしもたんやけど、
まさかあいつ、本気やったんとちゃうやろな？",,untranslated,
DATA5.BIN#1788420,DATA5.BIN,1788420,对话,"と一緒に紅葉を見に行ったんや。
景色がキレイなんはええんやけど、
やたら歩きまわるのがちょっとたまらんな。
あいつが言うには
『町内会とかの旅行でよく来るよ』
ってことらしいけど、それって高校生向き
じゃないってことなんやないの？
うちがそう言ったら、あいつ、
慌ててごまかしてたわ。
さては図星やったんやな。",,untranslated,
DATA5.BIN#1788735,DATA5.BIN,1788735,对话,"と一緒に紅葉を見に行ったんや。
紅葉ってのも不思議なもんやな。
ついこないだ緑がキレイやなって
思ってたのに、あっと言う間に
こんなに様変わりしてしまうんやから。
あいつ『もうしばらくすると、今度は銀世界だよ』
って言うてたな。
そうそう、今度は一緒に
スキーに来るのもええかもな。",,untranslated,
DATA5.BIN#1789023,DATA5.BIN,1789023,对话,"とスキーに行った。
そしたらあいつ、途中で思いっきりコケてしもた。
あんまり派手なコケ方やったから、
ちょっと心配してみたんやけど、
ウケ狙っただけやって。
…もう、うちの前であんまり
ムリせんでもええのに。
ま、でも今回は男の子のメンツを立てて、
だまされておいてあげよっかな。",,untranslated,
DATA5.BIN#1789309,DATA5.BIN,1789309,对话,"とスキーに行った時、
あいつって、スキーとスノボー、
どっちが好きなんかなって気になったから、
ちょっと聞いてみた。
そしたらやっぱり、どっちかって言うと
スノボー好きなんやって。
よかった、うちと同じで。
いつもムリにつき合わせてるんやったら、
なんか悪いもんな。",,untranslated,
DATA5.BIN#1789581,DATA5.BIN,1789581,对话,"と白雪スキー場に行った。
あいつってば、うちのカッコ見たら、
真っ先に『よく似合ってるよ』
ってウェア褒めてくれたわ。
へへへ…やっぱりあいつ、わかってるな。
あーいうさり気ない褒め方がいっちばん
うれしいもんなんや",,untranslated,
DATA5.BIN#1789806,DATA5.BIN,1789806,对话,"とゲームショウっての見に行った。
しかし、とにかくやかましいイベントやったわ。
コンサートなんかと違って、あっちこっちで
いろんな音出してるから、なんかもう、
ワケわかんなくなってしまうわ。
あいつは『これがゲームショウの醍醐味だよ』
とか言うてたけど、ちょっとうちには
ついていけそうもないわ。",,untranslated,
DATA5.BIN#1790109,DATA5.BIN,1790109,对话,"とゲームショウっての見に行った。
なんか人がいっぱいで暑くって、
オマケに何やってるのかサッパリわからへんし…
うち、いい加減やんなってたら、
あいつとはぐれそうになったんや。
そしたらあいつ、
『手をつなげば、見失うこともないよ』
やって。
へへへ…ちょっと照れくさいけど、
なんやうれしいような気もしたわ、ヘンやね。",,untranslated,
DATA5.BIN#1790429,DATA5.BIN,1790429,对话,"あいつが同人誌の即売会っていうのに
連れてってくれたんやけど、
うち、あーいうとこの雰囲気、ホンマにダメやわ。
なんかこう、一見さんお断りみたいなカンジ
なんやもん。
オマケにあいつってば、コスプレしてる女の子
ばっかり気にしてて、
『セクシーな女の子もいたなあ』
なんて鼻の下伸ばしてるんやもん。
ホンマ、今回だけはマジで幻滅やったわ！",,untranslated,
DATA5.BIN#1790767,DATA5.BIN,1790767,对话,"ワールドエキシビジョンセンターで、
未来都市ショウってのやってたから、",,untranslated,
DATA5.BIN#1790842,DATA5.BIN,1790842,对话,"と二人で見に行ったんや。
最初はちょっと子供向けのイベントかなって、
思ったけど、やっぱり話題になるだけあって、
けっこう面白かったわ。
体験広場で一緒に遊んだロボットがめっちゃ
ラヴリーやったな。
あいつも今日は一日、うちの行きたいとこに
文句一つ言わずつきおうてくれたわ。
ありがとな、",,untranslated,
DATA5.BIN#1791144,DATA5.BIN,1791144,对话,"と一緒に動物園に
遊びに行ったんや。
うちが動物園なんて子供の時以来やな
って言うたら、あいつ、えらい気ぃ使って、
『ごめん、つまらなかった？』やって。
そんな意味で言うたんやないのに、
なんや悪いことしたなぁ。
でも、ま、悪い気はせんけどな♪",,untranslated,
DATA5.BIN#1791390,DATA5.BIN,1791390,对话,"あいつと一緒に動物園に
遊びに行ったんや。
天気があんまり良くなかったんで、
こんな日に動物園行っても楽しいんかな？
って思ってたけど、意外と楽しかった。
なんかうちらの貸切みたいやったもん。
あいつも、
『その分じっくり見られるじゃない』
って楽しそうやった。
ホンマ、言われてみると、動物たちもいつもとは
違った顔してるみたいやった。
なんかちょっと得した気分♪",,untranslated,
DATA5.BIN#1791754,DATA5.BIN,1791754,对话,"今日はちょっと失敗だったなぁ…
あいつと一緒に動物園に
遊びに行ったんやけど、
イヌねこランドってのがあったんで、
ちょっとのぞいてみたんや。
そしたらまた、猫アレルギーが
出てしもて、鼻がグズグズになってしもた。
ちょっとだけなら大丈夫かなーって
思ったんやけどなぁ…
あ～あ、かわいい猫とか見たかったなぁ。",,untranslated,
DATA5.BIN#1792064,DATA5.BIN,1792064,对话,"今日からうちも女子高生！
あんだけいっぱい勉強して、
やっと高校に入れたんやもん、
今日からもう思いっきり遊ばんとな",,untranslated,
DATA5.BIN#1792178,DATA5.BIN,1792178,对话,"D
それにしても、もえぎの高校って、
やっぱええとこやな。
うち、この学校好きになれそうや。
学校裏の坂んとこに咲いてた桜、
めっちゃキレイやったしなぁ…
…そうそう、そう言えば今日、
ヘンなヤツに会うたわ。",,untranslated,
DATA5.BIN#1792384,DATA5.BIN,1792384,对话,"とか言うたかな？
うちと坂んとこで会うたって言うてたけど、
何でそれだけで名前聞きにきたりするんやろ？",,untranslated,
DATA5.BIN#1792493,DATA5.BIN,1792493,对话,"あ～あ、参ったなぁ…
合宿の料理当番になったから、
張り切って創作料理にトライしたんやで？
なのに、みんなお腹こわしてしまうなんてなぁ…
もぉ…イヤミな連中やで、ホンマ。
…うち、やっぱフツーの料理は向いてないんかな？
なんか独創性がありすぎるみたい。
そんなことないと思うんやけど…",,untranslated,
DATA5.BIN#1792779,DATA5.BIN,1792779,对话,"修学旅行で北海道の牧場に行った。
やっぱりあーいうとこって広々してるし、
キレイやし、気持ちがええわ。
体験乗馬ができるって聞いたから、
うち、",,untranslated,
DATA5.BIN#1792924,DATA5.BIN,1792924,对话,"誘ってトライしたんや。
あいつも『面白そうだな、やってみよう』
って、ノリノリやった。
うちらってこーいうとこフィーリング
合うんやな。",,untranslated,
DATA5.BIN#1793065,DATA5.BIN,1793065,对话,"修学旅行で原宿の街に行ったんや。
学校の行事でこーいうとこ来れる
なんて、なんかトクした気分やな",,untranslated,
DATA5.BIN#1793167,DATA5.BIN,1793167,对话,"誘って一緒にまわったんやけど、
あいつ、うちの行きたいところに付き合うって
言うてくれたから、
うちうれしくなって、つい甘えてしもた。
一日中付き合ってくれてありがとな。",,untranslated,
DATA5.BIN#1793342,DATA5.BIN,1793342,对话,"修学旅行で奈良に行ったんや。
奈良とくれば、やっぱり鹿とシカせんべい！
うちもさっそく買うてみたんやけど、
ずーずーしい鹿にすぐ取られてしもたんや。
そしたら",,untranslated,
DATA5.BIN#1793501,DATA5.BIN,1793501,对话,"が、自分の分、
うちに分けてくれたんや。
あいつって、そーいうとこ、
すっごく気ぃ使ってくれるんや",,untranslated,
DATA5.BIN#1793606,DATA5.BIN,1793606,菜单,修学旅行の最後の夜、,,untranslated,
DATA5.BIN#1793632,DATA5.BIN,1793632,对话,"と一緒にホテルを抜け出して、
二人だけで夜景を見に行った。
あいつとはいつも一緒におるはずやのに、
なんかうち、妙にドキドキしてしもたわ。
夜景があんまりキレイやったからかな？
それとも…あいつが一緒やったから？
でも…またいつか、
あの夜景、二人で見に行きたいな。",,untranslated,
DATA5.BIN#1793905,DATA5.BIN,1793905,对话,"と神社に縁日見に行ったんや。
そしたらゆっこと鉢合わせしてしもて…
おかしなもんやな、それまで別に
意識してなかったのに、
何や急に照れくさくなってしもた。
ゆっこ、ヘンな顔してたなぁ、
きっと誤解されてしもたわ。
…でも、ま、悪い気はせんかな？",,untranslated,
DATA5.BIN#1794158,DATA5.BIN,1794158,对话,"と神社に縁日見に行ったんや。
そしたら理佳と鉢合わせしてしもて…
おかしなもんやな、それまで別に
意識してなかったのに、
何や急に照れくさくなってしもた。
理佳、ヘンな顔してたなぁ、
きっと誤解されてしもたわ。
…でも、ま、悪い気はせんかな？",,untranslated,
DATA5.BIN#1794407,DATA5.BIN,1794407,对话,"と神社に縁日見に行ったんや。
そしたらゆっこと鉢合わせしてしもて…
ゆっこ、ヘンな顔してたなぁ…
もしかしてデートとか思われたんかな？
参ったなぁ、困るわ、それ。
ちょっと一緒に遊んでただけやのに…",,untranslated,
DATA5.BIN#1794614,DATA5.BIN,1794614,对话,"と神社に縁日見に行ったんや。
そしたら理佳と鉢合わせしてしもて…
理佳、ヘンな顔してたなぁ…
もしかしてデートとか思われたんかな？
参ったなぁ、困るわ、それ。
ちょっと一緒に遊んでただけやのに…",,untranslated,
DATA5.BIN#1794817,DATA5.BIN,1794817,对话,"と丘の上公園に花火見に行ったんや。
そしたらゆっこと鉢合わせしてしもて…
おかしなもんやな、それまで別に
意識してなかったのに、
何や急に照れくさくなってしもた。
ゆっこ、ヘンな顔してたなぁ、
きっと誤解されてしもたわ。
…でも、ま、悪い気はせんかな？",,untranslated,
DATA5.BIN#1795076,DATA5.BIN,1795076,对话,"と丘の上公園に花火見に行ったんや。
そしたら理佳と鉢合わせしてしもて…
おかしなもんやな、それまで別に
意識してなかったのに、
何や急に照れくさくなってしもた。
理佳、ヘンな顔してたなぁ、
きっと誤解されてしもたわ。
…でも、ま、悪い気はせんかな？",,untranslated,
DATA5.BIN#1795331,DATA5.BIN,1795331,对话,"と丘の上公園に花火見に行ったんや。
そしたらゆっこと鉢合わせしてしもて…
ゆっこ、ヘンな顔してたなぁ…
もしかしてデートとか思われたんかな？
参ったなぁ、困るわ、それ。
ちょっと一緒に遊んでただけやのに…",,untranslated,
DATA5.BIN#1795544,DATA5.BIN,1795544,对话,"と丘の上公園に花火見に行ったんや。
そしたら理佳と鉢合わせしてしもて…
理佳、ヘンな顔してたなぁ…
もしかしてデートとか思われたんかな？
参ったなぁ、困るわ、それ。
ちょっと一緒に遊んでただけやのに…",,untranslated,
DATA5.BIN#1795748,DATA5.BIN,1795748,对话,まったく不愉快なクリスマスやったわ！,,untranslated,
DATA5.BIN#1795790,DATA5.BIN,1795790,对话,"…とか言うたっけ？
あいつ、うちがパーティーで目つけてたケーキ、
横からサッって持ってってしまうんやもん",,untranslated,
DATA5.BIN#1795893,DATA5.BIN,1795893,对话,"A
どうせあいつ、あのケーキの価値なんて
全然わかってへんのやろなぁ…
うちが文句言うてもきょとんとしてたもん。
オマケにうちと半分こしよなんて…
ホンマおかしなヤツやで。
ゆっこがあんなんと知り合いなんて、
ちょっと意外やったなぁ…
悪いヤツやないってゆっこは言うてたけど、
ホンマかなぁ？…信じられへんわ。",,untranslated,
DATA5.BIN#1796202,DATA5.BIN,1796202,对话,"今夜は毎年恒例のクリスマスパーティーやった。
さすがに年に一回の大イベントだけあって、
会場はえらい混雑やった。",,untranslated,
DATA5.BIN#1796318,DATA5.BIN,1796318,对话,"のこと、あちこち探してて、
やっと見つけたと思ったのに、
あーいう状況じゃゆっくり話もできひんかったわ。
パーティーとか、プレゼント交換とか、
みんなでワイワイやるの、うち大好きやけど、
今度いっぺん、あいつと二人だけで
クリスマス…ってのもええかもな。",,untranslated,
DATA5.BIN#1796575,DATA5.BIN,1796575,对话,"今日は楽しいクリスマスっ♪
いや～やっぱりクリスマスってええな",,untranslated,
DATA5.BIN#1796637,DATA5.BIN,1796637,对话,"D
みんなして気合の入ったオシャレして、
パーティーでおいしいもん食べて、
プレゼント交換したりして…
こんなにみんなでテンション上げて
騒げる日ってそんなにないもんな。
そういや、",,untranslated,
DATA5.BIN#1796817,DATA5.BIN,1796817,对话,"にも会うたな。
いろんな友達と話してたから、
何を話したかはよう覚えてへんけど。
とにかく、楽しいパーティーやった。",,untranslated,
DATA5.BIN#1796962,DATA5.BIN,1796962,对话,"と二人で、
市民公園にイルミネーション見に行ったんや。
雑誌かなんかでこのイベント知った時、
あいつとやったら…そーいうクリスマスも
ええかなって、何となく思ったんや。
寒い中場所取りしてずっと待ってるなんて
あんまりうちらしくなかったけど、
あいつ、びっくりするやろなって思たら
なんかワクワクして仕方なかったな。
イルミネーションは夢みたいにキレイやった。
うちもあいつも、カンドーしてしもて、
なんかこう…会話が途切れてしもた。
しかも、あんな時に雪まで降ってくるんやもん、
まるでドラマみたいやったわ。
別れ際にうちが変な態度さえとらへんかったら
最高のイブやったのに…。
言おうとしてたこと、どうしても言えへんで
思わずゴマカしてしもたんや。
変なヤツやと思われたやろな…。",,untranslated,
DATA5.BIN#1797648,DATA5.BIN,1797648,对话,"と一緒に初詣に行った。
ちょうど晴れ着を着せてもろたから、
あいつをビックリさせたろって思うて、
そのまま行ったんや。
ホントは初詣より、晴れ着見せる方が
メインやったかもしれんな、あはは…
お参りしておみくじ引いて、
ただそれだけやったけど、
新年の初めからあいつに会えてよかったわ。
今年はきっとええ年になるで。",,untranslated,
DATA5.BIN#1797975,DATA5.BIN,1797975,对话,"から初詣に誘われた。
ちょうど晴れ着を着せてもろた
とこやったんで、
あいつをビックリさせたろって思うて、
そのまま出かけることにした。
ホントは初詣より、晴れ着見せる方が
メインやったかもしれんな。",,untranslated,
DATA5.BIN#1798178,DATA5.BIN,1798178,菜单,今年のバレンタイン、,,untranslated,
DATA5.BIN#1798203,DATA5.BIN,1798203,对话,"には
他の男の子とはちょっと違うチョコあげたんや。
あれを買うの、けっこう苦労したんやで。
…あいつ、なんか戸惑ってたみたいやけど、
どう思ったんかな？　うちのチョコ。",,untranslated,
DATA5.BIN#1798376,DATA5.BIN,1798376,菜单,しっかし面白かったなぁ、,,untranslated,
DATA5.BIN#1798406,DATA5.BIN,1798406,对话,"にバレンタインチョコやって、
カラシとワサビ入りのヤツ上げたら、
思いっきり引っかかってたわ。
バレンタインやからって、フツーに
義理チョコやったらつまらへんもんな。
ホワイトデーの時はリベンジされんように
気をつけんとあかんな。",,untranslated,
DATA5.BIN#1798639,DATA5.BIN,1798639,对话,"今年のバレンタイン、みんなにプライズで
取った一口チョコあげたんや。",,untranslated,
DATA5.BIN#1798712,DATA5.BIN,1798712,对话,"とか、みんなちょっと
面食らった顔してたなぁ…
でも、しゃーないやん。
みんなにチョコ買うてたら、
えらい金額になってしまうもんなぁ…
…あ、でもホワイトデーのこと考えたら、
もう少し気合入れた方がよかったんかな？",,untranslated,
DATA5.BIN#1798929,DATA5.BIN,1798929,对话,"今日はちょっと疲れてしもたわ…
ホワイトデーのお返し、いつくれるん？　って
ずっと",,untranslated,
DATA5.BIN#1799014,DATA5.BIN,1799014,对话,"の方ばっかり
気にしてたんや。
他の子やったら平気で催促できるんやけど、
あいつにはなぜかなかなか言えへんで、
なんか緊張してギクシャクしてしもたわ。
だから、あいつが持ってきてくれて
ホンマ、ほっとしたわ。
でも、これって義理のお返しなんかな？
…それとも、特別な意味があるんかな？",,untranslated,
DATA5.BIN#1799304,DATA5.BIN,1799304,对话,"、うちからの誕生日プレゼント、
包みも開けんうちからえらい感動してたなぁ…
ホンマ、いろいろ悩んだ甲斐があったわ",,untranslated,
DATA5.BIN#1799415,DATA5.BIN,1799415,对话,"D
これでもけっこういろいろ気ぃ使うたんやで？
あんまり高いもんやと気使うやろし、
どうせなら気に入ってもらえるもんがええけど、
あいつが持ってるもんやったらつまらんし…
なんかついついいろいろ考えてしまうんや。
…ま、喜んでる顔見れたから、ええか",,untranslated,
DATA5.BIN#1799666,DATA5.BIN,1799666,对话,"今日はあいつの誕生日やったんや。
うちがプレゼントあげたら、
あいつ、けっこう喜んでたみたいや。
付き合いが長いと、あいつの好みとか
いろいろわかってくるし、
こんなん好きかなー、とか、
いろいろ考えるのわりとうちも楽しいからな。
あの感激ぶりやと、うちの誕生日も
期待できるかな？…なーんちゃって。",,untranslated,
DATA5.BIN#1799967,DATA5.BIN,1799967,对话,今日はうちのハッピーバースデイ,,untranslated,
DATA5.BIN#1799998,DATA5.BIN,1799998,对话,"D
みんなからいーっぱい、プレゼントもらったんや。
ホンマ、ハッピーな一日やったな。
特に嬉しかったんは、",,untranslated,
DATA5.BIN#1800105,DATA5.BIN,1800105,对话,"からの
プレゼントやったなぁ…。
あーいうプレゼントもらうと、この人、
うちのことわかってくれてるんやなーって、
カンジがして、ちょっと感動してしまうわ。",,untranslated,
DATA5.BIN#1800295,DATA5.BIN,1800295,对话,"D
みんなからいーっぱい、プレゼントもろてしもた。
ホンマ、ハッピーな一日やったな。
そうそう、",,untranslated,
DATA5.BIN#1800392,DATA5.BIN,1800392,对话,"からもプレゼント
もらったんやっけ。
あいつ、うちの好みとかいろいろ考えて
くれたんやろな…何となく想像つくわ。
ま、悪い気はせんかったな。",,untranslated,
DATA5.BIN#1800568,DATA5.BIN,1800568,对话,"D
みんなからいーっぱい、プレゼントもろてしもた。
ホンマ、ハッピーな一日やったな。
…ところで、何で",,untranslated,
DATA5.BIN#1800671,DATA5.BIN,1800671,对话,"は
あんなんくれたんやろな？
せっかくプレゼントしてくれるなら、
もうちょっと気ぃ使ってほしかったわ。",,untranslated,
DATA5.BIN#1800779,DATA5.BIN,1800779,对话,"今日はエイプリルフールやったから、
ちょっとマジメな顔して、",,untranslated,
DATA5.BIN#1800843,DATA5.BIN,1800843,对话,"に、
『あんたのこと…好きになってしもてん』
とか言うてみたんや。
すぐウソやってバレるかと思ったら、
あいつ、メチャメチャ真に受けて驚いてたな。
男の子って、あーいうとこわりとウブなんやな。
ま、カワイイもんやね。",,untranslated,
DATA5.BIN#1801062,DATA5.BIN,1801062,对话,今年のエイプリルフール、さすがにもう,,untranslated,
DATA5.BIN#1801104,DATA5.BIN,1801104,对话,"はだませへんかなーって思ったら、
あいつ、今年も去年と同じような告白ネタで
引っかかってたわ。
ホンマに純情なんか、アホなんか…
あんなに真剣な目で見られると、
なんかうちの方までドキドキしてしまうわ。",,untranslated,
DATA5.BIN#1801310,DATA5.BIN,1801310,对话,"いよいよ待ちに待った修学旅行！
観光コースはバッチリ頭の中に入ってるで。
この日のために前からガイドブックとか
買うて研究してきたんやもんな。
そういえば、４日目は自由行動やったかな。",,untranslated,
DATA5.BIN#1801496,DATA5.BIN,1801496,对话,"…誰とまわるんやろ。
まだ決まってへんのやったら、
声かけてみようかな？",,untranslated,
DATA5.BIN#1801575,DATA5.BIN,1801575,对话,"明日でうちも卒業かぁ…。
ホンマ長いようで短いような高校生活やったけど…
なんか思い出すといっつも、そばには
あいつがいたような気がするわ。
そして、気がついたら、
うち、あいつのこと…。
だから、どうしても明日
ハッキリけじめを付けなあかん。
もう、こんな中途半端は嫌やねん。",,untranslated,
DATA5.BIN#1801854,DATA5.BIN,1801854,对话,"あいつ、なかなかやるな。
確か…",,untranslated,
DATA5.BIN#1801890,DATA5.BIN,1801890,对话,"とかいうたっけか？
英語の成績がちょっとええって聞いたから、
試しに英語で話しかけてみたんやけど、
ちゃんと答えてくれるんやもん。
テストの成績が良くっても、
英会話はてんでダメって人が多いけど、
あいつはちょっと違うみたいや。
もしかしてうちと話が合うかもしれんな。
また今度、いきなり話かけてみようかな？",,untranslated,
DATA5.BIN#1802199,DATA5.BIN,1802199,对话,"あいつ、意外とたいしたことないな。
確か…",,untranslated,
DATA5.BIN#1802245,DATA5.BIN,1802245,对话,"とかいうたっけか？
英語の成績がちょっとええって聞いたから、
試しに英語で話しかけてみたんやけど、
全然わかってないみたいやったわ。
それとも、あれ…ギャグやったんかな？
ま、うちみたいな美少女にいきなり話しかけられて、
ビックリしたのかもしれんし、
もういっぺんくらい試してもええかもな。",,untranslated,
DATA5.BIN#1802542,DATA5.BIN,1802542,对话,"、なかなかやるな。
ここんとこ英語の成績がええって聞いたから、
試しに英語で話しかけてみたんやけど、
ちゃんと答えてくれるんやもん。
テストの成績が良くっても、
英会話はてんでダメって人が多いけど、
あいつはちょっと違うみたいや。
もしかしてうちと話が合うかもしれんな。
また今度、いきなり話かけてみようかな？",,untranslated,
DATA5.BIN#1802858,DATA5.BIN,1802858,对话,"、意外とたいしたことないな。
ここんとこ英語の成績がええって聞いたから、
試しに英語で話しかけてみたんやけど、
全然わかってないみたいやったわ。
それともあれ…ギャグやったんかな？
ま、うちみたいな美少女にいきなり話しかけられて、
ビックリしたのかもしれんし、
もういっぺんくらい試してもええかもな。",,untranslated,
DATA5.BIN#1803160,DATA5.BIN,1803160,对话,"あいつ、やっぱりたいしたもんやな。
またちょっと英語で話しかけてみたんやけど、
今度もバッチリ答えてくれたわ。
あーいう表現って、授業でもやってないし、
すぐに答えられる人、あんまりいないと思うわ。",,untranslated,
DATA5.BIN#1803360,DATA5.BIN,1803360,对话,"、か…ますます興味がわいてきたわ。
あ…でも、うち、
まだあいつに名前教えてなかったなぁ…。",,untranslated,
DATA5.BIN#1803459,DATA5.BIN,1803459,对话,"…あいつ、やっぱり見かけ倒しなんかな？
またちょっと英語で話しかけてみたんやけど、
訳のわからんこと言うんやもん。
ちょっと期待してたのに…なんかガッカリやな。
あーいう表現って、授業でもやってへんし、
すぐに答えられる人、あんまりいないと思うけど…
テストの点はええけど、英会話はダメっていう
タイプなんかなぁ？",,untranslated,
DATA5.BIN#1803772,DATA5.BIN,1803772,对话,、か…なんかようわからんヤツやな。,,untranslated,
DATA5.BIN#1803815,DATA5.BIN,1803815,对话,"あいつ、やっぱりたいしたもんやな。
またちょっと英語で話しかけてみたんやけど、
今度もバッチリ答えてくれたわ。
あーいう表現って、授業でもやってないし、
すぐに答えられる人、あんまりいないと思うわ。
うち、ますますあいつに興味がわいてきたわ。",,untranslated,
DATA5.BIN#1804061,DATA5.BIN,1804061,对话,"…あいつ、やっぱり見かけ倒しなんかな？
またちょっと英語で話しかけてみたんやけど、
訳のわからんこと言うんやもん。
ちょっと期待してたのに…なんかガッカリやな。
あーいう表現って、授業でもやってないし、
すぐに答えられる人、あんまりいないと思うけど…
テストの点はええけど、英会話はダメっていう
タイプなんかなぁ？",,untranslated,
DATA5.BIN#1804377,DATA5.BIN,1804377,对话,"今日はちょっとビックリやったわ。
まさかあいつがゆっこの知り合いやったなんて…
こーいう出会いってホンマにあるんやなぁ…
…なーんかドラマみたいやわ。",,untranslated,
DATA5.BIN#1804530,DATA5.BIN,1804530,对话,"、か…
ちょっとおもろそうなヤツやな。
もしかして、うちと気が合うかもな。",,untranslated,
DATA5.BIN#1804611,DATA5.BIN,1804611,对话,"今日はちょっとビックリやったわ。
あんな時間に放送室に来るヤツがいるなんて、
ぜんぜん予想してなかったし、意表つかれたわ。
…しっかしあいつもビックリしたやろな。
うちってぱ、思いっきりオヤツ頬張ってたとこ
やったもん。
あいつ、",,untranslated,
DATA5.BIN#1804840,DATA5.BIN,1804840,对话,"っていうたっけか…
ま、これもなんかの縁やし、
放送部の仲間として面倒みてやろかな？",,untranslated,
DATA5.BIN#1804931,DATA5.BIN,1804931,对话,"しかしホンマにビックリやったわ。
まさかあいつがゆっこの知り合いやったなんて…
こーいう出会いってホンマにあるんやなぁ…
…なーんかドラマみたいな偶然やね。
もしかして、これって…運命の出会いってヤツ？
あはは…なーんちゃって、まさかね。
どうせ運命の出会いやったら、
ＲＹＵさんみたいなカッコいい人がええもんな。",,untranslated,
DATA5.BIN#1805247,DATA5.BIN,1805247,对话,"いや～～…めちゃめちゃあせったわ。
あいつ、うちが留学生募集のポスター見てたら、
いきなり声かけてくるんやもん。
とっさになんとかごまかしたけど…
あいつ…気づかへんかったよな？
こんなん人に知られたら恥ずかしいもんな。",,untranslated,
DATA5.BIN#1805471,DATA5.BIN,1805471,对话,"今日はあいつのおかげで助かったわ。
あんなにたくさんの宿題、
一人やったら絶対終わらへんかったもん。
あいつが手伝うてくれてホンマに助かったわ。
…それにしても、あいつちょっとヘンやったなぁ。
うちの部屋、キョロキョロ見まわしたりして
なんか落ち着かへんかったもんな。
あんまり女の子の部屋に入ったことないから
緊張してたんかな？",,untranslated,
DATA5.BIN#1805802,DATA5.BIN,1805802,对话,"一緒に勉強しよって、電話した後で、
うち、気がついたんや。
そう言えば、あいつの部屋に入るの、
初めてやなって…
あいつの部屋、思ったよりずっとキレイやった。
もしかして、慌てて掃除したんかな？
…それにしても、不思議なもんやな。
うちが英語好きになったきっかけなんて、
今まで誰にも話したことなかったのに…
あいつには、なんか自然に話してしもたわ。
ただ単に、今まで聞かれたことなかったからかも
しれへんけど。",,untranslated,
DATA5.BIN#1806212,DATA5.BIN,1806212,对话,"…あ～あ、失敗したなぁ。
あいつに留学の募集要項見られてしもたわ。
うっかりしてたわ…テーブルの上に
出しっぱなしにしてたなんて…。
あいつが家に来るの久しぶりやったから、
うち、ちょっと浮かれてたんかな？
…でも、なんだかうれしかったな。
あいつ、うちみたいなんが留学したいって言うても、
笑ったりせえへんかったもんな。
あいつと二人だけの秘密っていうのも、
悪くないのかもしれんな。",,untranslated,
DATA5.BIN#1806597,DATA5.BIN,1806597,对话,"学校の帰りにあいつんとこ寄って、
模試の答え合わせした。
今回はけっこう勉強したつもりやったけど、
結果はイマイチってカンジやった。
うち、こんなんで留学できるんかなぁ…って、
ちょっとヘコんでたら、
あいつ…まるで自分のことみたいに、
うちのこと心配してくれたんや。
なんかちょっとうれしかったわ。",,untranslated,
DATA5.BIN#1806898,DATA5.BIN,1806898,对话,"もお…参ったなぁ、ホンマ。
せっかくあいつが初めて電話してくれたのに、
よりによってうちの親が出てしまうなんて…
無理やりごまかしてしもたけど、",,untranslated,
DATA5.BIN#1807045,DATA5.BIN,1807045,对话,"、ヘンに思うたんとちゃうやろか？
あ～、もう！
うちのカッコええイメージが台無しやん",,untranslated,
DATA5.BIN#1807137,DATA5.BIN,1807137,对话,"あっちゃあ…またやられてしもたわ。
どうしてうちの親、あんなに
電話でるの早いんやろ？
オマケにまたあいつからの電話なんやもんなぁ…。
だいたいうちへの電話やってわかったら、
すぐ代わってくれたらええのに、
なんでああ余計なことばっかり話すんやろ？
まったく恥ずかしくてかなわんわ。
…あ～あ、うちは日本一不幸な少女やわ。",,untranslated,
DATA5.BIN#1807460,DATA5.BIN,1807460,对话,"パン屋さんの前で行列してたら、
偶然、あいつが通りかかった。
うちが限定発売のメロンパンのために
ずーっと並んでるって言うたら、
なんやあいつ、えらいビックリしてたわ。
流行りもんにかけるうちの情熱、
ちょっとは理解してくれたかなぁ？",,untranslated,
DATA5.BIN#1807697,DATA5.BIN,1807697,对话,"…うち、ちょっと感動してしもたわ。
あいつ、うちのことずっと探しててくれたんやな。
あんなに雨が降ってたのに、
うちの行きそうなとこ、全部探したんやって…。
あいつ、そのせいで熱出してしもて、
うちのベッドで朝まで寝てた。
…あいつの寝顔、見てたら、
なんだか安心した。
もしみんなと離れて留学することになっても、
うちは一人やないんやって…。
ま、どこまで行けるかわからへんけど、
当たって砕けろでやってみるわ。
…ホンマにありがとな、",,untranslated,
DATA5.BIN#1808139,DATA5.BIN,1808139,对话,"なんだか気持ちが落ち着かへんわ、
…なんでやろ？
留学の話、今回は断るんやって、
自分で決心したはずやのに…
なんでこんな気持ちになるんやろ？",,untranslated,
DATA5.BIN#1808283,DATA5.BIN,1808283,对话,"に引き止めてもらったら、
ちゃんと決心できるかもって思うたけど…
やっぱりあかんわ。
なんかが胸の奥に突っかかってるみたいや。
やっぱりうち…ホンマは留学したいんかな？",,untranslated,
DATA5.BIN#1808456,DATA5.BIN,1808456,对话,"放課後、留学のことで白鳥に相談にのってもらった。
あいつ…うちが悩んでるの気づいてたみたいや。
そしたらそこに、",,untranslated,
DATA5.BIN#1808571,DATA5.BIN,1808571,对话,"が来るんやもん。
うち、ビックリして、あいつの前から逃げてしもた。
気ぃ悪くしてしもたかな？",,untranslated,
DATA5.BIN#1808670,DATA5.BIN,1808670,对话,"放課後、留学のことで矢部に相談にのってもらった。
あいつ…うちが悩んでるの気づいてたみたいや。
そしたらそこに、",,untranslated,
DATA5.BIN#1808884,DATA5.BIN,1808884,对话,"…あいつから遊びに誘われたけど、
うち、断ってしもた。
留守電にメッセージもらっても、
最近は無視してしまうほうが多いんや。
悪いとは思うけど、あいつの顔みると、
どうしても留学のこと考えてしまうからな…
…ごめんな、",,untranslated,
DATA5.BIN#1809101,DATA5.BIN,1809101,对话,"。
もう少ししたら、いつものうちに戻るから、
それまでちょっと待っててや。",,untranslated,
DATA5.BIN#1809182,DATA5.BIN,1809182,对话,"留学の話がいよいよ本決まりになった。
まだ正直、期待と不安が半分ずつって
カンジやけど、あいつの前では、
めっちゃテンション上げて、
大喜びしてみせた。
…だって、あいつの前では、
弱気なうちは見せたくなかったんやもん。",,untranslated,
DATA5.BIN#1809405,DATA5.BIN,1809405,对话,留学の話がいよいよ本決まりになった。,,untranslated,
DATA5.BIN#1809447,DATA5.BIN,1809447,对话,"にも言おうと思てたんやけど、
なんかいろいろと忙しくって
なかなか言えへんな…。
ま、多分、ゆっこ辺りが話してるやろうから、
うちから改まって話する必要もないかな？",,untranslated,
DATA5.BIN#1809616,DATA5.BIN,1809616,对话,"うちの親が海外に転勤することになって、
うちの留学の話、急に現実的になってきた。
確かに留学は昔からの憧れやったけど…
こんな急に言われても、うち困るわ、
どうしたらいいのかわからへん…
せっかくのチャンスやのに、
なんでこんな気持ちになるんやろ？
うちってこんなに優柔不断やったっけ？
職員室の前で、",,untranslated,
DATA5.BIN#1809915,DATA5.BIN,1809915,对话,"と会った時も、
うち、なんかヘンな態度とってしもたわ。
…ごめんな、",,untranslated,
DATA5.BIN#1809986,DATA5.BIN,1809986,对话,"、
今のうち、ちょっと普通やないんや。",,untranslated,
DATA5.BIN#1810032,DATA5.BIN,1810032,对话,"留学の話が出てから、
ゆっこや",,untranslated,
DATA5.BIN#1810066,DATA5.BIN,1810066,对话,"が、
めっちゃ気つかってくれてるの…
うち、ちゃんと気づいてた。
…ごめんな、ホンマは二人に
真っ先に相談したかったんやけど、
どうしても言えなかったんや。
うち…不安で、怖かったんや。
ゆっこや",,untranslated,
DATA5.BIN#1810260,DATA5.BIN,1810260,对话,"と別れて、
一人ぼっちになってしもたら、
どうしよって思ったら…うち…。",,untranslated,
DATA5.BIN#1810339,DATA5.BIN,1810339,对话,"放課後、ゆっこと二人で留学のこと話した。
あのコ、うちの様子がヘンやって、
ずっと心配してくれてたみたいや。
うち、なんだか胸がいっぱいになって、
今まで隠してた不安とか寂しさとか、
うちの気持ち、みんな話してしもたわ。
あのコの前であんなに泣いたのなんて、
いつ以来やったかなぁ？
ちょっと恥ずかしかったけど、
なんかその分すっきりしたわ。
ホンマ、ありがとな…ゆっこ。",,untranslated,
DATA5.BIN#1810710,DATA5.BIN,1810710,对话,"今日は夏らしい太陽がピッカピッカ！
絶好の海水浴日和やったから、
あいつと二人で海に出かけたんや。
今年はちょっと背伸びして、
大胆な水着で迫ってみたんやけど、
あいつってば、目まん丸くして、
うちのナイスバディに見とれてたみたい。
ダイエットしといてよかったわ",,untranslated,
DATA5.BIN#1810966,DATA5.BIN,1810966,对话,"D
こーやって注目されるのって悪くないな。",,untranslated,
DATA5.BIN#1812302,DATA5.BIN,1812302,对话,"と初めて遊びに出かけた。
二人きりで遊びに行くのは
初めてだったので、少し緊張してしまった
けれども、彼といろいろお話できて
とても楽しい時間を過ごすことができた。
なんだか、学校でお会いする彼とは
また違った一面を見たような気がする。
また機会があったら、ぜひご一緒したいな。",,untranslated,
DATA5.BIN#1812587,DATA5.BIN,1812587,对话,"と初めて遊びに出かけた。
二人きりで遊びに行くのは
初めてだったので、少し緊張してしまった
けれども、一日楽しく過ごせてよかった。
また機会があったら、ご一緒したいな。",,untranslated,
DATA5.BIN#1812765,DATA5.BIN,1812765,对话,"と初めて遊びに出かけた。
二人きりで遊びに行くのは
初めてだったので、少し緊張してしまった
けれども、まずまず楽しかった。
また機会があったら、ご一緒してもいいかも
しれない。",,untranslated,
DATA5.BIN#1812950,DATA5.BIN,1812950,对话,"と初めて遊びに出かけた。
二人きりで遊びに行くのは
初めてだったので、少し緊張してしまった。
そのせいか会話も弾まず、あまり楽しむ
ことができなかった。
彼には悪いことをしてしまったかもしれない。",,untranslated,
DATA5.BIN#1813155,DATA5.BIN,1813155,对话,"と初めて遊びに出かけた。
二人きりで遊びに行くのは
初めてだったので、少し緊張してしまった。
そのせいか会話も弾まず、何か気まずいまま
終わってしまった。
彼には悪いことをしてしまったかもしれない。",,untranslated,
DATA5.BIN#1813362,DATA5.BIN,1813362,对话,"と一緒に遊びに行くのも
これで何度目だろう。
最初のうちは緊張していたけれど、
今ではすっかり打ち解けている。
彼と一緒にいると、元気を分けて
もらっているような気がして、
とても幸せな気分になれるから不思議。
時間が経つのも忘れてしまうくらいだ。
いつも素敵な時間をありがとう。",,untranslated,
DATA5.BIN#1813648,DATA5.BIN,1813648,对话,"と一緒に遊びに行くのも
これで何度目だろう。
最初のうちは緊張していたけれど、
今ではすっかり打ち解けている。
彼と過ごす時間は楽しく、時間が経つのも
忘れてしまう。
いつも楽しい時間をありがとう。",,untranslated,
DATA5.BIN#1813854,DATA5.BIN,1813854,对话,"と一緒に遊びに行くのも
これで何度目だろう。
でも、今日は彼の何気ない一言で
悲しい気分になってしまい、そのまま
一日を終えてしまった。
きっと私も悪いのだと思う。反省しなくては。",,untranslated,
DATA5.BIN#1814043,DATA5.BIN,1814043,对话,"と一緒に遊びに行くのも
これで何度目だろう。
でも、今日は彼の何気ない一言で
悲しい気分になってしまい、そのまま
一日を終えてしまった。
こんなことなら行かなければ良かったとも
思ったけれど、きっと私も悪いのだ。
大いに反省しなくては。",,untranslated,
DATA5.BIN#1814292,DATA5.BIN,1814292,对话,"と遊びに行くと
困ることがある。
彼を見ていると、何か顔が火照ってきて
胸の奥が締めつけられるような
切ない気分になってしまって、
言葉が続かなくなってしまうのだ。
こんな私を彼はどんな風に見ているのだろう。
彼の一言一言が妙に気になってしまって、
また顔が火照って来て、そして……
その繰り返しで一日が終わってしまう。
もっといろいろお話しして、楽しく
過ごしたいのに……。
私、いったいどうしてしまったのだろう。",,untranslated,
DATA5.BIN#1814716,DATA5.BIN,1814716,对话,"と遊びに行くと
困ることがある。
彼を見ていると、何か顔が火照ってきて
胸の奥が締めつけられるような
切ない気分になってしまって、
言葉が続かなくなってしまうのだ。
彼から見たら、きっとこんな私は
変に映るに違いない。
だからあんな態度を取りたくもなるのだろう。
もっとしっかりしなくちゃ……。
でも、今度彼と顔を会わせるのがつらい。
いつものように接することができるのかな
……不安だ。",,untranslated,
DATA5.BIN#1815106,DATA5.BIN,1815106,对话,"と河川敷公園を散歩する。
この辺りは私が毎朝走っているコースだ。
そのことを話すと、彼は今度一緒に走らないかと
誘ってくれた。
思いがけない申し出だったけれど、うれしかった。
一人で走るのも立派な修練だけれど、
一緒に走ってくれる仲間がいれば、
より一層励みになるものだから。
これからは朝のランニングもより楽しくなりそうだ。",,untranslated,
DATA5.BIN#1815433,DATA5.BIN,1815433,对话,"あいにくの雨。
でも、こんな日にも楽しみはあるのだと、",,untranslated,
DATA5.BIN#1815492,DATA5.BIN,1815492,对话,"と河川敷公園を歩いていて思った。
例えばアスファルトに雨水が染み込む匂い、
雨に映える木々の萌え立つような緑、
そして様々な音……普段なら気づかないまま
過ごしてしまうような些細なことだけれど、
とても大切なものだと私は思う。
彼はこんな天気のときは、何か懐かしい匂いが
すると言っていたけど、確かにそんな感じもする。
まったく違う境遇で生まれ育った私と彼が、
同じ懐かしさを感じるなんて、何か不思議な気分だ。",,untranslated,
DATA5.BIN#1815902,DATA5.BIN,1815902,对话,"河川敷公園を散歩していると
たくさんのコスモスが咲いていた。
きれいな花は心を和ませて、
幸せな気分にしてくれる。
思わずうれしくなって、一緒にいた",,untranslated,
DATA5.BIN#1816052,DATA5.BIN,1816052,对话,"に教えると、彼はコスモスは
必ず群れて咲いているねと言った。
そういえば、不思議と私も一輪咲きのコスモスは
見たことがないことに気づいた。
彼の意外な視点にちょっと驚いてしまって
きっとコスモスは寂しがりやなのだと答えたけれど、
少し子供じみていたかな。",,untranslated,
DATA5.BIN#1816309,DATA5.BIN,1816309,对话,厳しい寒さの中、蔵では仕込みが続いている。,,untranslated,
DATA5.BIN#1816357,DATA5.BIN,1816357,对话,"と河川敷公園を散歩しているとき、
その話をしたら『機械化すればいいのに』と
素っ気なく言われて、とても悲しかった。
確かに効率を考えて機械を入れれば、父や
杜氏さんたちの負担は減るかもしれないけれど、
うちのような小さな蔵ではそれもなかなか難しい。
それに、酒造りの重要な部分はどうしても
熟練した杜氏さんたちの長年の技術と感覚が
頼りになるのだ。
そのことを彼にもわかってほしいのに……。
でも、きっと彼も悪意があっての言葉じゃない
と思うし、私の方もあんな不機嫌な受け答えを
してしまって大人げなかったかもしれないな。
反省しよう。",,untranslated,
DATA5.BIN#1816889,DATA5.BIN,1816889,对话,"春の天気は変わりやすい。
この間も朝方は快晴だったので、
がんばってお洗濯をしたら、
たちまち黒い雲が出てきて困ってしまった。
そんなことを思い出して、
私がふと明日は晴れるかしら、と
つぶやくと彼は『きっと晴れるよ』と
笑顔で答えてくれた。
その表情を見ていると、例え今日の天気が嵐でも
明日は本当に雲ひとつないお天気になりそうで、
何だかこちらも自然に微笑を返していた。
彼の言葉や笑顔の温かさに触れたような気がした。",,untranslated,
DATA5.BIN#1817309,DATA5.BIN,1817309,对话,"暑かった一日。
でも、河川敷公園の川沿いに吹く風は
一服の涼を運んでくれて、ほっとひと息つく。
私が夏の風ですね、と何気なく口にすると
一緒に歩いていた",,untranslated,
DATA5.BIN#1817462,DATA5.BIN,1817462,对话,"が
『なんだか夏の匂いがする』と答えた。
夏の匂い……そう、確かに夏の匂いだ。
ジリジリと焼けつくようなアスファルトや
夏草の緑、川風……そんな様々ものが
入り混じった、不思議な匂い。
それをさらりと言い当てた彼の鋭い感性に、
改めて感心してしまった。",,untranslated,
DATA5.BIN#1817716,DATA5.BIN,1817716,对话,"読書の秋だからというわけではないけれど、
最近いろいろと本を読むようになった。
特に歴史小説が面白くて、
ついつい夜更かししてでも読み進めてしまう。
そのことを",,untranslated,
DATA5.BIN#1817877,DATA5.BIN,1817877,对话,"にお話したら、
今度貸してくれないかと言われたので、
もちろん快諾する。
どんな本を貸そうかな？
貸した本を気に入ってくれたらうれしいな。",,untranslated,
DATA5.BIN#1818020,DATA5.BIN,1818020,菜单,雪の河川敷公園を,,untranslated,
DATA5.BIN#1818041,DATA5.BIN,1818041,对话,"と歩いていると、
子供たちが雪合戦をしているのを見かけた。
そういえば私も子供の頃、雪が積もった日には
雪合戦をして遊んだものだ。
そのことを彼に話すと、彼は意外だと驚いていた。
私は雪の日は部屋の中でおとなしく過ごす子供だと
思っていたようだ。
私だって、小学生の頃は男の子と一緒に雪合戦を
したり木登りしたりして遊んでいたのだけど……
そんなに意外だったのかしら。",,untranslated,
DATA5.BIN#1818409,DATA5.BIN,1818409,对话,彼の言葉には、時々ドキリとさせられる。,,untranslated,
DATA5.BIN#1818453,DATA5.BIN,1818453,对话,"と河川敷公園を歩きながら
いろいろと話をした時のこと、
ふと私が来年の今頃はもう
高校生ではないのだと言うと
彼は『卒業してからも君と……』と答えたのだ。
彼にとっては軽い気持ちの冗談だったかもしれない。
でも、私にはまるで心のうちを見透かされたようで、
何か妙に気恥ずかしくて、そのまま黙ってしまった。
ああいう時には
なんて答えればよかったのだろう……？",,untranslated,
DATA5.BIN#1818811,DATA5.BIN,1818811,对话,"雨の日の河川敷公園は、ひっそりとしていて
何ともいえない物寂しさを感じてしまう。
一緒に歩いていた",,untranslated,
DATA5.BIN#1818912,DATA5.BIN,1818912,对话,"に、
人がいないとこんなにも寂しくなるんだ、と
言われて、はたと気づく。
この場所は、ひなたぼっこをするお年寄りや
草野球に興じる子供たちの歓声もまた、
風景の一部なのだ。
それがないと、こんなにも印象が
変わってしまうなんて……
彼と話していると、普段気づかないようなことに
改めて気づかされて、とても勉強になる。
今度は晴れた日に、また彼と一緒に訪れたい。",,untranslated,
DATA5.BIN#1819271,DATA5.BIN,1819271,菜单,雪の中、,,untranslated,
DATA5.BIN#1819284,DATA5.BIN,1819284,对话,"と
河川敷公園を歩いていると
ふと子供の頃、大雪の日に庭に積もった
雪の上の方を食べてみたことを思い出して
彼に話してみた。
そうしたら、そんなバカなことはしないと
言われてしまい、落ち込んでしまった。
その後は妙に恥ずかしくなってしまって、
そのまま会話が続かなかった。
彼ならきっと同じような体験をしていたと
思ったのに……。",,untranslated,
DATA5.BIN#1819618,DATA5.BIN,1819618,对话,"と丘の上公園へでかけた。
展望台から港全体を一望すると、大きな船の間を
小さな舟が慌ただしく行き交う様子が見える。",,untranslated,
DATA5.BIN#1819736,DATA5.BIN,1819736,对话,"によるとあの小さな船は
『はしけ』とか『タグボート』という船だそうだ。
名前だけは知っていたけれど、
あの船がそうだったとは知らなかった。
私はもっと大きな船を想像していたので
何か新しい発見をしたみたいでうれしかった。
港を行き交う様々な船には、それぞれに役割が
あることがわかると、眺めているだけでも
けっこう楽しいものだと思う。",,untranslated,
DATA5.BIN#1820076,DATA5.BIN,1820076,对话,"と丘の上公園の展望台まで
一緒に歩いた。
海の近くの高台だからだろうか、展望台に
吹いてくる風はとても心地良くて、
ここでお昼寝をしたら気持ち良さそうだと
彼は言っていた。
私もそうできたらいいなとは思ったが
さすがに昼寝はちょっと無理なので
木陰のベンチでしばらく涼みながら
お話することにした。
のんびりできた一日だった。",,untranslated,
DATA5.BIN#1820401,DATA5.BIN,1820401,菜单,丘の上公園の並木道を,,untranslated,
DATA5.BIN#1820426,DATA5.BIN,1820426,对话,"と歩いた。
春にはお花見でにぎやかな並木道だけれど、
それ以外の季節はとても静かだ。
でも、私は桜の咲く春以外もこの場所が好き。
青葉、枯葉、そして雪……
四季それぞれの顔を持っているから。
彼も、それが自然なんだ、というようなことを
言ってくれてうれしかった。",,untranslated,
DATA5.BIN#1820690,DATA5.BIN,1820690,菜单,丘の上公園の桜並木を,,untranslated,
DATA5.BIN#1820716,DATA5.BIN,1820716,对话,"と一緒に歩いた。
この街にも桜の名所はいくつかあるけれど、
やはりここが見慣れているせいか、
一番のお気に入り。
道の両側から、まるでトンネルを作るように
咲き誇る桜を見ていると、
本当に春が来たことを実感する。
彼は夜はもっときれいだろうなと言っていた。
月明かりの下に映える桜……
写真やテレビでしか見たことはないけれど、
きっと幻想的な風景なのだろう。
いつか見てみたいな。",,untranslated,
DATA5.BIN#1821120,DATA5.BIN,1821120,对话,"と一緒に歩いた。
折りしも桜が満開のお花見の季節だったからか、
彼が何気なく今度はお弁当を持ってこようと
言ったので、すかさず私が作ってきていいですか
と聞いてしまった。
彼は笑ってくれたけれど、ひょっとして
迷惑ではなかっただろうか。少し心配だ。
でも、二人でお弁当を持ってお花見に
行けたら楽しいだろうな。
彼はどんなおかずが好きなのだろう。",,untranslated,
DATA5.BIN#1821492,DATA5.BIN,1821492,对话,"と一緒に歩いた。
私が彼に桜の思い出について聞いてみると、
急に表情を曇らせたので驚いてしまった。
何か触れてはいけないことだったのだろうか？
彼のことを傷つけてしまっただろうか？
自分の行動の軽率さを反省する。
明日からちょっと顔を合わせづらい気分だ。
彼に何と言って謝ればいいのだろう？",,untranslated,
DATA5.BIN#1821789,DATA5.BIN,1821789,对话,"と一緒に
商店街のペットショップへ行った。
最近のペットフードというのは
ずいぶん種類が豊富で驚いてしまう。
そんな話をしていたら、
彼が突然『ペット専用酒なんて
作ったら売れそうだ』などと言い出したので、
ちょっと答えに窮してしまった。
多分冗談のつもりだったのだろうけれど。
でも、サルは木の洞に木の実を貯めて発酵させ、
お酒に似たものを造る事があると以前聞いたので、
ヒト以外の動物がお酒を飲むことも
あながちない話ではないことかもしれない。",,untranslated,
DATA5.BIN#1822234,DATA5.BIN,1822234,对话,商店街のファンシーショップに,,untranslated,
DATA5.BIN#1822268,DATA5.BIN,1822268,对话,"と一緒に行った。
自分ではあまり行ったことのないお店だったので、
物珍しさと戸惑いが半々と言う感じだった。
彼にもそのことを正直に話して、
少し変わっていますかと尋ねると、
気にするなと言ってくれたので、
少し気持ちが楽になった。
彼の気遣いに感謝しよう。",,untranslated,
DATA5.BIN#1822560,DATA5.BIN,1822560,对话,"と一緒に行った。
お店に来ていた女の子たちの多くの
お目当ては、恋愛成就のご利益があると
評判のマスコットらしい。
そういえばこの前、友達が楽しそうに
話していたのを思い出す。
彼は私にも『買ってみる？』と聞いてきたので
買ってもいいかな、と正直に答えた。
不思議な気持ちだ。
以前の私なら興味なかった恋愛成就のお守り。
でも今は、そういうものを信じていたいという
気持ちが心のどこかにあるのだ。
どうしてなのだろう。",,untranslated,
DATA5.BIN#1822980,DATA5.BIN,1822980,对话,"とカラオケ屋さんに行った。
歌うことは嫌いではないけれど、カラオケ屋さんに
行ったのは数えるほどしかない。
どうも最近の流行の歌はわからないし、
曲の番号を入れるあの機械の扱いも苦手。
よくすらすらと番号を入れられるものだと
感心してしまう。
今日も、番号を入れる機械がうまく動いてくれず、
結局彼の手を煩わせてしまった。
それから何回か試してみたけれど、私が入れると
だめで、彼が入れると普通に動くの繰り返し。
彼にも、機械に触るのは苦手なのかと
聞かれてしまった。
もしかして私、機械に嫌われているのかな……。",,untranslated,
DATA5.BIN#1823495,DATA5.BIN,1823495,对话,"とカラオケ屋さんに行った。
最近の歌にはとんと疎い私だけれど、
最近密かに練習していた新曲を思い切って
彼の前で披露することにした。",,untranslated,
DATA5.BIN#1823630,DATA5.BIN,1823630,对话,"には気合が入っているね、なんて
冷やかされてしまったけれど、なんとか
歌い切ることができてよかった。
ちょっと恥ずかしかったけれど、彼にも
褒めてもらえてうれしかった。
がんばって覚えた甲斐があるというものだ。
何となく耳に残って覚えた曲だったけれど、
私にとってはお気に入りの一曲になりそう。",,untranslated,
DATA5.BIN#1823931,DATA5.BIN,1823931,对话,"とカラオケ屋さんに行った。
自分の知っている曲を次々と歌った。
こんなに気持ちよく歌ったのは、久しぶりだ。
良い気分転換になったと言ったら、
彼は歌うことはストレス発散にいいと答えた。
ここの所、思い切り身体を動かすことが
できず、何となく気分も重かったので、
もしかしたらそんな私を見て
彼はカラオケ屋さんに誘ってくれたのだろうか…
また彼の好意に甘えてしまったのかもしれないな。
明日からは気分一新でがんばろう。",,untranslated,
DATA5.BIN#1824351,DATA5.BIN,1824351,对话,"と二人でゲームセンターに行った。
クレーンゲームに挑戦してみたけれど、
なかなか難しくてお目当ての犬のキーホルダーは
とうとう取れずじまいだった。
彼にそのことを話すと、物に執着するのは良くない
とあっさり言われてしまった。
何か自分の未熟さを彼に見抜かれてしまったような
気分でとても恥ずかしかった。
自分ではそのつもりはなかったのだけれど、
もしかしたら傍目にはそんなに固執しているように
見えてしまったのだろうか。",,untranslated,
DATA5.BIN#1824770,DATA5.BIN,1824770,对话,"ゲームセンターで見かけた
音楽に合わせてステップを踏むゲーム……
実は前から一度挑戦してみたかったのだ。
いい機会だから思い切ってやってみようと",,untranslated,
DATA5.BIN#1824917,DATA5.BIN,1824917,对话,"に言うと、
一緒にやろうと誘ってくれた。
本当は、よくやり方がわからないので
彼に教わろうと思っていたのだ。
でも、意外にも彼の方から誘ってもらえて、
うれしかった。
彼のリードのおかげで
楽しく遊ぶことができてよかった。",,untranslated,
DATA5.BIN#1825146,DATA5.BIN,1825146,对话,"と二人で行ったゲームセンターで、
車のレースゲームをやっている女の人がいた。
車の運転をよく知らない私にもわかるくらいの
見事なハンドルさばきで、周りから拍手喝采を
浴びていた。ゲームとは言え、あれだけ上手に
運転ができたらさぞ気持ちいいことだろう。
ちょっぴりうらやましい。
でも、彼は私に車の運転はゲームの中だけに
しておいたほうがいいと言う。
つまり私が現実の車を運転すると他の人に迷惑を
かけてしまうということらしい。
自分でもわかっていることとはいえ、彼にあんな
言われ方をするとショックだ。
彼なりの冗談だったのかもしれないけれど、
もう少し言い方があったと思うのに……。
何か自分を否定されてしまったみたいで悲しい。",,untranslated,
DATA5.BIN#1825775,DATA5.BIN,1825775,对话,"ともえぎの神社で開かれていた
フリーマーケットに出かけた。
話には聞いていたけれど、
本当にいろいろなものが売られていて、
眺めて歩くだけでも楽しい。
その中でとても趣味の良い、置き物にも
してもよさそうな古い香炉を見つけた。
初めは何気なく通り過ぎてしまったが、
どうしても気になって、彼にお願いして
もう一度戻って見に行ってしまった。
彼に理解してもらえてうれしかったけれど
その反面どうしてすぐに
わかってしまったのだろう？
もしかして私、そんなに物欲しそうな顔を
していたのだろうか？
だとしたら、ちょっと恥ずかしい。",,untranslated,
DATA5.BIN#1826300,DATA5.BIN,1826300,对话,"ともえぎの神社で開かれていた
フリーマーケットに出かけた。
その中で売られていた、古びたクマの
ぬいぐるみに目を奪われてしまった。
私が幼稚園の頃、どうしても欲しくて
父におねだりしたけれど買ってもらえなかった
クマのぬいぐるみとそっくりのものだった。
最初に見かけた時は、彼と一緒だったので、
買うのをためらって通り過ぎてしまった。
でも、後でどうしても気になってしまい、
買いに戻ると思い切って言ってしまった。
子供っぽいと笑われないか心配していたが、
彼は、いいよと言ってくれてほっとした。
ただ、さすがに彼も私とクマのぬいぐるみの
取り合わせが不思議だったようなので、
このぬいぐるみが、幼い私にとって
どんなに欲しかったのかを話した。
でも、ちょっと慌てていたので
あの説明で納得してもらえたのかどうか…。",,untranslated,
DATA5.BIN#1827012,DATA5.BIN,1827012,对话,"と一緒にマリンブリッジの
展望台から夕日を眺めていた。
海を赤く染める夕日を見ていると、
今日も一日無事に終えたことへの感謝と、
明日もまたがんばろうという希望が
わいてくる。
今日という日は二度と来ないのだから、
一日一日を悔いのないようにがんばろうと
思うのだ。
そんなことを言ったら、
彼も同じようなことを考えていたようで、
うれしかった。",,untranslated,
DATA5.BIN#1827361,DATA5.BIN,1827361,对话,"とマリンブリッジの展望台へ。
本当のことを言うと、高い所は苦手だ。
高所恐怖症というほどではないけれど
こういう所に来ると、どうしても
少しだけ脚がすくんでしまうのだ。
彼にそのことを話すとすまなさそうに
謝られてしまった。
悪いのはそのことを黙っていた私の方
なのに……かえって申し訳ない気持ちだ。
でも、不思議と彼と一緒だと思うと、
いつしか足の震えも止んでしまった。
どうしてなのだろう。
彼と一緒だから、安心できるのかな……？",,untranslated,
DATA5.BIN#1827797,DATA5.BIN,1827797,对话,"と望ヶ浜のグリーンパークへ。
熱帯植物のコーナーに行った時、
彼がターザンごっこをしたいと
言い出したので驚いてしまった。
彼は時々突拍子もないことを口にするので、
驚かされる。
もちろん中には冗談もあるのだろうけれど……
私が真面目過ぎるのかな。
もう少し柔軟に応対ができないと、
きっと相手も気疲れしてしまうだろう。
今度からは気をつけるようにしよう。",,untranslated,
DATA5.BIN#1828157,DATA5.BIN,1828157,对话,"と望ヶ浜のグリーンパークへ。
ローズガーデンでは美しく香り豊かな
バラが一面に咲いていた。
そういえば、彼がバラの花の色で花言葉が
違うことを知っていたのには感心した。
男の人は、花言葉なんて興味のないものと
思っていたから、意外だった。
人も花や草と一緒で、外見や先入感だけで
判断してはいけないということなのかもしれない。",,untranslated,
DATA5.BIN#1828489,DATA5.BIN,1828489,对话,"と河川敷公園を散歩する。
この辺りは私が毎朝走っているコースだ。
そのことを彼に話すと、毎朝ごくろうさまと
言われて、何か不思議な感じがした。
私は、私自身の修練のために走っているのだもの。
つらいとか、苦しいとか
思ったことは一度もないのだ。
むしろ毎朝走ることでさわやかな気分に
なれるのだから。
彼にそのことがわかってもらえたのか、少々不安だ。",,untranslated,
DATA5.BIN#1828844,DATA5.BIN,1828844,对话,"と映画を観に行く。
『けっきょく南極物語』という映画は、
前にも観たのでお話は覚えていたのだけれど、
それでもやはりラストシーンには
ほろりとさせられる。
映画を見終えて、彼と感想をお話していると
眼が赤いよ、と言われてしまった。
泣いていたことがばれてしまったのも
恥ずかしかったが、それ以上に
そんな自分の顔を彼にじっと
見つめられていることに動揺してしまった。
でも、不思議とそれは不快ではないのだ。
なぜなのだろう。",,untranslated,
DATA5.BIN#1829270,DATA5.BIN,1829270,对话,"と映画を観に行く。
『メタルギアソリッド』という
アニメーション映画だ。
あまり期待はしていなかったのだけれど、
いざ始まると緻密な画面とアクションに
圧倒されてしまった。
彼は主人公が素敵だったと言っていたけれど、
私はむしろあの主人公が使っていた体術に
眼を奪われてしまった。
おそらく合気道や他の古武術を取り入れた
ものだろう。
実際の動きに比べると誇張はしてあるけど、
体重移動など理に適って描かれていたのには
正直驚かされた。
アニメーションといえば子供向けと思っていた
けれど、そういうものばかりではないのだと
教えられた気がする。",,untranslated,
DATA5.BIN#1829807,DATA5.BIN,1829807,对话,"やはり男の人というのは、私たち女性とは
ものの見方というか、考え方が違うのだろうか？",,untranslated,
DATA5.BIN#1829896,DATA5.BIN,1829896,对话,"と観に行った
『せつなくて…』という映画、
私はタイトル通り切なくて、心に響く良い映画だと
思っていたけれど、彼に感想を聞くと
『ああいうのを観ているとイライラする』
といわれた。
彼の口からそんな言葉が出るとは思わなかったので、
ちょっと戸惑ってしまった。
彼はあの映画のどの部分が不満だったのだろう？
確かに観る方からするとやきもきしてしまう
展開もあったけれど……。",,untranslated,
DATA5.BIN#1830272,DATA5.BIN,1830272,对话,"とお話していると、
いろいろなことを教えられる。
『俺は番長！』という映画を観に行った時、
映画館から出てくる男の方たちが、
何か肩で風を切るように、いかつい風体で
出てくるのが不思議だったので、彼に尋ねてみる。
すると『映画から熱い男の魂を受け取ったんだ』と
答えてくれた。
なるほど、映画を観て登場人物に感情移入する
ことはあるけれど、それが昂じると本当に自分が
番長さんになった気分になるというわけだ。
そう答えてくれた彼も、少し番長さんになってる
ような口調でちょっとおかしかった。
私にはよくわからない世界だけれど、
きっと幸せな気分で劇場を後にできるのだから、
悪いことではないと思う。",,untranslated,
DATA5.BIN#1830869,DATA5.BIN,1830869,菜单,"と映画を観に行く。
『",,untranslated,
DATA5.BIN#1830946,DATA5.BIN,1830946,对话,"踊るパラノイア』
という映画だ。
……何と言えばいいのだろうか、音と映像が
めまぐるしく展開する映画で、何かこちらは呆気に
取られたまま終わってしまった感じがする。
彼は『ギャグがめちゃくちゃ面白かった』と言って
いたけれど、私にはよくわからなかった。
私の感覚って、どこかずれているのだろうか？
それとも単に笑いの素養がないのだろうか？
ちょっと不安になってしまった。",,untranslated,
DATA5.BIN#1831321,DATA5.BIN,1831321,对话,"とコンサートへ出かけた。
『色彩』というグループで、最近の音楽に疎い私は
知らなかったのだけれど、今非常に人気のある
グループだそうだ。
でも、そのわりには今流行りの
激しい音の曲ではなく
じっくりと聴かせる曲が多かったのは、意外だった。
こういう曲なら、私にでもなじめそうな気がする。
今度、機会があったらどんな曲が出ているのか
ＣＤ屋さんで調べてみようと思う。",,untranslated,
DATA5.BIN#1831685,DATA5.BIN,1831685,菜单,ときどき、,,untranslated,
DATA5.BIN#1831700,DATA5.BIN,1831700,对话,"の何気ない言葉に
悲しい気分になってしまうことがある。
もえぎのホールへ『しゃぼんだま』という
グループのコンサートへ行った時のこと。
前にもコンサートへ来たことがあったけれど、
人生を前向きに生きていこうという、応援歌の
ような歌が素敵だなと思っていた。
彼にそのことを話すと『勝手に応援されても困る』
と素っ気なく返されてしまった。
あの言葉は彼の本心？
もしそうなら、とても悲しい。
彼はあの歌を聴いて、
何とも思わなかったのだろうか。
それとも照れ隠しに言った冗談を
私が真に受けただけなのだろうか。
彼の真意がわからなくて、困ってしまった。",,untranslated,
DATA5.BIN#1832244,DATA5.BIN,1832244,对话,どうも騒がしい音楽というのは苦手だ。,,untranslated,
DATA5.BIN#1832286,DATA5.BIN,1832286,对话,"と行った
『ＵＰａｎｄＤＯＷＮ』というバンドの
コンサート……私にはやはりつらかった。
彼はすごい迫力だったね、と
喜んでいたようだけれど、
私には迫力ある演奏というより
ただやかましい音にしか聞こえず、苦痛だった。
もっと繊細な音楽の表現方法だって、いくらでも
あるはずなのに、あんな大きなボリュームでは
全部同じ音に聞こえてしまうと私は思う。
今の流行りの音楽って、みんなあんなに大音声な
ものばかりだろうか。",,untranslated,
DATA5.BIN#1832703,DATA5.BIN,1832703,对话,"ともえぎのホールの
コンサートへ出かけた。
恋羽こなみさんという歌手の方が出演されていた
けれど、この方の本業は声優さんだそうだ。
でも、会場の雰囲気や、歌を聴いていると
アイドル歌手とばかり思っていた。
閉演後に私がそう言ったら、彼は笑って
確かに歌も上手だったしね、と答えた。
あのこなみさんという方、声のお仕事を
されているからなのか、特徴のある
かわいらしい声が印象的だった。
私が歌手と勘違いしたのもある意味
仕方なかったのかもしれない。",,untranslated,
DATA5.BIN#1833148,DATA5.BIN,1833148,对话,"最近のロックという音楽はどうも苦手だけれど、
思いがけない発見というのもある。",,untranslated,
DATA5.BIN#1833231,DATA5.BIN,1833231,对话,"と行った
『Ｕ＿Ｒｕｗａ＿Ｓｅｅ』という
ロックのグループのコンサートでは
舞台の上の男の人たちが口紅を点したり
お化粧していたことに驚いてしまった。
いったい何のためにと思っていたけれど、
彼が言うにはあれは舞台用の化粧なのだという。
歌舞伎の隈取りなどと一緒で
いろいろなものを化粧の形で表現していると
言うことなのだろうか。
それならあの派手なお化粧にも納得がいく。",,untranslated,
DATA5.BIN#1833602,DATA5.BIN,1833602,对话,『天然ボケ』って、どういう意味なのだろう。,,untranslated,
DATA5.BIN#1833650,DATA5.BIN,1833650,对话,"とコントの舞台を観に行ったとき、
私が女性二人のコンビの片方……確かゆかりさんと
いう方に似ていると言われてしまった。
彼にどこが似ているのか尋ねてみると、
『天然ボケなところが…』ということらしい。
そんなことを面と向かって言われたことがないので、
どういうものなのかわからず
ちょっと困ってしまった。
天然、ということは人の手が加わった
『人工ボケ』というものもあるのだろうか……
今度調べてみよう。",,untranslated,
DATA5.BIN#1834058,DATA5.BIN,1834058,对话,"と『ザ・タイツメン』という
お笑いグループの舞台を見に行った。
筆舌に尽くしがたい、というのはこういうものを
指すのだろうか。
危険なことを見世物にしている職業の方々を
否定するつもりはないけれど、それにしても
舞台の上で繰り広げられた危険な見世物は、
観ているこちらの方が心配になってしまい、
終わった時にはすっかり疲れてしまった。
本当にあの方たちは、あんな危険なことばかりして
身体は大丈夫なのだろうか？
彼は観ているこちらが心配しても仕方ないなんて
気楽なことを言っていたけれど、
やはりどうしても心配してしまう。
あの方たちだってご家族や友達は
いるだろうに、そういう人たちを悲しませては
いけないと思うのだ。",,untranslated,
DATA5.BIN#1834676,DATA5.BIN,1834676,对话,"とどこかへ出かけるのは
楽しいけれど、時々彼の言葉に驚かされてしまう。
一緒に『七人の左遷』という一人芝居の舞台を
観に行った時も、私はたった一人で観客の眼を
惹きつける役者さんの素晴らしさについて
話したのに、彼は真顔で
『俺は舞台より君に釘付け』だなんて
……いきなりそんなこと言われたら、なんて言葉を
返せばいいのか、困ってしまう。
彼にしてみればいつもの軽い冗談なのかもしれない。
でも本当は、例え冗談でも
そんな風に言ってくださるのはとてもうれしい。
以前なら受け流していた言葉が
今はとても心に残るのはなぜなのだろう……。",,untranslated,
DATA5.BIN#1835206,DATA5.BIN,1835206,对话,何と言ったらいいものか……。,,untranslated,
DATA5.BIN#1835240,DATA5.BIN,1835240,对话,"と行った『裸の国のアリス』という
お芝居は、私にはどうしてもなじめなかった。
どうにも品がなくて、どこが面白いのか考えて
いるうちに終わってしまった。
彼の好みかと思ったけれど、彼もこういうのは
苦手だと言っていたから、まさかこんな舞台だとは
思っていなかったのかもしれない。
こういうものを面白がる人がいるのは何となく
理解できるけれど、やはり私には
向いていないみたいだ。",,untranslated,
DATA5.BIN#1835621,DATA5.BIN,1835621,对话,"とプラネタリウムへ出かけた。
季節の星座の話題の中で、夏の大三角形という
夏の代表的な三つの星座の話が印象的だった。
比較的良く見える星座だということだったので、
さっそく今夜にでも夜空を仰いで
探してみましょうと言ったら、
この辺りでは見つからないのでは？　と
言われてしまった。
確かに昔に比べると夜空に見られる星の数が
減ってしまったような気がする。
だからと言って、あんなににべもなく言われると
悲しい気分になってしまう。
もしかしたら、",,untranslated,
DATA5.BIN#1836060,DATA5.BIN,1836060,对话,"は
あまり楽しめなかったのだろうか？",,untranslated,
DATA5.BIN#1836109,DATA5.BIN,1836109,对话,"とプラネタリウムへ出かけた。
ちょうど七夕が近いということで、七夕の伝説に
ついての解説があった。
そういえば、七夕の別称で
『星合』という言葉がある。
私はこの『星合』という響きに
何かロマンティックなものが感じられて
密かに気に入っているのだ。
星になった織姫と彦星の、年に一度の逢瀬を
こう名付けた古代の人々の豊かな感性には
本当に敬服してしまう。
彼にこの言葉を教えてあげると、星が引き合うから
『星合』なのでは、と言ったので
そういう見方もあるのか、と素直に感心した。
同じ言葉でも捉え方が微妙に違うのもまた、
日本語の豊かさの証拠なのだろう。",,untranslated,
DATA5.BIN#1836662,DATA5.BIN,1836662,对话,"とプラネタリウムへ出かけた。
夏の星座の話の中に、七夕の話題があった。
そういえば、七夕の伝説を初めて聞いたときには
子供心になんて悲しいお話だろうと思ったものだ。
大好きな人と年に一度、七夕の夜にしか
逢えないなんて……。
今となっては、それはおとぎ話の出来事だと
わかっているけれど、それでもやはり
一年に一度きりの逢瀬しか許されない
恋人同士に、私は同情する。
彼に、自分たちはいつでも会えてよかったねと
言われて改めてそう思えるようになった。
いつでも会える距離に彼がいてくれる……
その事実がなぜだか
私の心を穏やかにしてくれるのだ。",,untranslated,
DATA5.BIN#1837206,DATA5.BIN,1837206,对话,"とプラネタリウムへ出かけた。
スクリーンに映る星々を眺めていると、
これだけ広い宇宙だもの、地球以外のどこかに
生命が息づく星があってもおかしくないのでは
という気になってくる。
彼はどう考えているのか尋ねてみると、
なんと自分が宇宙人だと答えが返ってきた。
もちろん冗談だったけど。
だから私もたまには思い切って
冗談で返してみようと思って、
プラネタリウムを宇宙人と最初に見られた
地球人になれてうれしい、と言うようなことを
言っておいた。
彼は苦笑いしていたけれど、
私の冗談は通じたのかしら。",,untranslated,
DATA5.BIN#1837706,DATA5.BIN,1837706,对话,"とプラネタリウムへ出かけた。
秋と言えばお月見の季節だ。
元々五穀豊穣を祈願する
のがお月見という行事だそうだから、我が家でも
形式的ではあるけれど毎年ススキを飾ったりして
お月見をしている。
こんなことをするのは、我が家のような
特別な環境の家だけだとばかり思っていたら、
彼の家でもお供えを飾って
お月見をすると言うので、驚いてしまった。
でも、お月見という日本に古くから伝わる
習慣を守り、その心を大切に受け継ぐということは
なかなかできることではない。
素晴らしいことだと思う。",,untranslated,
DATA5.BIN#1838193,DATA5.BIN,1838193,对话,"とプラネタリウムへ出かけた。
プラネタリウムって、座り心地の良い椅子と
適度な暗さ、それに静かな雰囲気も手伝って
ついうたた寝したくなる環境だ。
そんなことを彼に話したら、
自分もうたた寝していたのではないかと
言われて、驚いてしまった。
実は途中でほんの少しだけ
うたた寝してしまったのだ。
疲れているということはないのだけれど、
ついつい、うとうとしているところを
彼に見られてしまったようだ。
私、どんな顔をしてうたた寝していたのだろう？
何か自分の秘密を彼に知られてしまったようで、
妙に恥ずかしかった。",,untranslated,
DATA5.BIN#1838705,DATA5.BIN,1838705,对话,"とプラネタリウムへ出かけた。
オリオン座とさそり座にまつわる伝説の話を聞いて
昔の人々の想像力の豊かさに感心する。
テレビも雑誌もない時代に、人々は夜空を見上げて
様々なことを想像していたのだろう。
確かに私たちの生活は便利になったけれど、
その一方で、心のゆとりというか穏やかさが
失われつつあるように思えてならない。
彼も、昔の人々は空想に費やす余裕があったのだと
言っていた。
私も、どんなに忙しくてもそれにかまけることなく
心にゆとりを持って行きたいと思った。",,untranslated,
DATA5.BIN#1839171,DATA5.BIN,1839171,菜单,デパートへ,,untranslated,
DATA5.BIN#1839186,DATA5.BIN,1839186,对话,"と出かけた。
洋服を見ていると、フリルでいっぱいの、
お人形さんのドレスのように可愛らしい服が
飾ってあった。
彼に私が着たら似合うのではと言われたけれど、
どちらかというと私はシンプルなデザインの方が
好きだ。
でも、彼に言われるとなぜだかああいった服も
着てみたくなってくる。
以前ならほとんど興味もわかないタイプの服なのに。
今度、思いきって挑戦してみようかな……。",,untranslated,
DATA5.BIN#1839572,DATA5.BIN,1839572,对话,"と出かけた。
洋服を見ていると、最近は原色や鮮やかな色の
服がごく当たり前になってきていることに気付く。
私みたいに落ち着いた色ばかりではだめなのかなと
思い彼に相談してみたところ、無理しないほうが
いいとたしなめられてしまった。
やはり慣れないことをしない方がいいということ
なのだろうか。それとも、私には鮮やかな色は
似合わないと忠告してくれたのだろうか。
彼の心遣いはうれしいけれど、それでも何か
釈然としないものが残ってしまう……。",,untranslated,
DATA5.BIN#1840011,DATA5.BIN,1840011,对话,"最近、私の好きな生八つ橋が、もえぎのスクエアの
地下食品売り場にある和菓子屋で売っていることを
知って、機会があれば買いに行こうと思っていた。",,untranslated,
DATA5.BIN#1840157,DATA5.BIN,1840157,对话,"ともえぎのスクエアに行ったときに、
ちょうどそのことを思い出したので、
彼に買いに行っても良いか尋ねたら、
食べ過ぎは身体に毒だよとたしなめられてしまった。
さすがに好物でも身体をこわすくらい
食べることはない。
でも、彼には私がそういう風に見えたのかも
しれないと思って、
洋菓子よりもカロリーは低いとか、食べた分は
運動しているとかいろいろと言い訳をしてしまった。
そんな私を見て彼は笑っていたけれど、ちょっと
見苦しかったかもしれない。",,untranslated,
DATA5.BIN#1840597,DATA5.BIN,1840597,对话,"最近のデパートの地下食品売り場というのは、
本当にいろいろな食材やお惣菜が並んでいて
目移りしてしまうくらいだ。",,untranslated,
DATA5.BIN#1840713,DATA5.BIN,1840713,对话,"ともえぎのスクエアの
地下食品売り場を歩いていて、
つい我が家の夕飯のことを思い出す。
失礼とは思ったけれど、今晩のおかずは
どうしようと彼に聞いてみると、
せっかくだからここで買って
行けばと勧められたので、そうすることにした。
たまには、こういうご馳走の日があっても
いいと思う。
ふだん我が家の食卓には上らないようなものを
選ぶことにしたのだけれど、何せ種類が豊富なので
主菜ひとつ選ぶのにも苦労してしまった。
でも彼はいやな顔ひとつせず付き合ってくださって、
うれしかった。",,untranslated,
DATA5.BIN#1841191,DATA5.BIN,1841191,对话,もえぎのスクエアで開催されている世界の宝石展へ,,untranslated,
DATA5.BIN#1841243,DATA5.BIN,1841243,对话,"と一緒に出かけた。
会場には時価数十億のダイヤをはじめ、いろいろな
宝石が展示されていた。
どれもみな美しい宝石だったけれど、
私は欲しいという気にはならなかった。
不思議と宝石や貴金属には興味がわかないのだ。
これってやはり変わっているのかなと
彼に聞いてみると、
宝石よりも大切なものもあるから、と
言ってくれて安心した。
確かに美しい宝石で着飾るのは
女の子の夢のひとつだ。
でも、私は宝石より自分自身で光り輝いていたい。
もちろんそれは容姿や地位や名誉ではなく、
人間として光り輝いていたいということ。
そのためには、もっと人間としての内面を
磨かなければと常日頃から思っている。",,untranslated,
DATA5.BIN#1841824,DATA5.BIN,1841824,对话,"もえぎのスクエアで開催されている
謎の古代文明展へ",,untranslated,
DATA5.BIN#1841879,DATA5.BIN,1841879,对话,"と一緒に出かけた。
世界中の不思議な遺跡や発掘品が展示されていた。
中でも私の目を引いたのは、モアイ像だった。
こんなに大きな石像を、
誰が何のために作ったのだろう。
彼に言わせると、お地蔵様のようなもの
だったのではないかということだ。
確かにお地蔵様も石造りだし外国は
日本よりスケールの大きな建築物も多いから、
妙に説得力のある意見だ。
ということは、あのモアイさんたちにも
お供えものや赤い前掛けを供えたりしたのだろうか。
あんなに大きな石像にかける
前掛けというのはさぞ大きなものだったのだろう。
こういうことをあれこれ想像するのが、
歴史のロマンというものなのかな……？",,untranslated,
DATA5.BIN#1842460,DATA5.BIN,1842460,对话,"と一緒に
もえぎのスクエアへ行った。
展示場ではちょうどバーゲンセールの最中で、
ものすごい人だかりができていた。
特にお客さんが集まっていたのは
ブランド品のコーナーで、
その熱気に気圧されそうだった。
彼が何か欲しいものはないの、と聞いてきたけれど
私はブランド品というものには
まるで興味がないのでちょっと
答えに困ってしまった。
ブランド品でも本当にいいものは
丈夫で長持ちするとは話に聞くのだけれど、
どうしても私は手を出す気にはなれない。
でも、あれだけ人が集まると言うことは、
それに価値を見出す人も少なくないと
いうことなのだろう。",,untranslated,
DATA5.BIN#1843006,DATA5.BIN,1843006,对话,"と一緒に
もえぎのスクエアへ行った。
展示場ではちょうどバーゲンセールの最中で、
ものすごい人だかりが出来ていた。
ちょうど父へのプレゼントを探していたので、
彼に男物のハンカチーフの見立てをしてもらおうと
お願いしたところ、彼へのプレゼントと
勘違いされてしまった。
私が父へのプレゼントのためだと言うと、
彼は何かとてもがっかりした様子だった。
私がなにか期待させてしまうようなことを
言ったのだろうか…。
言動に気をつけなくては。",,untranslated,
DATA5.BIN#1843444,DATA5.BIN,1843444,对话,"と電気街のゲームショップへ行った。
ひとりではめったに入ることないお店なので、
初めて見るものばかりだった。
いい機会なので、ゲーム初心者の私がやるとしたら
どんなゲームがいいのか、彼に尋ねてみると
格闘技のゲームを勧めてくれた。
なるほど、最近のゲームは実写の映像と
見間違うくらい鮮明なものもあるというから、
何か合気道のヒントになるものがあるかもしれない。
なかなか機会はないけれど、
今度挑戦してみようと思う。",,untranslated,
DATA5.BIN#1843866,DATA5.BIN,1843866,对话,"と
電気街のゲームショップへ行った。
彼は良くゲームをやっているようなので、
どんなジャンルのゲームが好きか尋ねてみると
『バリバリのシューティングさ！』という答えが
返ってきた。
シューティングというのは
弾を撃ったりするゲームのことらしい。
以前見たことがあるけれど、私には
ちょっと手が出せない感じのゲームだ。
もし私にもできそうなゲームだったら、
彼にいろいろと教えてもらいたかったのだけれど…。
ちょっと残念だ。",,untranslated,
DATA5.BIN#1844290,DATA5.BIN,1844290,对话,"と
電気街のゲームショップへ行った。
最近の子供たちの遊びの中心はもっぱらゲームで
外での遊びはほとんどしないということが、
様々な方面で問題になっていると聞く。
彼にこのことについて聞いてみると、もっと外でも
遊べばいいのにということだった。
私も彼と同意見だ。
私たちの子供の頃にも
ゲームで遊ぶことはあったから
ゲームそのものを否定する気はない。
でも少なくとも私たちの頃は、
それと同じくらい外で遊んだり、
ゲーム以外の遊びをしていたように思う。",,untranslated,
DATA5.BIN#1844745,DATA5.BIN,1844745,对话,"と一緒にＣＤ屋さんへ行った。
以前は流行の曲にはてんで疎かったのだけれど、
最近少しずつだけれど覚えるようになってきた。
カラオケ屋さんに行ったときなど、やはり最近の
曲の方が多いということも理由のひとつだ。
ＣＤ屋さんでも最新のヒット曲のＣＤを探そうと
思っていると、彼が今度一緒に歌いに行こう
と誘ってくださって、とてもうれしかった。
カラオケ屋さんに行って歌うのはなかなか楽しい。
さっそく、その時のために新曲を練習しようと思う。",,untranslated,
DATA5.BIN#1845186,DATA5.BIN,1845186,对话,"と一緒にＣＤ屋さんへ行った。
ここの三階に『アナログコーナー』というものが
あるらしいのだが、何のことかわからなかったので
彼に聞いてみると、そこには巨大な蛇がいると
真面目な顔をして答えた。
彼は時々真面目な顔をして冗談を言うのだ。
それは『アナコンダ』のことだというくらい、
私にだってわかるもの。
でも、どうしてＣＤ屋さんに
アナコンダがいるのだろう？
このＣＤ屋さんはペットショップも
併設していたかしら？
それにしても犬や猫ではなくアナコンダが名物の
ペットショップなんて珍しいと思う。",,untranslated,
DATA5.BIN#1845683,DATA5.BIN,1845683,对话,"と一緒にＣＤ屋さんへ行った。
実は、以前から気になっていた曲があったので、
ＣＤになっているか探してみようと思っていた。
それはテレビのＣＭで流れていた曲なのだけれど、
曲名も歌っている人もわからない。
ただ、画面いっぱいに広がる緑の草原が印象的な
ＣＭに流れていた曲、ということしか
わからないのだ。
それでも無理を承知で、探すのを
手伝ってもらえないかとお願いしたところ、
彼は快諾してくれた。
二人がかりでも時間はかかったけれど、
何とか見つけ出すことができてよかった。",,untranslated,
DATA5.BIN#1846161,DATA5.BIN,1846161,对话,"と一緒に
ジャンク屋さんへ行った。
私にとって、まったく未知の空間。
何に使うかも分からないような不思議な
電子部品が所狭しと並んでいた。
おそらく彼が誘ってくれなかったら生涯
縁のなかったお店かもしれない。
それでも、よく見ると部品のひとつひとつは
小さくてかわいらしい。まるで子供の頃、縁日の
夜店で売っていたまやかしものの宝石みたいだ。
彼にその部品は『発光ダイオード』というのだと
教えてもらった。発光というのだから、きっと
光る部品なのだろうけれど、どんな場所に使われて
どんな風に光るのだろう。
ちょっと興味を持った……なんて言ったら笑われて
しまうかな？",,untranslated,
DATA5.BIN#1846728,DATA5.BIN,1846728,对话,"と一緒に
ジャンク屋さんへ行った。
ここには指の先ほどの小さな部品が
たくさん置かれているけれど、
どんなに小さな部品でもその図面を引く人、
加工する人、製品として送り出す人……
というように
多くの人々の手を経てここに並んでいるのだ。
そう考えると、例え小さな部品でもおろそかには
できないと思えてくる。
彼に聞くと、こういう部品は小さな町工場などで
造られているそうだ。きっとうちの酒蔵みたいに、
ごく小規模でこじんまりとやっている工場が
大半なのだろう。
でも、そういった町工場の人たちが、
私たちの便利な暮らしや製品を支えているのだと
いうことに、改めて尊敬の念と感謝の気持ちを
伝えたい気分だった。",,untranslated,
DATA5.BIN#1847333,DATA5.BIN,1847333,对话,"と一緒に
ジャンク屋さんへ行った。
恐らく自分からは行こうと思う場所ではないけれど、
たまに来るとけっこう面白い場所なのかもしれない。
私は機械のことには疎いけれど、
何かここに来る人たちはみな
似たような雰囲気の持ち主なのだ。
何と言うか、宝捜しを続ける探検家が財宝を探す
ような雰囲気がするのだ。
彼も確かにそんな気がすると言っていたけれど、
そういう彼もかなり熱心に部品探しをしていた
ように見える。
男の人というのは、誰でも少なからず
そんな宝捜しに没頭できる一面があるのかも
しれない。",,untranslated,
DATA5.BIN#1847829,DATA5.BIN,1847829,对话,"とボウリングを楽しんだ。
いつもはそこそこのスコアを出しているのだけれど、
この時はどういうことか
まったくスコアが伸びないまま、私の完敗だった。
彼には、君にもこんな時があるんだねと
言われてしまい恥ずかしかった。
私自身が少し慢心していたのかもしれないな。
例え遊びでも真剣に取り組まなくては
いけないということなのかもしれない。",,untranslated,
DATA5.BIN#1848169,DATA5.BIN,1848169,对话,"とスケートを楽しんだ。
彼にはスケートは得意そうだねと言われてしまった
けれど、実はスケートはどうも苦手。
同じウインタースポーツでも、スキーは
そこそこに滑れるのに、
こちらは氷の上にようやく立てるくらい。
脇を気持ち良さそうに滑って行く人を見るたび、
下が氷でなく雪だったらと思ってしまう。",,untranslated,
DATA5.BIN#1848462,DATA5.BIN,1848462,对话,"にもずいぶん迷惑をかけてしまった。
この機会に練習して、少しでも
滑れるようにしなければ。",,untranslated,
DATA5.BIN#1848564,DATA5.BIN,1848564,对话,"とスケートを楽しんだ。
私が一人で練習をしていると、脇を急スピードで
おじいさんが滑っていった。
あまりに早かったので
おどろいて転んでしまいそうになったことを
彼に話したら、それは伝説の
『スプリンターおじいさん』ではないかという。
私は知らなかったのだが、
各地のスケート場に現れては老体に似合わぬ
猛スピードで滑るおじいさんがいるらしい……
いつもなら彼のこういう冗談は笑ってしまうのだが、
今回は実物を見た後だけに、
にわかに信じたくなってしまった。
スプリンターおじいさん……
いったいどんな人なのだろう。
今度お会いしたら、ぜひコーチを
お願いしたいものだ。",,untranslated,
DATA5.BIN#1849132,DATA5.BIN,1849132,对话,"とスケートに行った。
やはり手すりから離れて、
リンクの真ん中の方に行くのは不安だ。
彼に、もう少し手すりに近いところで
滑りましょうと言うと、
転びそうになったら自分につかまればいいと
言ってくれた。
とは言っても、私が転びそうになって
掴まったりしたら彼の方も危ないし、
それにちょっとだけ恥ずかしい……。
でも、ここは彼のご好意に甘えてしまおうと思った。
幸いそれから転びそうになることはなかった。
彼がそばにいてくれたからなのかな……。",,untranslated,
DATA5.BIN#1849578,DATA5.BIN,1849578,对话,"と美術館へ出かけた。
私は美術館の雰囲気が好き。
静かに張り詰めたあの空気が、道場のそれと
とてもよく似ていると感じるからだ。
だから館内を見てまわる時は、自然と背筋が伸びる。
彼にそのことを話すと、何だか緊張してくると
言っていたけれど、わたしにとっては
心地よい緊張感に感じる。
やはり必要以上に肩ひじ張らず、
平常心を持って芸術を楽しむのが一番だろう。",,untranslated,
DATA5.BIN#1849941,DATA5.BIN,1849941,对话,"と美術館へ出かけた。
彫像の展示コーナーに、目の不自由な方たちが
実際に手で触れることのできる作品が
展示されていた。
彼も言っていたけれど、とても良い試みだと思う。
眼で見るだけではなく、手触りや匂い、
音など五感を余すことなく活用して、
心に何かを伝えることが
本当の芸術だと思うから。
だから芸術を楽しむためには、
障害の有無ということは
あまり意味がないのではないだろうか。
むしろ大切なのは、受け取る側の
心の豊かさだと思う。
その心の豊かさを養う意味でも、
こういう試みがもっと広がればいいと思った。",,untranslated,
DATA5.BIN#1850452,DATA5.BIN,1850452,对话,"と美術館へ出かけた。
静寂の中、絵画や彫刻と向かい合っていると、
何か心がやすらいでくるのを感じる。
こういうのを『癒されている』というのだろうか。
彼にもこんな感覚があるか尋ねてみたのだけれど、
特にそうは思わないとしか答えてくれなかった。
彼ほどの感性の持ち主なら
きっと理解してもらえると思っていたのに……
どこか彼との距離感を感じてしまって残念だ。",,untranslated,
DATA5.BIN#1850814,DATA5.BIN,1850814,对话,"と市立美術館で開催されている
『ルネサンスの夜明け』展へ行った。
この時代の絵画には、聖母マリアが題材に
なっているものがけっこう多いらしい。
それだけ芸術と宗教が密接なものだったという
証拠なのかもしれない。
それにしても、私が聖母像に似ているなんて
彼がいきなり言うものだから、
ちょっと戸惑ってしまった。
私のどこが似ているというのだろう。
こういう時は、素直に褒められたと
思うべきなのだろうか。",,untranslated,
DATA5.BIN#1851221,DATA5.BIN,1851221,对话,"と市立美術館で開催されている
トリックアート展へ行った。
いわゆる『だまし絵』というものだろうか。
どれもみな驚かされる作品ばかりで、
こういったものを考案する作者の斬新な感性に
感心させられてしまった。
中でも曲がり角を模した作品の出来は見事で、
思わず私もだまされて絵の方へ曲がりそうに
なってしまい、とても恥ずかしかった。
彼は私が真面目だから、と言ってくれたけれど
それは裏を返せば頭が堅いということかもしれない。
自分でも案外頑固なところがあるのは
わかっているけれど、もう少し柔軟な思考を
持つべきだと改めて痛感してしまった。",,untranslated,
DATA5.BIN#1851760,DATA5.BIN,1851760,对话,"と市立美術館で開催されている
日本の伝統工芸展へ行った。
やはりこうした日本の伝統文化というものは
馴染みが深いせいか、見ていてほっとする。
特に目を引いたのは陶器のコーナーで、
どれもみな独特の深みというか落ち着きを
持った味わいのある作品だった。
酒器集めが趣味の祖父に教えてもらって
特徴的な焼き物の名前は覚えていたけれど、
彼には詳しいんだねと褒められてうれしかった。
伊万里の鮮やかな絵皿も素晴らしい。
でもどちらかというと、私は萩焼の酒器のような
生活に密着した作品が好きだ。
うちのお酒もこうした酒器で味わってもらえたら
いいなと思う。",,untranslated,
DATA5.BIN#1852310,DATA5.BIN,1852310,对话,"と一緒に水族館へ行った。
ここでのお気に入りは、水の中をプカプカと
漂うマンボウさん。
丸くて平たくて気持ち良さそうに浮かんで、
なかなかかわいらしいお魚さんだ。
彼にマンボウになりたいの？　と尋ねられて
思わずはい、と答えてしまった。
実は、海の生き物に生まれ変わるとしたら
マンボウさんになりたいと思っているのだ。
彼は私の答えに納得したようなしないような
複雑な顔をしていたけれど、あんな風に
のんびり波間に漂う暮らしができたら、
とても幸せだと思う。",,untranslated,
DATA5.BIN#1852770,DATA5.BIN,1852770,对话,"と一緒に水族館へ行った。
自然界には、どうしてこんな形をしているか
不思議に思えてならないものがたくさんいる。
コバンザメというお魚もそのひとつだ。
頭の吸盤で他のお魚のお腹にくっついて
泳ぐなんて、本当に不思議な生き物だ。
彼も言っていたけれど、日頃見られない珍しい
お魚さんたちを見ることができるというのは
なかなか興味深いことだ。
もちろんテレビや本でも見ることできるけれど、
やはり実物が目の前にいることにはかなわない。
水族館というのは、そんな知的好奇心をおおいに
刺激される場所のひとつなのだ。",,untranslated,
DATA5.BIN#1853278,DATA5.BIN,1853278,对话,"と一緒に水族館へ行った。
水族館にはお魚さん以外にも海に住む生き物の
コーナーがあって、中でも仕草が愛らしい
ラッコさんは人気者だ。
本当に可愛いので、一匹でも持って帰りたいと
彼に言うと、だったら俺が持って来ようかと
返って来た。
そこで私も、でしたら一匹お願いしますと答えた。
もちろん冗談だけれど、彼は相当驚いていた。
いつも彼の言葉に驚かされているから、
今回は思い切って私が冗談で切り返してみたのだ。
嘘をつくのは良くないことだけれど、
これくらいの冗談なら",,untranslated,
DATA5.BIN#1853739,DATA5.BIN,1853739,对话,"にも許して
もらえるかな……？",,untranslated,
DATA5.BIN#1853782,DATA5.BIN,1853782,对话,"と
水族館のアシカショウを観に行った。
芸達者なアシカさんたちには驚かされたけれど、
気になったのは中に一匹だけどうしても動きの
遅れてしまうアシカさんがいたことだ。
ショーの後怒られてしまうのかしらと彼に尋ねると
きっと今日は罰として夕飯抜きに違いないという。
かわいそうだとは思ったが、
致し方のないことなのだろう。
どんな芸事にも厳しさはつきものなのだから。
せめてあのアシカさんが明日のショーでは
失敗することなく無事務め上げられるよう
祈るばかりだ。",,untranslated,
DATA5.BIN#1854244,DATA5.BIN,1854244,对话,"と
水族館のアシカショウを観に行った。
いろいろな芸を見せてくれるアシカさんたち。
覚えるアシカさんたちも大変だが、それを教える
調教師の人たちの苦労も並大抵ではないだろう。
彼はお互いの信頼がなければできないことだと
言っていたけれど、何せ言葉が通用しないのだから、
お互いの気持ちを理解するようになるためには
何度も反復練習をしてきたと思うし、そのために
本当に多くの時間が費やされたことだろう。
その見えない苦労が、こうしてショーという形で
私たちの目の前に披露される。
それが成功したとき、アシカさんたちも
調教師さんも苦労が報われるのだろう。",,untranslated,
DATA5.BIN#1854797,DATA5.BIN,1854797,对话,"とプールへ遊びに出かけた。
ケガをしている身では、なかなか身体を動かすのも
ままならない。
それでもプールなら水に浮かんでいるだけで
それなりに運動になる。
それに、波のプールでプカプカ浮かんでいるのは
なかなか気持ちの良いものだ。
南の島にいる気分だと彼は言っていたけれど、
本当にそんな気分になってくるから不思議だ。
これで自由に泳いだりできたら、もっと幸せ
なのだけれど……いや、焦ってはダメだ。
今は回復を信じて、根気良くリハビリを続ける
ことが何より大切なのだから。",,untranslated,
DATA5.BIN#1855275,DATA5.BIN,1855275,对话,"とプールへ遊びに出かけた。
プールサイドでお話していると、
彼が私と目が合わせないようにしているので
気になって尋ねてみると、私が案外ナイスバディ
だと思ったから、ということらしい。
……これはつまり、スタイルがいいという意味
なのだろうか？
男の人からそんなことを言われたのは
初めてだったので、かえってこちらの方が
恥ずかしくなってしまって、
それきり言葉が途絶えてしまった。
人間の価値は外見ではなく
内面で決まるものだと私は思う。
だから以前ならそんな評価には
困ってしまったけれど、
近頃の私は彼に褒められる、ただそれだけで
なぜか素直にうれしくなってしまう。
でも、それ以上に、人間としての内面も
褒められるようにがんばらなくてはと思う。",,untranslated,
DATA5.BIN#1855921,DATA5.BIN,1855921,对话,"とプールへ遊びに出かけた。
ウォータースライダーという大きなすべり台が
出来たということなので、さっそく二人で
挑戦してみることにした。
流れが急なものとゆるやかなもの、２つのコースが
あったので、どちらにするか彼に聞いてみると
ゆるやかな流れの方ですべろうということになった。
私もゆるやかな流れの方で
ゆっくりすべりたかったので、
彼がこちらを選んでくれてよかった。
……本当は、急な流れの方はスピードが出そうで
少し怖かったというのもあるのだけれど。
ともかく、彼と一緒にはしゃぎながら
水すべりを楽しむことができた。",,untranslated,
DATA5.BIN#1856446,DATA5.BIN,1856446,对话,"とプールへ遊びに出かけた。
ウォータースライダーという大きなすべり台を
滑って遊んだ。
下から見上げると思いの他高いところから
一気に滑ってくることに改めて気づかされて、
ちょっと驚いてしまう。
元々高いところはあまり得意ではないから、
余計にそう感じてしまうのかもしれない。
でも、そんな私の苦手を知ってか知らずか、
彼はいたずらっぽく『もっと高い方が
面白いのにね』と言うのだ。
私は苦笑しながら『意地悪です』と
言うしかなかった。
でも、最近は彼の言葉を少しだけ余裕を持って
受け止めることができるようになった気がする。
それだけ、付き合いが長くなったということ
なのだろうか…？",,untranslated,
DATA5.BIN#1857030,DATA5.BIN,1857030,对话,"とプールへ遊びに出かけた。
ボディボードという波乗りの遊びを教えてもらう。
見た目以上に難しそうで、
少し尻込みしてしまったけれど、
彼の『なんでも失敗して学ぶものだ』という
言葉に励まされて、挑戦してみることにした。
そう、何事も初めから上手くできる人なんていない。
失敗して、自分に足りないものを知ることで
次のステップへの足がかりを得るものなのだ。
当たり前のことなのに、大切なことなのに、
つい忘れてしまっていた。
思い出させてくれてありがとう、",,untranslated,
DATA5.BIN#1857494,DATA5.BIN,1857494,对话,"と全天候型のプールへ
遊びに出かけた。
彼と待ち合わせをしていたプールサイドに
向かう途中で、二人組の男の方に
『お茶でも飲まないか』とお誘いを受けた。
せっかくだから",,untranslated,
DATA5.BIN#1857662,DATA5.BIN,1857662,对话,"も一緒に…と
思って『呼んできます』と言ったら
なぜか複雑そうな顔をして行ってしまった。
プールサイドで彼にそのことを話したら、
それは『ナンパ』だと言われて驚いた。
お話には聞いていたけれど、あれが『ナンパ』……。
生まれて初めて『ナンパ』されてしまった。
もしかしたら、もっとお断りするために
失礼のないような作法があったのかもしれない。
不安になってしまったので彼にどうしましょうと
尋ねてみたけれど、なぜか苦笑いするだけだった。",,untranslated,
DATA5.BIN#1858102,DATA5.BIN,1858102,对话,"とレインボウドームへ
野球観戦に出かけた。
野球をよく知らない私にも楽しめる
試合展開でよかった。
でも、それ以上に気になったのは両チームの
応援合戦の大音声だ。
どちらも自分の応援しているチームのために
一生懸命応援しているのはわかる。
彼ももっと一緒になって盛り上がらないと
楽しめないと言っていた。
しかし、もう少し節度を持って音量を
控えめにしても、屋根付きのスタジアムなら
音は響くと思うのだが。",,untranslated,
DATA5.BIN#1858510,DATA5.BIN,1858510,对话,"とレインボウドームへ
野球観戦に出かけた。
野球はあまりわからない私でも、
思わず手に汗握る展開が続く試合で
最後は本当に劇的な幕切れだった。
彼は野球を筋書きのないドラマだと評した。
本当にその通りだと私も思う。
どんなスポーツでも、その道を極めた人たちが
全力で戦う姿というのは、その勝敗の如何を問わず
とても感動的なもの。私も、あの素晴らしい
プレーの数々に心から拍手を贈りたい気分だ。
そして、自分も合気道に真剣に取り組もうと
改めて心に誓った。",,untranslated,
DATA5.BIN#1858966,DATA5.BIN,1858966,对话,"とレインボウドームへ
サッカー観戦に出かけた。
ボールを蹴る、という行為ひとつ取っても
実は非常に奥が深いものなのだということを
見せつけられたような気がする。
あの、微妙なカーブを描くように蹴るには
いろいろな技術が必要なのだろう。
ましてそれを試合の中できちんと実行できる
ようになるには、一朝一夕では無理だろう。
まさに彼の言う通り、日頃の練習のたまものだと
私も思う。
それは、合気道にも同じことが言える。
練習を重ね、基本動作を身体に覚えさせることで
どんな状況でも冷静に判断して次の一手を
先んずることができるようになるのだから。",,untranslated,
DATA5.BIN#1859508,DATA5.BIN,1859508,对话,"とレインボウドームへ
サッカー観戦に出かけた。
サッカーのゴールキーパーというのは
研ぎ澄まされた反射神経の持ち主でなければ
務まらないと思う。特にペナルティキックと
いうのは、一瞬でどこへボールが飛ぶのかを
判断して、ボールより早く移動しなければ
ならないのだから大変だ。
彼は自分なら百発百中、全部止めてみせると
豪語していた。
全部止めるというのはちょっと大げさかも
しれないけれど、彼ならかなりの確率で
シュートを止められそうな気がする。
彼くらいの身体能力と運動センスの持ち主なら、
反射神経もきっと鋭敏なのだろうから。",,untranslated,
DATA5.BIN#1860038,DATA5.BIN,1860038,对话,"とレインボウドームへ
格闘技の試合を観に行った。
メタルアーツというこの大会は、様々な格闘技の
異種格闘技戦が組まれていてとても興味深かった。
合気道の選手が出場していなかったのは残念だけど
柔術の選手が何人か出場していて目を引いた。
柔術というのは、いわば合気道の源流のひとつ。
だから部分的に合気道にも通じるものがあるのだ。
特に身体のさばき方や入り身のタイミングなどは、
なかなか理に適っていて実戦的だった。
使う機会はめったにないだろうけれど、
何かのときのために参考にしておこうと思う。",,untranslated,
DATA5.BIN#1860537,DATA5.BIN,1860537,对话,"とレインボウドームへ
格闘技の試合を観に行った。
メインイベントは非常に白熱した好勝負で
どちらが勝ってもおかしくない試合だった。
こういう素晴らしい試合には勝者も敗者もいない。
お互いに持てる力のすべてを出しきったのであれば、
勝ち負けは二の次だと思うし、見ている人たちにも
きっと無言のうちに何かを伝えてくれるものだと
私は思う。
彼もそのことをわかってくれたようで、両者の
健闘を称えていた。
私も素晴らしい試合を見せてくれた二人に、
心から拍手を贈りたい気分だった。",,untranslated,
DATA5.BIN#1861013,DATA5.BIN,1861013,对话,"と遊覧船に乗って
港をぐるりと一周した。
途中、マリンブリッジの下をくぐった。
ふだんは遠くから見ている時はあまり気には
ならなかったが、やはり実際に近くで見ると
その大きさには圧倒される。
彼は下から見るとまた印象が違うと言っていた。
確かに支柱一本にしても、それ自体がまるで
ビルのようにそびえて見える様は、こうして船で
近くまで来て見ないとなかなか実感できない。
なかなか貴重な体験ができたと思う。",,untranslated,
DATA5.BIN#1861421,DATA5.BIN,1861421,对话,"と遊覧船に乗って
港をぐるりと一周した。
海の上だし、カモメさんがたくさん飛んで来て
餌付けができるのではと思い、
実は家からこっそり食パンの残りを
忍ばせて来たのだけれど
私の目論見はもろくも崩れ去ってしまった。
思いの外カモメさんたちは飛んでいない。
たまに何羽か見つけても、遊覧船からは遠く
離れているので、餌付けはできなかったのだ。
恥ずかしかったので、彼には黙っていようと
思っていたら、ものの見事に見透かされていた。
彼は笑っていたけれど、ちょっと子供っぽい
行動だったかなと反省している。",,untranslated,
DATA5.BIN#1861924,DATA5.BIN,1861924,对话,"と遊覧船に乗って
港をぐるりと一周した。
ふだんならデッキに出て海風にあたりながら
景色を楽しみたいところ。
でも、残念ながら天候が思わしくないので
デッキには出られず、船内からの観光になった。
とはいいながら悪天候で景色もままならないし、
船に乗っているお客さんもほとんどいない。
彼には申し訳ない気持ちだったけれど、
正直言って少し退屈を感じていた。
そうしたら、",,untranslated,
DATA5.BIN#1862287,DATA5.BIN,1862287,对话,"に
貸し切りの船に乗っているみたいだと言われて
はっとした。
……そう、要は気分の持ちようということ。
雨の日には雨の日の楽しみ方があるのだ。
彼にそのことを改めて教えてもらったと思う。",,untranslated,
DATA5.BIN#1862482,DATA5.BIN,1862482,对话,"と遊覧船に乗って
港をぐるりと一周した。
でも天気が悪かったので、船内からの観光だ。
晴れていればデッキに上がって港を行き交う船や
この辺りの景色を楽しめるのに……こんな天気では
窓から見える景色もわずかしかない。
そんなときに限って、彼は景色よりも俺の顔をよく
見ていたでしょ？　なんて
真剣に言ってくるのだもの。
ついつい笑ってしまった。
あんな真面目な顔で冗談を言うなんて、
ちょっとずるい。
でもきっと、私が退屈していたと思って
冗談で笑わせてくれたのだろう。
ありがとう、",,untranslated,
DATA5.BIN#1862971,DATA5.BIN,1862971,对话,"と一緒に遊園地へ遊びに行った。
大観覧車に乗って遠くの景色を眺めるのは
なかなか気持ちの良いものだ。
つい自分の家がどの辺りにあるのか気になって
探してしまう。
瓦ぶきの屋根というのも珍しくなってきているから
すぐに見つかると思っていたら、建物の陰に隠れて
なかなか見つけられない。
ビルの間から日頃見慣れている我が家の
屋根瓦をようやく見つけたときは、
とてもうれしかった。
日頃見慣れているものを、違った視点で見るのは
新たな驚きというか発見があると改めて思った。",,untranslated,
DATA5.BIN#1863441,DATA5.BIN,1863441,对话,"と一緒に遊園地へ遊びに行った。
大観覧車に乗って遠くの景色を眺めるのは
なかなか気持ちの良いものだけれど、
本当のことを言うと高いところはちょっと苦手だ。
観覧車のゴンドラのようにまわりが囲われていれば
まだ多少は平気なのだが、釣り橋のように
吹きさらしで高い所では
どうしても足がすくんでしまう。
彼に高い所は平気かと尋ねると、どちらかというと
苦手だという答えが返ってきて、少し安心した。
やはり誰にでも苦手なものはあるのだ。",,untranslated,
DATA5.BIN#1863875,DATA5.BIN,1863875,对话,"と一緒に遊園地へ遊びに行った。
大観覧車に乗って遠くの景色を眺めるのは
なかなか気持ちの良いものだ。
でも、ふと不安になることもある。
例えば、もしも観覧車に乗っている途中で
ゴンドラが止まってしまったら、どうなって
しまうのだろう……高い所が苦手な私にとって
そんな状況は考えるだけで怖くなってしまう。
こんな時、彼ならどうするだろうと尋ねてみると
とりあえず救助があるまでじっと待つという。
私もそれが一番賢明だと思った。
非常事態の時こそ、落ち着いた行動や判断が
必要なのだ。
日頃の彼とは違った一面を垣間見たような
気がして、何か心強く思えた。",,untranslated,
DATA5.BIN#1864427,DATA5.BIN,1864427,对话,"と一緒に遊園地へ遊びに行った。
ジェットコースターというのは、
本当にものすごいスピードで走って、
あっという間に終わってしまう不思議な乗り物だ。
まわりのお客さんたちが歓声を上げているのを
見ていると、私も声を上げれば良いのかなとは
思うのだが、そんな暇もなく終わってしまう。
彼にも本当に怖いのかどうか質問されてしまった
けれど、実のところは私自身よくわからない。
楽しいとか、怖いとか以前の問題なのかも
しれない。",,untranslated,
DATA5.BIN#1864851,DATA5.BIN,1864851,对话,"と一緒に遊園地へ遊びに行った。
ジェットコースターに乗った時のこと。
私たちの後ろに座っていた方は、最初から
最後までよく声がかれないと感心するくらい
ずっと叫び放しだった。
彼によると、ああやって日頃は出せないような
大声を張り上げるのも、ジェットコースターの
楽しみのひとつなのだという。
もしかしたら、私があまりジェットコースターを
楽しめなかったのは、あんな風に大きな声を
上げなかったからなのだろうか。
今度ジェットコースターに乗る機会があれば、
がんばってお腹の底から叫んでみようと思う。
でも、やっぱり人様の前で大きな声で叫ぶなんて
ちょっと恥ずかしい気がする。",,untranslated,
DATA5.BIN#1865427,DATA5.BIN,1865427,对话,"と一緒に遊園地へ遊びに行った。
この遊園地のジェットコースターはとても人気が
あるようで、いつ来ても長蛇の列ができている。
彼にここで並ぶよりも他の乗り物へ行った方が
良かった？　と聞かれたけれど、私は並ぶのも
また楽しいと思っているので平気だと答えた。
何より、こうしている時間も彼といろいろと
お話が出来るのが楽しいから、待っている時間も
苦にはならないのだ。
乗り物に乗ったりするのももちろん楽しいけれど、
こうした語らいの時間も誰かと一緒に遊びに
行く時の楽しみのひとつだと、私は思う。",,untranslated,
DATA5.BIN#1865924,DATA5.BIN,1865924,对话,"と一緒に遊園地へ遊びに行った。
メルヘンワールドという施設は、
童心に戻ることができる、ほのぼのとした場所だ。
中にお菓子の家の模型があって、そういえば
小さい頃本当にお菓子の家があったらな、と
憧れた話を彼にすると、実際にこんなものが
森の中にあったらアリさんだらけで
大変だなという答えが返ってきた。
これはあくまで空想の世界のお話なのだから、
何もそこまで現実的に醒めた眼で見ることも
ないと思うのだけれど……。
彼にはここは退屈な場所だったのだろうか。
だとしたら少し申し訳なく思う。",,untranslated,
DATA5.BIN#1866418,DATA5.BIN,1866418,对话,"と一緒に遊園地へ遊びに行った。
メルヘンワールドという施設は、
童心に戻ることができる、
私も好きな施設なのだけれど
残念ながら近々閉鎖が決まったということだ。
なんでも改装工事をして、
新しい施設になるらしい。
派手な乗り物が多くなった遊園地の中でも、
のんびりと楽しむことができた場所だっただけに、
とても残念だ。
彼は新しい施設に期待しようと言っていた。
今度できる施設も皆に愛される素敵なものに
なってくれるよう、私も心から祈るばかりだ。",,untranslated,
DATA5.BIN#1866866,DATA5.BIN,1866866,对话,"と一緒に
遊園地へ遊びに行った。
ゴーストハウス、と聞くと何かおどろおどろしい
ものを想像してしまうけれど、要はお化け屋敷。
中は真っ暗で、１メートル先も見えないくらいだ。
ところが途中、誰かにつかまれたような気がして
彼に尋ねてみると、自分ではないという。
ということは、あれはいったい誰だったのか。
もしかしてあれがお化けさんだったのだろうか？",,untranslated,
DATA5.BIN#1867220,DATA5.BIN,1867220,对话,"と一緒に遊園地へ遊びに行った。
ゴーストハウスというお化け屋敷の中で、
ばったりお化けさんと鉢合わせになってしまった。
彼には驚いただろう、と聞かれたけれど
実はついいつもの習慣で、ご苦労さまですと
挨拶をしてしまったのだ。
さすがにあちらの方も面食らったようで、
不思議そうな顔をしてどこかへ立ち去って
しまったようだった。
驚かれるのが仕事のお化け屋敷で、お客さんに
挨拶されるなんて、おそらくあのお化けさんに
とっても初めての体験だっただろう。
ただ、それが良いのか悪いのかは別の話では
あるのだけれど。",,untranslated,
DATA5.BIN#1867731,DATA5.BIN,1867731,对话,"と一緒に遊園地へ遊びに行った。
ちょうど園内のステージで
『青春戦隊シツレンジャーショウ』を
やっていたので二人で見ることにした。
近所の小さい子たちがよく
『シツレンジャーごっこ』をして
遊んでいるので、名前だけは知っている．
でも、子供向けとはいえ、派手な爆発や
アクションシーンがあったりして
なかなか迫力があった。
最後はやはりダイ・シツレンロボが
登場するのだろうかと思って彼に尋ねてみると、
詳しいんだねと妙なところで感心されてしまった。
実際のシツレンジャーを見るのは
これが初めてなのだと彼には説明したのだけれど、
かえって子供っぽい趣味だと思われてしまったかも。
ちょっと恥ずかしかったな。",,untranslated,
DATA5.BIN#1868337,DATA5.BIN,1868337,对话,"と一緒に遊園地へ遊びに行った。
ちょうど園内のステージで
『魔法少女ファンシーチャイムショウ』を
やっていたので、二人で見ることにした。
私もよく知らなかったのだが、
どうやら女の子向けのアニメーションらしく、
小さな女の子たちが
一生懸命声援を送る姿が印象的だった。
それにしても、重い着ぐるみを着て演技される
役者さんたちはさぞ大変なのだろう。
そう言ったら、",,untranslated,
DATA5.BIN#1868696,DATA5.BIN,1868696,对话,"は、
主人公の女の子と一緒にいる、
お供らしき動物の着ぐるみなんて
特に重たそうだ、としきりに気にしていた。
私が思うに、あれはきっと大福もちの妖精さんでは
ないだろうか。
なんとなくそういう形をしていたもの。
でも、どうして大福もちなのだろう？
あの主人公の女の子が大福もちが好きなのかしら。",,untranslated,
DATA5.BIN#1868996,DATA5.BIN,1868996,对话,"と一緒に遊園地へ遊びに行った。
最後に遊園地を一周するパレードを二人で
見ることが出来た。
遊園地という夢の空間での一日の最後に相応しい
パレードで、色とりどりのイルミネーションが
宵闇に映えて、とても幻想的で美しかった。
何か自分も遊園地の一部になっているような
気にさえなったひととき。彼も言っていたけれど、
本当にこのままずっと見ていたい気分だった。",,untranslated,
DATA5.BIN#1869358,DATA5.BIN,1869358,对话,"と一緒に遊園地へ遊びに行った。
最後に遊園地を一周するパレードを二人で
見ることが出来た。
彼ががんばって場所を取ってくれたので
とても見やすい場所から見ることができたけれど、
途中で私たちの後ろの方で見ていた親子連れに
譲ることにした。
パレード見物の人垣の間で、
お父さんが男の子を肩車しているのを見かけて、
大変だと思ったからだ。
幸い、彼も快諾してくれたので
すぐに親子を呼んで来て場所を譲ってあげた。
あの子にとって、パレードが良い思い出になって
くれればいいな。",,untranslated,
DATA5.BIN#1869833,DATA5.BIN,1869833,对话,"と一緒に遊園地へ遊びに行った。
最後に遊園地を一周するパレードを二人で
見ることができた。
パレードの行列が通りすぎて、
人垣が静かにばらけて行く様子を見ていると、
ちょっと寂しい気分になるのはなぜだろう。
彼はお祭りの後はいつも寂しいものだと
言っていた。
そう言われてみれば、お祭りが賑やかで
華やかであるほど、終わった時には
何とも言いがたい寂しさを感じてしまう。
でも、どんなものにも終わりはある。
ハレの時間はいつまでも続くものではないし、
日常という生活があるからこそ、
非日常であるお祭りは楽しいのだろう。",,untranslated,
DATA5.BIN#1870353,DATA5.BIN,1870353,对话,"と光ヶ浜へ潮干狩りに出かけた。
さすがにまだ海の水は少し冷たかったけれど、
彼も言っていたとおり日差しが暖かかったし
吹いてくる海風も心地良かったので、潮干狩りを
楽しむにはちょうどいい気候だったかもしれない。
おかげで二人合わせるとかなりの量の貝が獲れて、
とても楽しい一日を過ごすことができた。",,untranslated,
DATA5.BIN#1870659,DATA5.BIN,1870659,对话,"と光ヶ浜へ潮干狩りに出かけた。
まわりの家族連れなどはバケツいっぱい
アサリなどを獲っていたのに、
私はポツリポツリとしか獲れない。
彼に調子はどうか尋ねてみると、全然だめだという。
いつも大漁というわけにはいかないだろうから、
落ち込まないで行きましょうと彼に声をかけた。
結局二人ともほとんど収穫なしだったけれど
潮干狩り自体は面白かったのでこれでよしとしよう。",,untranslated,
DATA5.BIN#1871031,DATA5.BIN,1871031,对话,"と光ヶ浜へ潮干狩りに出かけた。
二人で砂をさらって貝を探している時のこと、
ふと彼の顔を見ると頬に泥が付いていたので
教えてあげた。
彼は全然気づいていなかった。何事にも熱心に
打ち込む彼らしい。
でも、泥を付け放しではあんまりなので
タオルを貸してあげるから洗いましょうと言うと、
ことの他感謝されてちょっぴりうれしかった。
その後も二人で一日とても楽しく過ごした。",,untranslated,
DATA5.BIN#1871404,DATA5.BIN,1871404,对话,"と光ヶ浜へ海水浴に出かけた。
予想していたこととはいえ、
海水浴の季節だけあってものすごい人出で、
泳ぎに来たのか海に浸かりに来たのか
わからないくらいの混雑ぶりだ。
彼は人波をかき分けてでも泳ごうと
言ってくれたけれど
さすがにそうまでして泳ぐ気にはなれなかった。
彼なりに気を使ってくれた上での
言葉かもしれないが、
こういう時こそ譲り合いの精神が大切だと私は思う。",,untranslated,
DATA5.BIN#1871778,DATA5.BIN,1871778,对话,"と光ヶ浜へ海水浴に出かけた。
いつものくせで、祖父に習った古式泳法で
泳いでいるとやはりまわりの人たちの注目を
集めてしまっているようで恥ずかしくなってしまう。
でも、彼が言うにはそれは私がかわいいからだと
いうことらしい。もちろんお世辞だということは
重々承知だけれど、
そう言ってもらえると少し気分が楽になる。
何よりあまりまわりを気にしすぎてしまっては
せっかくの海水浴も楽しめないよ、という彼なりの
メッセージなのだろう。
余計な心配をかけてしまったようだ。
ありがとう、",,untranslated,
DATA5.BIN#1872267,DATA5.BIN,1872267,对话,"と光ヶ浜へ海水浴に出かけた。
一見きれいな砂浜だけれど、よく見ると
花火の燃えかすや食べ散らかしたゴミが
無造作に投げ捨てられている光景を
目にする。
特に夏の砂浜は裸足で歩く機会も多いから、
こうした小さなゴミでもケガをしかねない。
困ったものだと嘆いていると、
彼が目に付いたものだけでも
拾っておこうと言ってくれてうれしかった。
誰に頼まれたものでもないし、
誰かが褒めてくれるわけでもない。
でも心がけひとつで、この浜辺が
もっと美しくなって快適に遊べるようになることを
利用する人たち一人一人が自覚してほしいと
切に思った。",,untranslated,
DATA5.BIN#1872800,DATA5.BIN,1872800,对话,"と光ヶ浜へ行った帰り、
二人で海に沈む夕焼けをじっと眺めていた。
水平線に沈む夕陽が、海までも赤々と染める光景は
まるで絵や写真の中に入ってしまったようで
何とも不思議な気分だった。
彼がまた見に来ようと誘ってくれてうれしかった。
こんな素晴らしい光景なら、
何度でも見たいと思った。",,untranslated,
DATA5.BIN#1873091,DATA5.BIN,1873091,对话,"と光ヶ浜へ散策に出かけた。
近くの磯辺で、磯釣りをしている人たちを見かけた。
どんなお魚が釣れるのか彼に尋ねてみると、
潜水艦や海底油田が釣れるというので
驚いてしまった。
そんなものが釣れるというのなら、
これだけ大勢の人がやってくるのも納得がゆく。
それにしても潜水艦はともかく、
海底油田というのはどうやって釣り上げるのだろう。
一度釣り上げる瞬間というのを見てみたいものだ。",,untranslated,
DATA5.BIN#1873478,DATA5.BIN,1873478,对话,"と光ヶ浜へ散策に出かけた。
近くの磯辺で、磯釣りをしている人たちが大勢いた。
あの中にはきっと一匹も釣れずに終わってしまう
人もいるはず。
そういう時はどんな気分になるのだろう？
彼に尋ねてみると、釣れなくても楽しめれば
満足なのだということらしい。
結果はあくまで結果、それよりも『釣り』
そのものを楽しむことが本当の楽しみということか。
これはなかなか奥が深い言葉だと思う。
武道や華道、茶道など『道』と名がつく芸事にも
通じるものがあるのかもしれない。
そういわれてみると、
糸を垂れてじっと魚を待つあの釣り人の姿が、
修行者と重なるような気がする。",,untranslated,
DATA5.BIN#1874034,DATA5.BIN,1874034,对话,"と光ヶ浜へ散策に出かけた。
冬の海というのは、他の季節に比べてどうして
あんなに寒々しく、荒々しいのだろう。
じっと見つめていると、
そのまま波間に吸い込まれて
しまうような感覚に落ちてしまうから、不思議だ。
彼にも足元に気をつけるよう言われてしまった。
この時期は岩場にかかる波のおかげで、足元が
滑って思わぬケガをしてしまうこともある。
感傷に浸るのも良いけれど、気をつけなければ。",,untranslated,
DATA5.BIN#1874425,DATA5.BIN,1874425,对话,"と光ヶ浜へ散策に出かけた。
私は冬の猛々しい海が好きだ。
夏の賑わいなどに比べたら
文字通りの殺風景だけれど、
それ故に何か心に訴えかけて
くるものがあるように思えるからだ。
ふと彼が『人のいない頃の地球って
こんな感じだったのかな』とつぶやいた。
私も、ありのままの自然の姿の一部分を
見ているような気がして、昂揚感と畏怖の念が
同時にわき上がってくるのを感じた。
やはりこの景色には、
語りかけてくる何かがあるのだ、きっと。",,untranslated,
DATA5.BIN#1874855,DATA5.BIN,1874855,对话,"と光ヶ浜へ散策に出かけた。
冬の海の荒涼たる様子を見ていると、何か心の中に
音楽が聞こえてくるような気がする。
彼によるとそれは演歌らしい。
なるほど、こんな冬の荒波が押し寄せる風景は、
演歌の世界に出てきそうだ。
でも、むしろ私の中で聞こえてくるのはクラシック。
風と波の奏でるコントラストは、
クラシックの重厚な交響楽に似ているように思える。
同じ風景でも、見る人によって
印象が違うものなのだと、改めて気づかされた。",,untranslated,
DATA5.BIN#1875281,DATA5.BIN,1875281,对话,"と高原にある牧場へ出かけた。
ここにはお馬さんがたくさん放し飼いにされている。
中には競馬に出るようなお馬さんもいるのかと思い
彼に尋ねてみたところ、競争馬になれるお馬さんと
いうのは本当に少ないのだそうだ。
ここにいるお馬さんたちは
そういった競争社会とは無縁のように
ノンビリと過ごしていた。
それは幸せなことなのかもしれない。",,untranslated,
DATA5.BIN#1875619,DATA5.BIN,1875619,对话,"と山の湖へ出かけた。
鏡のような波ひとつない湖面に、
山のさわやかな風が吹いてくるような静かな湖だ。
私はこういう静かで落ち着いた雰囲気が好き。
彼は昼間からこんな静かだと、
夜はもっと寂しい雰囲気なのだろうと言っていた。
そういえば、昔、聞いたことがある。
こういう静かな湖のほとりには、夜になると
夜な夜なチェーンソーを持った怪人が現れて、
『泣く子はいねぇがぁ～』と叫びながら
徘徊するという。
小学校の頃お友達から聞いた話だけれど、
彼は知らなかったみたいだ。
あまり有名な話ではないのかな？",,untranslated,
DATA5.BIN#1876120,DATA5.BIN,1876120,对话,"と山へ紅葉狩りに出かけた。
紅葉が鮮やかな山の上の方まで登って来ると、
さすがにちょっと疲れる。
彼に調子はどうかと尋ねてみると、全然平気だと
言われて、そのうえ疲れているのなら
背負って行ってあげるまで言われてしまい、
ちょっと戸惑ってしまった。
もちろんそんなに疲れていたわけではなかったので
丁重にお断りをした。
それは彼なりの気遣いなのだろう。
けれど、いきなりそんなことを言われてはこちらも
対処の仕方に困ってしまうのが正直なところだ。",,untranslated,
DATA5.BIN#1876569,DATA5.BIN,1876569,对话,"と山へ紅葉狩りに出かけた。
落ち葉を踏みしめながら山道を歩いていると、
何だか赤や黄色のじゅうたんの上を
歩いているような気分になってくる。
ふだん街中では邪魔者扱いされる落ち葉も、
ここでは素敵な風景の一部となっているのだ。
そんなことを話していたら、彼は
この落ち葉がやがて木々の養分となるのだ、
というようなことを言った。
自然とは本当に不思議なものだ。
誰から教わったのでもなく、
私たちが地球に生まれる
ずうっと前から繰り返されてきた
命の営みの大きさ……
そんなことを考えながら、紅葉の山を楽しんだ。",,untranslated,
DATA5.BIN#1877081,DATA5.BIN,1877081,对话,"と白雪スキー場へスキーに行った。
ここは毎年冬になると来ている
私のホームグラウンドみたいな場所だ。
彼のスキーの腕前を聞くと、転んでばかりなので
倒れ方だけはプロ級だと言うことだった。
変に自分の腕前を過信したりするより、
正直に答えてくれたのには好感が持てる。
何より武道で受け身が大切なように、スキーでは
ケガをしないためには上手に転ぶことが大切なのだ。
とはいえ転んでばかりでは
せっかくスキーをしに来た甲斐がないし、
いつか本当にケガをしてしまうかもしれない。
きっと彼のことだから筋は良いと思うので、
私がマンツーマンで練習に付き合うことにした。",,untranslated,
DATA5.BIN#1877640,DATA5.BIN,1877640,对话,"と白雪スキー場へスキーに行った。
いつもは上級者コースを滑っているので、
彼と一緒のコースでは少し物足りなく
思う時がある。
つい彼に上級者コースへ行ってもいいかと尋ねると
自分も一緒に行くと言う。
確かに二人で滑るのは楽しいだろうけれど、
残念ながら今の彼のレベルではあのコースは
相当難しいだろう。
それに、彼を置いて自分だけ滑ってくるというのも
せっかく一緒に来ている彼にあまりにも失礼だ。
後ろ髪を引かれる思いも少しだけあったが、
今日のところはあきらめて、彼と一緒に
滑ることにした。",,untranslated,
DATA5.BIN#1878135,DATA5.BIN,1878135,对话,"と白雪スキー場へスキーに行った。
晴れていたこともあって、新雪が太陽に光って
とてもまぶしかった。こういう天気のときには
しっかりと眼を保護しておかないと大変だ。
それなのに彼ときたら、君もまぶしく見えるよ
なんて、冗談ばっかりでちょっぴり恥ずかしい。
でも、本当はお世辞でも彼にそう言ってもらえて
うれしい。
いつか本当の意味で、まぶしいくらいに光り輝く
人になれたらと思う。",,untranslated,
DATA5.BIN#1878518,DATA5.BIN,1878518,对话,"とゲームショウへ行った。
会場は人、人、人でごった返していて、
ちょっと疲れてしまった。
でも以前、彼とゲームショップへ行った時に見た
ゲームの続編というのがあったので、
遊んでみようと手に取ったら、
すぐに画面が真っ暗になってしまった。
そういうゲームかと思ったら、どうやら故障らしい。
係の人もなぜ止まったのか原因がまったくわからず、
ほとほと困り果てているようで申し訳なかった。
やはり私はゲームで遊ぶのは
向いていないのだろうか。",,untranslated,
DATA5.BIN#1878959,DATA5.BIN,1878959,对话,"とゲームショウへ行った。
改めて驚かされるのは、
今こんなにたくさんのゲームが
商品として流通しているということだ。
本当にいろいろな種類のゲームがあるのだと
感心してしまう。
しかもゲームは一人で作ることができるものでは
ないだろう。絵を考える人や音楽を考える人、
商品として売り出すための方法を考える人……
ひとつのゲームが世に送り出されるまでに、
いったいどのくらいの人の手と時間がかかって
いるのだろう。私にはちょっと想像もできない。
彼も言っていたけれど、ゲームを作る人たちって
本当に才能のある素晴らしい人たちだと思う。",,untranslated,
DATA5.BIN#1879492,DATA5.BIN,1879492,对话,"と同人誌即売会というものに行った。
この催し物に行ったのは初めてだけれど、
まさかあんなに人がいるとは思っていなかった。
それに何というか、熱気みたいなものがわあっと
押し寄せて来て、人当たりというか
ちょっとめまいがしてしまった。
どうもこういう人込みの中は苦手だ。
でも彼に言わせると、活気があっていいのでは
ということだった。
確かにちょっと過熱気味のところはあるけれど、
買う方も売る方も活気に満ちあふれて
楽しそうなのは、私にも理解できる。
何事も食わず嫌いではいけないと
いうことなのだろう。",,untranslated,
DATA5.BIN#1879997,DATA5.BIN,1879997,对话,"と未来都市ショウという
催し物へ出かけた。
未来の暮らしについてのコーナーで、ペット型の
ロボットが展示されていた。
将来は本物の犬や猫に代わって
こういうロボットを飼うことになるのかしらと
頭を撫でてあげていたら、
突然煙を吹いて止まってしまった。
なぜこんなことに…と呆然としていたら、
私が触ったからだと言われた。
確かに、私が家電製品を使っていると
急に調子が悪くなることがよくあるのだ。
やはり、今回のも私が原因なのだろうか……？
なんだか、悲しくなってしまった。",,untranslated,
DATA5.BIN#1880472,DATA5.BIN,1880472,对话,"と一緒に動物園に行った。
世界中の動物を見ることができる動物園。
でもその一方で、自然に暮らす動物たちを
半ば強引にオリの中に囲ってしまうのは
少し可哀想だといつも思っていた。
彼にそのことを話すと、人の手が必要な場合も
あるのではということだった。
確かに、世界的に数が少なくなってしまった
野生動物を絶滅から救うためには
ある程度人工的に保護することも必要かもしれない。
そう考えると、動物園も決して無駄では
ないのだと思い、少し安心した。",,untranslated,
DATA5.BIN#1880919,DATA5.BIN,1880919,对话,"と一緒に動物園に行った。
キリンさんを見ていると、小さい頃初めて動物園に
連れて行ってもらったときのことを思い出す。
初めて本物のキリンさんを見て、その首の長さに
驚いた私は、思わず泣き出してしまったのだ。
もちろん今はキリンさんも見慣れたので、
驚くこともないけれど、
幼い私にとって本物のキリンさんとの
遭遇は非常に衝撃的な出来事だった。
彼にそのことを話すと、どうやら似たような思いを
経験しているようで安心した。
今となっては当たり前に思えるいろいろな出来事も
幼い視点から見ると不思議や驚きでいっぱいだった。
ああいう気持ちは、
いつなくなってしまったのだろう？",,untranslated,
DATA5.BIN#1881491,DATA5.BIN,1881491,对话,"と一緒に動物園に行った。
雨の日の動物園は、人影もまばらで本当に寂しい。
特に普段が遠足の子供たちや
家族連れのお客さんたちでいっぱいの場所だけに、
いっそう寂莫感が漂う。
彼は二人だけの貸し切りみたいだと
言っていたけれど
私はどうもこの状況を楽しめなかった。
むしろ、私たち二人だけが取り残されたような
気さえした。
やはりここは、子供たちの歓声や笑顔がなくては
成立しない場所なのだと改めて思った。",,untranslated,
DATA5.BIN#1881898,DATA5.BIN,1881898,对话,"と一緒に動物園に行った。
動物園の中に、イヌねこランドという犬や猫に
実際に触れられるコーナーがあったので
見に行くことにした。
犬が好きな私は、どうしても
犬のコーナーに足が向いてしまう。
特に子犬のコーナーにいた小さな柴犬の赤ちゃんは
見ているだけでこちらも笑顔になるくらいに
愛らしかった。
我が家の柴犬ももらわれて来た頃は
こんな風だったことを思い出して、
彼に犬の話をする。
彼が『番犬なの？』と聞いてきたので
うれしくなって、以前、空き巣狙いを見つけて
吠えて知らせてくれたことを話した。
そう、あの子は我が家自慢の愛犬なのだ。",,untranslated,
DATA5.BIN#1882437,DATA5.BIN,1882437,对话,"と一緒に動物園に行った。
動物園の中に、イヌねこランドという犬や猫に
実際に触れられるコーナーがあったので
見に行くことにした。
私は自分の家でも犬を飼っているくらいだから
どちらかといえば猫よりも犬が好きだ。
彼はどちらが好きなのか尋ねてみると
やはり犬派ということだった。
些細なことかもしれないけれど、うれしかった。
私が好きなものを、もし彼が嫌いだったら
寂しいもの。",,untranslated,
DATA5.BIN#1882928,DATA5.BIN,1882928,对话,"ともえぎのスクエアの
地下食品売り場を歩いていて、
つい我が家の夕飯のことを思い出した。
晩のおかずはどうしようと彼に聞いてみると、
せっかくだからここで買って行けばと
勧められたので、お言葉に甘えることにした。
だって、そうすればもう少し長く、
一緒に買い物していられるもの。
でも、ちょっと、わがままだったかしら…？",,untranslated,
DATA5.BIN#1883249,DATA5.BIN,1883249,对话,合宿の親睦行事ということで、肝試しをした。,,untranslated,
DATA5.BIN#1883297,DATA5.BIN,1883297,对话,"と一緒に、夜の校舎を
まわったのだけれど、特にお化けさんにも
出会うこともなく終わってしまった。
校長室の校長先生の写真の眼が光るなんて
噂を耳にしたので、もしかしたらとは
思っていたのに……少し残念だ。
でもお化けさんの代わりに、途中で芹華と
ばったり会ったのには驚いてしまった。
それにしても、夜の校舎で
一人で肝試しなんて、
芹華も変わった趣味の持ち主だ。",,untranslated,
DATA5.BIN#1883658,DATA5.BIN,1883658,菜单,修学旅行の２日目は、,,untranslated,
DATA5.BIN#1883683,DATA5.BIN,1883683,对话,"と一緒に
阿寒湖をまわった。
湖のまわりの木々はもう色づき始めている。
もう少し後に訪れていれば、さぞやきれいな
紅葉を楽しむことができただろう。
この湖はマリモさんが有名だ。
彼も言っていたけれど、どことなくユーモラスで
かわいらしい生き物だ。
私もひとつお土産に欲しくなってしまった。",,untranslated,
DATA5.BIN#1883997,DATA5.BIN,1883997,对话,"と一緒に
東照宮をまわった。
写真とかでは見たことがあったけれど、
やはり実物を目の当たりにすると、その荘厳さに
圧倒される。それでいて、どこか温か味があるのは
私たちが慣れ親しんだ木造建築だからだろうか。
できればまる一日かけて、隅々まで見てみたい気分。
でも、彼はどこを見ても同じだなんて言うので、
ちょっと悲しくなってしまった。
彼はこういった古い建物が持つ趣といったものに
興味がないのかしら。",,untranslated,
DATA5.BIN#1884423,DATA5.BIN,1884423,对话,"と一緒に
京都の清水寺をまわった。
あの『清水の舞台』から見る京都の景色は
色とりどりの紅葉とあいまって、まるで一幅の
錦絵の中にいるような気分になるくらい美しく、
やはりここに来てよかったと心から思った。
だから、彼にこの街の雰囲気になじんでいると
言われて、とてもうれしかった。
だってこの京都や奈良は、いにしえの日本人の
心を今に伝える、私の憧れの街だったから。
そんな憧れの街とひとつになれた気がして、
不思議と心が落ち着いた。",,untranslated,
DATA5.BIN#1884882,DATA5.BIN,1884882,对话,"と一緒に
沖縄琉球村をまわった。
沖縄に来て思うのは、何だか時間が
ゆっくりと流れているように感じる。
照りつける太陽は鋭いのに、そこに暮らす
人たちは、どこかのんびりとしているみたいだ。
彼が言うように、南国特有の雰囲気なのかも
しれない。
蘇鉄の木の木陰でお昼寝をしたら、気持ち良く
眠れそうな雰囲気だった。",,untranslated,
DATA5.BIN#1885194,DATA5.BIN,1885194,菜单,修学旅行の３日目、,,untranslated,
DATA5.BIN#1885217,DATA5.BIN,1885217,对话,"と一緒に
観光牧場をまわった。
広大な牧場を馬車がゆっくりまわっているのを
見て、何か微笑ましかった。
これだけ広い牧場だからこそ、
馬車でまわるのも悪くない。
彼も言っていたように馬に揺られてのんびりと、
時々お休みしながら広い牧場の景色を楽しめる
なんて、とても素敵だと思う。",,untranslated,
DATA5.BIN#1885521,DATA5.BIN,1885521,对话,"と一緒に
国会議事堂をまわった。
テレビや教科書で何度となく見ている建物
だけど、実際に見るとちょっと印象が違った。
もっと新しいと思っていたのだが、実際には
もう齢六十を越える老荘たる建物なのだ。
その間、ずっとこの国の政治の中心として
がんばってきたのだから、たいしたものだ。
彼の言う通り、歴史を感じる建物だと思う。",,untranslated,
DATA5.BIN#1885867,DATA5.BIN,1885867,对话,"と一緒に
奈良公園をまわった。
奈良公園といえば、放し飼いにされている鹿さん。
話には聞いていたのだけれど、鹿せんべいを
あげると本当にぺこりとお辞儀してくれるのだ。
その仕草がなんともかわいらしくて、
ついつい何度もおせんべいをあげてしまう。
彼はお土産に一匹持って帰りたいと言っていた
けれど、さすがにそれは無理な話。
広いこの公園の中でのんびり暮らすのが、
ここの鹿さんたちには一番いいことだと思った。",,untranslated,
DATA5.BIN#1886297,DATA5.BIN,1886297,对话,"と一緒に
阿蘇の草千里をまわった。
草千里の名前の通り、見渡す限り広がる大草原を
吹き抜ける風の、なんと心地良いことだろう。
放し飼いにされているお馬さんたちも、
この風に吹かれて気持ち良さそうだった。
あのお馬さんに乗って、この大草原を駆け抜けたら
どんなに楽しいだろう。
どうせなら馬に乗ってピクニックに行きたいと
彼は言っていた。もちろん私も大いに賛成だ。",,untranslated,
DATA5.BIN#1886659,DATA5.BIN,1886659,对话,"修学旅行も残りわずか。
自由行動は",,untranslated,
DATA5.BIN#1886697,DATA5.BIN,1886697,对话,"と一緒に
ハリストス正教会をまわった。
とても厳かな雰囲気の教会で、まるでその周辺だけ
ヨーロッパの古い街並みのように見えた。
でも彼がこんな教会で結婚式を挙げたいだなんて、
意外な発言にちょっと驚いてしまった。
彼は案外ロマンチストだと思う。
私は……あまりそう言うことを
考えたことがないから、よくわからないな。",,untranslated,
DATA5.BIN#1887052,DATA5.BIN,1887052,对话,"と一緒に
原宿の竹下通りをまわった。
平日の昼間なのに本当に人がいっぱいで
にぎやかな場所だ。
彼と一緒にお土産を探したのだけれど、
どうもあまり良いものが見つからなかった。
彼は木刀と地名入りのペナントを勧めてくれた。
ペナントはともかく、木刀はもう家に何本も
あるものだし、荷物になりそうなのでお断りした。
結局一番のお土産は、私が見て、聞いて、感じた
体験をちゃんと伝えるということになるのかな？",,untranslated,
DATA5.BIN#1887491,DATA5.BIN,1887491,对话,"と一緒に
神戸市内をまわった。
中でも印象的だったのが風見鶏のある洋館。
なかなか趣きのある建物で、観光客がたくさん
訪れていた。
彼も言っていたけれど、神戸の町にはこういった
洋館の他にも南京街があったりして、日本で
ありながら外国の雰囲気を漂わせる場所が多い。
今でもはいからな街という印象があるのだから、
明治大正の時代には今以上にモダンな街だったの
だろう。そんなことに思いを馳せながら巡った。",,untranslated,
DATA5.BIN#1887930,DATA5.BIN,1887930,对话,"と一緒に
長崎市内をまわった。
長崎は坂の街だと聞いていたけれど、確かに
坂が多い。それも急な坂が多いのだ。
だから坂の上から見下ろす景色がとても印象的だ。
毎日走ったらいい運動になるだろうね、と
彼が冗談半分で言っていたけれど、確かに
これだけ坂が多いと、走る距離は同じでも
かなりいいトレーニングになりそうだ。
しかもこんなに素晴らしい景色が見られるの
だもの、きっと気分良く走れそうだ。",,untranslated,
DATA5.BIN#1888344,DATA5.BIN,1888344,对话,"をお誘いして
一緒に夜景を見た。
眼下に広がる灯りのひとつひとつが、
そこに誰かが暮らしていることの証なのだ
……そう思うと、何か不思議な気分になる。
修学旅行最後の夜に、素敵な想い出ができた。
ちょっと恥ずかしかったけれど、やはり
お誘いしてよかったと思う。
ありがとう、",,untranslated,
DATA5.BIN#1888631,DATA5.BIN,1888631,对话,"と縁日に行った時のこと。
途中でばったり芹華と鉢合わせしてしまった。
芹華の悲しそうな顔を見たら、何か自分が
とても悪いことをしているような気がして、
思わず『ごめんなさい』と謝ってしまった。
でも、それが却って彼女を傷つけてしまったかも
しれない。私、どうしたら良いのだろう……。",,untranslated,
DATA5.BIN#1888921,DATA5.BIN,1888921,对话,"と縁日に行った時のこと。
途中でばったり芹華と鉢合わせしてしまった。
私たちの姿を見つけた芹華は、何か落ち込んでいる
様子だった。ちょっと心配だ。
何か悩み事があるのだろうか。もしそうなら、私に
打ち明けてくれれば、相談に乗ってあげられるのに。
それとも、私には話せないくらい深刻な悩みなの
だろうか……どうしても気になってしまう。
今度、それとなく聞いてみようかな。",,untranslated,
DATA5.BIN#1889295,DATA5.BIN,1889295,对话,"と縁日に行った時のこと。
途中でばったり芹華と会った。
芹華ったら、二人の邪魔をして悪いだなんて
冗談ばっかり言うのだもの、困ってしまう。
一緒に観ようと誘ったのだけれど、何か
用があったのか早々とどこかに行ってしまった。
せっかく三人で楽しもうと思っていたのに、
ちょっと残念。",,untranslated,
DATA5.BIN#1889582,DATA5.BIN,1889582,对话,"と縁日に行った時のこと。
途中でばったり芹華と鉢合わせしてしまった。
芹華ったら、私たちを見て
けっこうお似合いだなんてからかって、
すぐにどこかへ行ってしまうのだもの。
おかげでそのあと妙に彼のことを意識してしまって、
上手にお話ができなくて困ってしまった。
私たちそんな風に見られていたのかな……。",,untranslated,
DATA5.BIN#1889891,DATA5.BIN,1889891,对话,"と縁日に行った時のこと。
途中でばったり芹華と鉢合わせしてしまった。
芹華ったら、私たちを見て意外な取り合わせだけど
案外お似合いだ、なんて言い出すから
驚いてしまった。
恥ずかしかったけれど、内心
けっこううれしい気持ちもあった。
でも、彼はどう思ったのかしら。
もしかして迷惑ではなかっただろうか…。",,untranslated,
DATA5.BIN#1890201,DATA5.BIN,1890201,对话,"と縁日に行った時のこと。
途中で偶然かずみちゃんと鉢合わせしてしまった。
私たちを見つけたかずみちゃんは、ごめんなさいと
謝って、どこかに行ってしまった。
でも、本当に謝らなくてはいけないのは私なのかも
しれない。彼女をとても傷つけてしまったような
気がする。私、どうしたら良いのだろう……。",,untranslated,
DATA5.BIN#1890501,DATA5.BIN,1890501,对话,"と縁日に行った時のこと。
途中で偶然かずみちゃんと鉢合わせになった。
私たちを見つけたかずみちゃんは、なぜか
ごめんなさいと謝って、どこかに行ってしまった。
いつも慌ただしいかずみちゃんだけれど、
ちょっと様子が違ったように見えたのは
気のせいかしら。でも、何か引っかかる気分だ……。",,untranslated,
DATA5.BIN#1890793,DATA5.BIN,1890793,对话,"と縁日に行った時のこと。
途中で偶然かずみちゃんと会った。
私たちを見つけたかずみちゃんは、
慌ててどこかに行ってしまった。
何か急用でもあったのだろうか。
せっかくの縁日なのだから、落ち着いて
楽しめる時間があれば良いのだけれど。",,untranslated,
DATA5.BIN#1891033,DATA5.BIN,1891033,对话,"と縁日に行った時のこと。
途中で偶然かずみちゃんと鉢合わせになった。
かずみちゃんはアルバイトの最中だったようで、
はっぴ姿がとても様になっていた。
いつも甲斐甲斐しく働いている彼女を見ていると
何だか元気をもらった気分になるから、不思議だ。",,untranslated,
DATA5.BIN#1891284,DATA5.BIN,1891284,对话,"と花火大会を観に行った時のこと。
途中でばったり芹華と鉢合わせしてしまった。
芹華の悲しそうな顔を見たら、何か自分が
とても悪いことをしているような気がして、
思わず『ごめんなさい』と謝ってしまった。
でも、それがかえって彼女を傷つけてしまったかも
しれない。私、どうしたら良いのだろう……。",,untranslated,
DATA5.BIN#1891584,DATA5.BIN,1891584,对话,"と花火大会を観に行った時のこと。
途中でばったり芹華と鉢合わせしてしまった。
私たちの姿を見つけた芹華は、何か落ち込んでいる
様子だった。ちょっと心配だ。
何か悩み事があるのだろうか。もしそうなら、私に
打ち明けてくれれば、相談に乗ってあげられるのに。
それとも、私には話せないくらい深刻な悩みなの
だろうか……どうしても気になってしまう。
今度、それとなく聞いてみようかな。",,untranslated,
DATA5.BIN#1891966,DATA5.BIN,1891966,对话,"と花火大会を観に行った時のこと。
途中でばったり芹華と会った。
芹華ったら、二人の邪魔をして悪いだなんて
冗談ばっかり言うのだもの、困ってしまう。
一緒に観ようと誘ったのだけれど、何か
用があったのか早々とどこかに行ってしまった。
せっかく三人で楽しもうと思っていたのに、
ちょっと残念。",,untranslated,
DATA5.BIN#1892261,DATA5.BIN,1892261,对话,"と花火大会を観に行った時のこと。
途中でばったり芹華と鉢合わせしてしまった。
芹華ったら、私たちを見て
けっこうお似合いだなんてからかって、
すぐにどこかへ行ってしまうのだもの。
おかげでそのあと妙に彼のことを意識してしまって、
上手にお話ができなくて困ってしまった。
私たちそんな風に見られていたのかな……。",,untranslated,
DATA5.BIN#1892578,DATA5.BIN,1892578,对话,"と花火大会を観に行った時のこと。
途中でばったり芹華と鉢合わせしてしまった。
芹華ったら、私たちを見て意外な取り合わせだけど
案外お似合いだ、なんて言い出すから
驚いてしまった。
恥ずかしかったけれど、本当はお似合いと言われて
うれしかった。
でも、彼はどう思ったのかしら。",,untranslated,
DATA5.BIN#1892859,DATA5.BIN,1892859,对话,"と花火大会を観に行った時のこと。
途中で偶然かずみちゃんと鉢合わせしてしまった。
私たちを見つけたかずみちゃんは、ごめんなさいと
謝って、どこかに行ってしまった。
でも、本当に謝らなくてはいけないのは私なのかも
しれない。彼女をとても傷つけてしまったような
気がする。私、どうしたら良いのだろう……。",,untranslated,
DATA5.BIN#1893167,DATA5.BIN,1893167,对话,"と花火大会を観に行った時のこと。
途中で偶然かずみちゃんと鉢合わせになった。
私たちを見つけたかずみちゃんは、なぜか
ごめんなさいと謝って、どこかに行ってしまった。
いつも慌ただしいかずみちゃんだけれど、
ちょっと様子が違ったように見えたのは
気のせいかしら。でも、何か引っかかる気分だ……。",,untranslated,
DATA5.BIN#1893467,DATA5.BIN,1893467,对话,"と花火大会を観に行った時のこと。
途中で偶然かずみちゃんと会った。
私たちを見つけたかずみちゃんは、
慌ててどこかに行ってしまった。
何か急用でもあったのだろうか。
せっかくの花火大会なのだから、落ち着いて
花火見物ができていれば良いのだけれど。",,untranslated,
DATA5.BIN#1893721,DATA5.BIN,1893721,对话,"と花火大会を観に行った時のこと。
途中で偶然かずみちゃんと鉢合わせになった。
かずみちゃんはアルバイトの最中だったようで、
はっぴ姿がとても様になっていた。
いつも甲斐甲斐しく働いている彼女を見ていると
何だか元気をもらった気分になるから、不思議だ。",,untranslated,
DATA5.BIN#1893975,DATA5.BIN,1893975,对话,"学校主催のクリスマスパーティーに参加した。
どうも騒がしいイベントは少々苦手なので
所在無くしていたところ、会場で割れたグラスを
一人で片付けている人がいた。
ゴミなど散らかし放しにする人も多いのに、
自分から進んで片付けるなんて、なかなかできる
ことではない。少しでもお役に立てばと思い
さっそくお手伝いした。
お名前を伺うと、",,untranslated,
DATA5.BIN#1894308,DATA5.BIN,1894308,对话,"さんというそうだ。
ここで知り合ったのも何かの縁なのかもしれない。
顔とお名前をよく覚えておくことにしよう。",,untranslated,
DATA5.BIN#1894423,DATA5.BIN,1894423,对话,"クリスマスパーティーに行った。
会場でお誕生日のプレゼントを渡そうと
思っていたのだけれど、あいにく彼の姿は
なかった。今日を逃すとお渡しする機会も
なかなかないと思い、夜分失礼かとは思ったが、
直接ご自宅に伺って手渡した。
彼はとても喜んでくれたみたいで、うれしかった。
わざわざご自宅まで伺った甲斐があるというものだ。
お誕生日おめでとうとメリークリスマスを
直接言えて、本当に良かった。",,untranslated,
DATA5.BIN#1894815,DATA5.BIN,1894815,对话,初めて行ったクリスマスパーティーで,,untranslated,
DATA5.BIN#1894855,DATA5.BIN,1894855,对话,"とお会いした。
彼も言っていたけれど、思っていた以上に
規模も大きい、にぎやかなパーティーだったので
ちょっと驚いてしまった。
学校が主催というから、もっとこじんまりと
したイベントだとばかり思っていたのだ。
でも思いの他楽しかったので、来年も参加して
みようと思う。",,untranslated,
DATA5.BIN#1895125,DATA5.BIN,1895125,对话,"クリスマスパーティーに行ったのはいいのだけれど。
ひとつ困ったことがあった。
あの、立食というものだ。
家では立ってご飯を食べる機会なんてまずないから、
どうしても慣れないのだ。
会場でお会いした",,untranslated,
DATA5.BIN#1895321,DATA5.BIN,1895321,对话,"に
そのことを話すと、
無理しないで休んできたらということだったので
会場の隅の方に用意されていた椅子席で
少し休むことにした。",,untranslated,
DATA5.BIN#1895454,DATA5.BIN,1895454,对话,"クリスマスパーティーに行った。
出てくるお食事がどれもとてもおいしかった。
さすがプロの手による料理だと感心する。
でも、何より一番うれしかったのは、
会場で",,untranslated,
DATA5.BIN#1895613,DATA5.BIN,1895613,对话,"にお会いできたこと。
あまり会話は交わせなかったけれど、
いいクリスマスを過ごすことができた。",,untranslated,
DATA5.BIN#1895714,DATA5.BIN,1895714,对话,"今年のクリスマスは、忘れられないものになった。
うちの蔵と懇意にしていただいている
レストランのオーナーさんが
二人分の席を用意してくださったので、
思い切って",,untranslated,
DATA5.BIN#1895875,DATA5.BIN,1895875,对话,"を
ディナーにお誘いしたのだ。
とても雰囲気の良いレストランで、彼と楽しく
お食事をしながら過ごすことができてよかった。
その帰り道、思いがけず雪が降って来た。
ホワイトクリスマス……なんてロマンティックな
光景だろう。
彼は傘を持っていなかったので、二人で一緒の
傘に入って帰ることにした。
雪がしんしんと降る底冷えの中、
彼が隣にいるというそれだけで、
なぜだか身体が温かくなってゆく。
このまま、ずっと彼に寄り添って歩いていたい……
そんな気分で家路についた。
本当に想い出に残る、幸せな時間を
過ごすことができた。",,untranslated,
DATA5.BIN#1896391,DATA5.BIN,1896391,对话,新年を迎えたということで、,,untranslated,
DATA5.BIN#1896423,DATA5.BIN,1896423,对话,"と一緒に
もえぎの神社へ初詣に出かけた。
お参りをして、今年一年家族や友人たちも含めて、
皆が健康で楽しく過ごせるように祈願して、
さらにもうひとつないしょのお願いをした。
ちょっと欲張りなお願いだったかな？
彼とは、お互いに素晴らしい年になるように
がんばろうと約束した。
年の初め、また新たな気持ちで学業や部活に
臨めそうだ。",,untranslated,
DATA5.BIN#1896785,DATA5.BIN,1896785,对话,"と一緒に
もえぎの神社へ初詣に出かけた。
お参りをして、今年一年家族や友人たちも含めて、
皆が健康で楽しく過ごせるように祈願して、
さらにもうひとつお願いをしたのだけれど、
お願いは口にすると叶わないという話だから、
こちらはないしょにしておこう。
彼とは、今年もまたよろしくお願いしますと
挨拶を交わした。お互いに良い年になるといいな。",,untranslated,
DATA5.BIN#1897156,DATA5.BIN,1897156,对话,"と一緒に
もえぎの神社へ初詣に出かけた。
お参りをして、今年一年家族や友人たちも含めて、
皆が健康で楽しく過ごせるようにお願いした。
まずは健康であることが何よりだ。
彼とは、この一年もがんばろうと挨拶を交わした。
お互いに良い年になるといいな。",,untranslated,
DATA5.BIN#1899433,DATA5.BIN,1899433,对话,"去年まではバレンタインデーなんて
あまり興味はなかったけれど、
今年はがんばってチョコレートを手作りしてみた。",,untranslated,
DATA5.BIN#1899547,DATA5.BIN,1899547,对话,"にプレゼントするためだ。
慣れないものを作ったのでいろいろと大変だったが、
彼も喜んでくれたみたいでうれしかった。
誰かのために心を込めて何かを作るということは、
とてもすばらしいことだと改めて思った。",,untranslated,
DATA5.BIN#1899754,DATA5.BIN,1899754,对话,"バレンタインデーということで、
今年もがんばってチョコレートを手作りしてみた。
今年は去年以上に凝ったものにしようと思って、
お菓子作りの本を読んで研究したりしてみた。
お菓子って、凝り出すと本当にいろいろ手間が
かかるものだと改めて痛感した。
でもその苦労も、彼の喜んだ顔とお礼の言葉で
充分過ぎるくらい報われたと思う。
いろいろと言われることも多いバレンタインデー
だけれど、年に一度でもこんな幸せな気分になれる
日なら、あってもいいと私は思う。",,untranslated,
DATA5.BIN#1900203,DATA5.BIN,1900203,对话,"バレンタインデーということで、
今年もがんばってチョコレートを手作りしてみた。
彼の喜ぶ顔が見たくて、
あれこれと手をかけていたら
出来上がったのは夜中過ぎだった。
でも、こういう時の作業というのは
不思議とつらいとは思わないし、
何より時間が経つのを忘れてしまうくらい
夢中になれるのだ。
誰かのために、心を込めて何かを作るというのは
自分と相手、二人分の幸せな気分を体験できる
行為なのかもしれない。
それは、チョコレートを渡した時に
私に見せてくれたあの笑顔が
証明してくれたように思う。",,untranslated,
DATA5.BIN#1900692,DATA5.BIN,1900692,对话,"バレンタインデーということで、
がんばってチョコレートを手作りしてみた。
彼の喜ぶ顔が見たくて、
あれこれと手をかけていたら
出来上がったのは夜中過ぎだった。
でも、こういう時の作業というのは
不思議とつらいとは思わないし、
何より時間が経つのを忘れてしまうくらい
夢中になれるのだ。
少しでも早く彼の喜ぶ顔が見たくて、ご自宅まで
届けに行った。
彼はとても喜んでくれたようで、うれしかった。",,untranslated,
DATA5.BIN#1901087,DATA5.BIN,1901087,对话,"の誕生日。
プレゼントを直接手渡ししたくて、放課後
校門のところで待って、一緒に帰ることにした。
少し恥ずかしかったけれど、思い切って
プレゼントを渡すと、彼はとても喜んでくれた。
やはり直接手渡しできてよかった。
それからの帰り道は、二人で楽しくおしゃべり
しながら家路についた。
お誕生日おめでとう、",,untranslated,
DATA5.BIN#1901399,DATA5.BIN,1901399,对话,"私の誕生日。
特に変わったこともなく
過ぎて行くものと思っていたら、",,untranslated,
DATA5.BIN#1901471,DATA5.BIN,1901471,对话,"からプレゼントを
いただいてしまった。
彼が私の誕生日を覚えていただけでも驚きなのに、
プレゼントまで用意していてくれたなんて
本当にうれしい。
心からお礼を述べて、ありがたく受け取る。
さっそくプレゼントを開けてみたが、
彼らしい心のこもった贈り物だったので、
よりいっそう幸せな気分になった。",,untranslated,
DATA5.BIN#1901768,DATA5.BIN,1901768,对话,"私の誕生日。
特に変わったこともなく過ぎて行くものと
思っていたら、",,untranslated,
DATA5.BIN#1901839,DATA5.BIN,1901839,对话,"から
プレゼントをいただいてしまった。
彼が私の誕生日を覚えていただけでも驚きなのに、
プレゼントまで用意していてくれたなんて
本当にうれしい。
心からお礼を述べて、ありがたく受け取る。
さっそくプレゼントを開けてみたが、
どうしてこれを贈る気持ちになったのか、
少々理解に苦しむものだった。
でも、これも彼なりのお祝いなのだろう。",,untranslated,
DATA5.BIN#1902171,DATA5.BIN,1902171,对话,"私の誕生日。
特に変わったこともなく
過ぎて行くものと思っていたら、
思いがけず",,untranslated,
DATA5.BIN#1902253,DATA5.BIN,1902253,对话,"から
プレゼントをいただいてしまった。
彼が私の誕生日を覚えていただけでも驚きなのに、
プレゼントまで用意していてくれたなんて。
心からお礼を述べて、ありがたく受け取る。
さっそくプレゼントを開けてみたが、
彼らしい贈り物で、思わず笑みがこぼれた。",,untranslated,
DATA5.BIN#1902586,DATA5.BIN,1902586,对话,"から
プレゼントをいただいてしまった。
彼が私の誕生日を覚えていただけでも驚きなのに、
プレゼントまで用意していてくれたなんて。
心からお礼を述べて、ありがたく受け取る。
さっそくプレゼントを開けてみたが、
どうしてこれを贈る気持ちになったのか、
少々理解に苦しむものだった。
でも、これも彼なりのお祝いなのだろう。
ありがとう、",,untranslated,
DATA5.BIN#1903005,DATA5.BIN,1903005,对话,"から
プレゼントをいただいて、驚いてしまった。
彼が私の誕生日を覚えていたなんて意外だし、
プレゼントまで用意していてくれたなんて……。
心からお礼を述べて、ありがたく受け取る。
さっそくプレゼントを開けてみたが、
彼らしい贈り物で、思わず笑みがこぼれた。
ありがとう、",,untranslated,
DATA5.BIN#1903273,DATA5.BIN,1903273,对话,"。
プレゼントは大切にします。",,untranslated,
DATA5.BIN#1903393,DATA5.BIN,1903393,对话,"から
プレゼントをいただいて、驚いてしまった。
彼が私の誕生日を覚えていたなんて意外だし、
プレゼントまで用意していてくれたなんて……。
心からお礼を述べて、ありがたく受け取る。
さっそくプレゼントを開けてみたが、
どうしてこれを贈る気持ちになったのか、
少々理解に苦しむものだった。
でも、これも彼なりのお祝いなのだろう。",,untranslated,
DATA5.BIN#1903723,DATA5.BIN,1903723,对话,"の誕生日。
お誕生日祝いのプレゼントを渡そうと思い、
彼を待つことにする。
ほどなく彼を見つけたので、プレゼントの品を
直接渡すことができた。
彼はとても喜んでくれたようで、
とてもうれしかった。
それから帰り道に、今度は彼の方から私に
誕生日のプレゼントをいただいてしまった。
彼が私の誕生日を覚えていただけでも驚きなのに、
プレゼントまで用意していてくれたなんて
本当にうれしい。
心からお礼を述べて、ありがたく受け取る。
さっそくプレゼントを開けてみたが、
彼らしい心のこもった贈り物だったので、
よりいっそう幸せな気分になった。",,untranslated,
DATA5.BIN#1904258,DATA5.BIN,1904258,对话,"の誕生日。
お誕生日祝いのプレゼントを渡そうと思い、
彼を待つことにする。
ほどなく彼を見つけたので、プレゼントの品を
直接渡すことができた。
彼はとても喜んでくれたようで、
とてもうれしかった。
それから帰り道に、今度は彼の方から私に
誕生日のプレゼントをいただいてしまった。
彼が私の誕生日を覚えていてくれただけでも
驚きなのに、プレゼントまで
用意していてくれたなんて本当にうれしい。
心からお礼を述べて、ありがたく受け取る。
さっそくプレゼントを開けてみたが、
どうしてこれを贈る気持ちになったのか、
少々理解に苦しむものだった。
でも、これも彼なりのお祝いなのだろう。
ありがとう、",,untranslated,
DATA5.BIN#1904838,DATA5.BIN,1904838,对话,"。
そしてお誕生日、おめでとう。",,untranslated,
DATA5.BIN#1904883,DATA5.BIN,1904883,对话,"の誕生日。
お誕生日祝いのプレゼントを一日でも早く
直接手渡そうと思い、彼のご自宅を訪ねた。
彼は突然の来客に少し驚いていたみたいだけれど
私が差し上げたプレゼントを受け取ると、
とても喜んでくれたようで、うれしかった。
彼の喜ぶ顔を見られただけでも、わざわざ来た
甲斐があったというものだ。
お誕生日おめでとう、",,untranslated,
DATA5.BIN#1905205,DATA5.BIN,1905205,对话,"私の誕生日。
お休みの日だったから
何事もなく終わると思っていたら、
突然",,untranslated,
DATA5.BIN#1905281,DATA5.BIN,1905281,对话,"から電話が。
渡したいものがあるから会えないかと
言うことだったので、
河川敷公園の入口で
待ち合わせすることにした。
彼が私にくれたのは、誕生日祝いの
プレゼントだった。
私の誕生日を覚えていてくれただけでも
驚きなのに、プレゼントまで用意してくれたなんて
本当にうれしい。それも、休日だというのに
わざわざ届けてくれるなんて。
せっかくなので、私の家まで来ていただいて
改めてお礼を言うことにした。
さっそくプレゼントを開けてみたが、
彼らしい心のこもった贈り物だったので、
よりいっそう幸せな気分になった。",,untranslated,
DATA5.BIN#1905863,DATA5.BIN,1905863,对话,"から電話が。
渡したいものがあるから会えないかと
言うことだったので、
河川敷公園の入口で
待ち合わせすることにした。
彼が私にくれたのは、誕生日祝いの
プレゼントだった。
私の誕生日を覚えていてくれただけでも
驚きなのに、プレゼントまで用意してくれたなんて
本当にうれしい。それも、休日だというのに
わざわざ届けてくれるなんて。
せっかくなので、私の家まで来ていただいて
改めてお礼を言うことにした。
さっそくプレゼントを開けてみたが、
どうしてこれを贈る気持ちになったのか、
少々理解に苦しむものだった。
でも、これも彼なりのお祝いなのだろう。",,untranslated,
DATA5.BIN#1906480,DATA5.BIN,1906480,对话,"から電話が。
渡したいものがあるから会えないかと
言うことだったので、
河川敷公園の入口で
待ち合わせすることにした。
彼が私にくれたのは、誕生日祝いの
プレゼントだった。
彼が私の誕生日を覚えていたなんて意外だし、
プレゼントまで用意していてくれたとは……。
それも、休日だというのに
わざわざ届けてくれるなんて本当にうれしい。
心からお礼を述べて、ありがたく受け取る。
早速プレゼントを開けてみたが、彼らしい贈り物で
思わず笑みがこぼれた。",,untranslated,
DATA5.BIN#1906996,DATA5.BIN,1906996,对话,"から電話が。
渡したいものがあるから会えないかと
言うことだったので、
河川敷公園の入口で
待ち合わせすることにした。
彼が私にくれたのは、誕生日祝いの
プレゼントだった。
彼が私の誕生日を覚えていたなんて意外だし、
プレゼントまで用意していてくれたとは……。
思いがけない出来事にちょっと驚いてしまったが、
心からお礼を述べて、ありがたく
受け取ることにした。
さっそくプレゼントを開けてみたが、
どうしてこれを贈る気持ちになったのか、
少々理解に苦しむものだった。
でも、これも彼なりのお祝いなのだろう。",,untranslated,
DATA5.BIN#1907574,DATA5.BIN,1907574,对话,"から電話が。
渡したいものがあるから会えないかと
言うことだったので、
河川敷公園の入口で
待ち合わせすることにした。
彼が私にくれたのは、誕生日祝いの
プレゼントだった。
彼が私の誕生日を覚えていたなんて意外だし、
プレゼントまで用意していてくれたとは……。
思いがけない出来事にちょっと驚いてしまったが、
心からお礼を述べて、ありがたく
受け取ることにした。
さっそくプレゼントを開けてみたが、
彼らしい贈り物で、思わず笑みがこぼれた。
ありがとう、",,untranslated,
DATA5.BIN#1908057,DATA5.BIN,1908057,对话,"私の誕生日。
お休みの日だったから何事もなく終わると
思っていたら、
突然",,untranslated,
DATA5.BIN#1908133,DATA5.BIN,1908133,对话,"から電話が。
渡したいものがあるから会えないかと
言うことだったので、河川敷公園の入口で
待ち合わせすることにした。
彼が私にくれたのは、
誕生日祝いのプレゼントだった。
彼が私の誕生日を覚えていたなんて意外だし、
プレゼントまで用意していてくれたとは……。
思いがけない出来事にちょっと驚いてしまったが、
心からお礼を述べて、ありがたく
受け取ることにした。
早速プレゼントを開けてみたが、
どうしてこれを贈る気持ちになったのか、
少々理解に苦しむものだった。
でも、これも彼なりのお祝いなのだろう。",,untranslated,
DATA5.BIN#1908635,DATA5.BIN,1908635,对话,"の誕生日。
お誕生日祝いのプレゼントを一日でも早く
直接手渡そうと思い、彼のご自宅を訪ねた。
彼は突然の来客に少し驚いていたみたいだけれど
私が差し上げたプレゼントを受け取ると、
とても喜んでくれたようで、うれしかった。
彼の喜ぶ顔を見られただけでも、わざわざ来た
甲斐があったというものだ。
お祝いを述べて帰ろうと思ったら、
今度は彼の方から
私に誕生日のプレゼントをいただいてしまった。
彼が私の誕生日を覚えていてくれただけでも
驚きなのに、プレゼントまで用意していて
くれたなんて本当にうれしい。
心からお礼を述べて、ありがたく
受け取ることにした。
さっそくプレゼントを開けてみたが、
彼らしい心のこもった贈り物だったので、
よりいっそう幸せな気分になった。",,untranslated,
DATA5.BIN#1909297,DATA5.BIN,1909297,对话,"の誕生日だったのに、
結局何もすることができなかった。
せめてお祝いの言葉だけでもと思い、夜分だったが
彼のご自宅に電話した。
彼は誕生日を覚えていてくれただけでもうれしいと
言ってくれて、少し救われた気分になった。
おめでとう、",,untranslated,
DATA5.BIN#1909537,DATA5.BIN,1909537,对话,"今日から修学旅行。
１日目は移動で終わってしまったけれど、
明日からの見学はとても楽しみだ。
一つ気になっているのは、
４日目にあるという自由行動のこと。",,untranslated,
DATA5.BIN#1909693,DATA5.BIN,1909693,对话,"は、もう予定を
決めたのだろうか？
一緒にまわれるならうれしいのだけれど…。",,untranslated,
DATA5.BIN#1909781,DATA5.BIN,1909781,对话,"の誕生日。
お誕生日祝いのプレゼントを一日でも早く
直接手渡そうと思い、彼の家を訪ねた。
彼は突然の来客に少し驚いていたみたいだけれど
私が差し上げたプレゼントを受け取ると、
とても喜んでくれたようで、うれしかった。
彼の喜ぶ顔を見られただけでも、わざわざ来た
甲斐があったというものだ。
お祝いを述べて帰ろうと思ったら、
今度は彼の方から
私に誕生日のプレゼントをいただいてしまった。
彼が私の誕生日を覚えていてくれただけでも
驚きなのに、プレゼントまで用意していて
くれたなんて本当にうれしい。
心からお礼を述べて、ありがたく
受け取ることにした。
さっそくプレゼントを開けてみたが、
どうしてこれを贈る気持ちになったのか、
少々理解に苦しむものだった。
でも、これも彼なりのお祝いなのだろう。",,untranslated,
DATA5.BIN#1910469,DATA5.BIN,1910469,对话,"どうしてこんなに心が騒ぐのだろう…。
明日、彼にお会いして、
この胸の内を伝えようと決めたのに
不安で不安でたまらない。
こんなことで明日、自分の気持ちが
ちゃんと伝えられるだろうか…。
彼はどんな顔をするだろうか…。
やはり不安だ……。",,untranslated,
DATA5.BIN#1910720,DATA5.BIN,1910720,对话,"にまた会った。
これも一つのご縁と思い、
思い切って合気道部にお誘いしたら、
彼はまだ部活には入っていないので
考えておくと言っていた。
断られなかったということは、少しは
期待してもいいということかな？
今は一人でも多くの部員を集めて、
合気道部を盛り上げなければ。",,untranslated,
DATA5.BIN#1910989,DATA5.BIN,1910989,对话,"朝の新鮮な空気を身体中に感じて走るのは
とても気持ちが良くて、心も軽やかになる。
そのせいか、同じように走っている人たちとも
自然にあいさつを交わせるようになってきた。
今日も男の人と学校の裏ですれ違ったときに、
思い切って『おはようございます』とあいさつした。
向こうはちょっと驚いていたみたいだけれど、
ちゃんとあいさつを返してもらえてよかった。",,untranslated,
DATA5.BIN#1911341,DATA5.BIN,1911341,对话,"気持ちの良い朝だった。
朝はいつもランニングから始まる。
途中、先日声をかけた男の人とまた一緒に
なったので、今日もあいさつをして
二言三言会話をしてみた。
よく見ると私と同じくらいの歳。
この近所に住んでいるのだろうか？
もし、同じ学校だったとしたら、
合気道部に入ってくれるかもしれない。
今度会ったら、思い切って尋ねてみよう。",,untranslated,
DATA5.BIN#1911673,DATA5.BIN,1911673,对话,"放課後、部活動の練習で学校のまわりを
走っていると、朝のランニングで何度か
お見かけしたあの男の人とばったりお会い
したので、改めてお互いに自己紹介をした。
彼の名前は",,untranslated,
DATA5.BIN#1911842,DATA5.BIN,1911842,对话,"、
やはりこの学校の生徒でしかも私と同じ学年だった。
思い切って合気道部にお誘いしたら、
彼はまだ部活には入っていないので
考えておくと言っていた。
断られなかったということは、少しは
期待してもいいということかな？
今は一人でも多くの部員を集めて、
合気道部を盛り上げなければ。",,untranslated,
DATA5.BIN#1912123,DATA5.BIN,1912123,对话,"合気道部にも少しずつ部員が増えてきて
うれしい。ただ、やはり初心者ばかりなので
ケガには十分注意しないといけない。
今日も男子の新入部員が練習中に受け身を
取り損ねてしまった。
名前は……たしか",,untranslated,
DATA5.BIN#1912317,DATA5.BIN,1912317,对话,"と言ったかな？
本人は大丈夫だと言っていたけれど、
小さい故障が大きなケガを誘発することも
あるので、保健室に連れて行って手当てをした。
大したけがではないということで、まずはひと安心。
でも、大事をとってその日は見学してもらった。
周囲に聞くとなかなか筋は良さそうとの
ことで、今後が楽しみと言っていた。
私も負けないようにがんばろう。",,untranslated,
DATA5.BIN#1912656,DATA5.BIN,1912656,菜单,今日、帰りに,,untranslated,
DATA5.BIN#1912673,DATA5.BIN,1912673,对话,"に会った。
思い切って合気道部にお誘いしたら、
彼はまだ部活には入っていないので
考えておくよと言っていた。
断られなかったということは、少しは
期待してもいいということかな？
今は一人でも多くの部員を集めて、
合気道部を盛り上げなければ。",,untranslated,
DATA5.BIN#1912915,DATA5.BIN,1912915,对话,"この頃、部活動に出るのがとても楽しい。
かわいい後輩たちができたからかもしれない。
どの子もみな素直で、上達も早い。
それに、ちょっと恥ずかしいけれど
みな私のことを慕ってくれている。
今日も部活動が始まった直後から
私に稽古をつけてほしいと
順番で待ってくれていた。
ちょうど通りかかった",,untranslated,
DATA5.BIN#1913202,DATA5.BIN,1913202,对话,"に
人気者なんだねと冷やかされてしまったけれど、
彼女たちの期待に応えるためにも、
より一層稽古に励んで精進しよう。",,untranslated,
DATA5.BIN#1913324,DATA5.BIN,1913324,对话,"この頃、部活動に出るのがとても楽しい。
かわいい後輩たちができたからかもしれない。
どの子もみな素直で、上達も早い。
それに、ちょっと恥ずかしいけれど
みな私のことを慕ってくれている。
今日も皆で甘味屋さんに行かないかと
私を誘ってくれた。
ちょうど通りかかった",,untranslated,
DATA5.BIN#1913706,DATA5.BIN,1913706,对话,"内側側副靭帯断裂……それが私に
下されたケガの症状だ。
休み時間、移動教室の時に
ふっと気が抜けて、そのまま階段の
上から転倒してしまったらしい。
でも、私自身はその時の記憶がまるでない。
激痛のあまり意識が戻ると、
私は階段の下でうずくまっていたのだ。
受け身も取れないくらい疲れていたのだろうか。
……確かにこのところ、部活動の稽古や
後輩の面倒を見るためにいろいろと忙しく、
ちょっと疲れ気味だったけれど、
まさかこんなことになるなんて……。
病院に来てからのことはよく覚えていない。
これから私、どうなってしまうのだろう……。",,untranslated,
DATA5.BIN#1914246,DATA5.BIN,1914246,对话,"がお見舞いに来てくれた。
彼には心配をかけたくなかったので
内緒にしていたのだが、どこからか
聞きつけて、駆けつけてくれたのだ。
でも、彼の顔を見ることができてほっとした。
彼にケガをした経緯と、手術も終わったので
近々に退院できることを伝える。
彼は気を使って心配してくださった。
でも、その優しさが、かえって今の私にはつらい。
だって、本当に伝えたかったことは、
言えずじまいだったから。
彼が来る少し前、お医者様から言われたのだ。
リハビリには長い時間がかかること、
そして……。
もし、リハビリがうまく進んだとしても、
以前のような運動ができるようになるかは
今のところ五分五分だということ……。
もう合気道ができなくなるかもしれないのだ。
でもそんな事実を彼に告げたら、きっと
ますます心配をかけてしまうだろう。
だから、言えなかった。
ごめんなさい、",,untranslated,
DATA5.BIN#1915014,DATA5.BIN,1915014,对话,"がお見舞いに来てくれた。
彼には心配をかけたくなかったので
内緒にしていたのだがばれてしまったようだ。
でも、彼の顔を見られてうれしかった。
彼にケガをした経緯と、手術も終わったので
近々に退院できることを伝える。
彼は気を使って心配してくださった。
でも、その優しさが、かえって今の私にはつらい。
だって、本当に伝えたかったことは、
言えず終いだったから。
彼が来る少し前、お医者様から言われたのだ。
そして……。
もし、リハビリがうまく進んだとしても、
以前のような運動ができるようになるかは
今のところ五分五分だということ……。
もう合気道が出できなくなるかもしれないのだ。
でもそんな事実を彼に告げたら、きっと
ますます心配をかけてしまうだろう。
だから、言えなかった。
ごめんなさい、",,untranslated,
DATA5.BIN#1915705,DATA5.BIN,1915705,菜单,退院してから初めて,,untranslated,
DATA5.BIN#1915728,DATA5.BIN,1915728,对话,"に
会ったので、日常生活には支障がないことと、
リハビリが２ヶ月以上かかることだけ伝える。
やはり、元の体調が戻るかどうかは
まだわからないことは言えなかった。
でも、彼の顔を見て何かほっとした。
正直これからが大変だけれど、がんばろう。",,untranslated,
DATA5.BIN#1915969,DATA5.BIN,1915969,对话,"ようやくお医者様から、
稽古の再開のお許しが出た。",,untranslated,
DATA5.BIN#1916024,DATA5.BIN,1916024,对话,"には無理はしないようにと
言われたけれど、
今までの分をとり返すためにも
がんばらないと。",,untranslated,
DATA5.BIN#1916120,DATA5.BIN,1916120,对话,"朝、後輩たちが重要な話があるといって
私のクラスを訪ねてきた。
私が入院してからというもの、自分たちも
合気道部を続けていく気力がなくなった。
ついては皆、休部したいと……。
彼女たちの言い分は理解できる。
自分の不注意が招いたケガで部を離れ、
その結果彼女たちの期待に応えることが
できなかった……私は、先輩として失格だ。
だから休部の件は承諾した。
放課後、誰もいない道場に一人たたずんでいると、
我知らず涙がこぼれてきた。
そんなとき、道場に",,untranslated,
DATA5.BIN#1916561,DATA5.BIN,1916561,对话,"が来た。
慌てて涙を拭ったが、きっと泣いている
ところを見られてしまった……恥ずかしい。
でも、彼の顔を見た途端、自分の中に
抑えていた言葉がつい口をついて出てきた。
こんなに悲しい想いをするのなら、私はもう
合気道を続けて行く自信がない……。
どうしたらいいのだろう。",,untranslated,
DATA5.BIN#1916833,DATA5.BIN,1916833,对话,"誰かが言っていた。
止まない雨はなく、明けない夜はないと。
そのことを実感する出来事があった。
後輩たちが、揃って部活動に復帰したいと
申し出てきたのだ。
うれしかった。本当にうれしかった。
みんなを信じて待ち続けた時間は、
決して無駄ではなかったのだ。
でもこの時間も、私一人では重すぎたかも
しれない。
やはり彼……",,untranslated,
DATA5.BIN#1917148,DATA5.BIN,1917148,对话,"が支えてくれたから、
ここまでやって来られたのだ。
そしてまたこの後輩たちと合気道ができるの
だと思うと、心から喜びを感じる。
もちろん、私自身も変わらなくてはいけない。
今までのように一方的に教えるだけではない、
彼女たちとともにこの合気道部を盛り上げて
いかなくては。
そう……『和』の心を忘れずに。
ありがとう、みんな……。
そして、ありがとう、",,untranslated,
DATA5.BIN#1917506,DATA5.BIN,1917506,对话,"部活動も後輩たちが戻ってきてから
順調に続いている。
私の体調もかなり良くなってきたし、
これなら次の大会には出場できそうだ。
少し前までは考えられなかったことだ。
これも、",,untranslated,
DATA5.BIN#1917680,DATA5.BIN,1917680,对话,"が支えてくれたから……
そう考えるといても立ってもいられず、
ぜひお礼を言おうと彼を探した。
校門のところで彼を見つけて、
感謝の気持ちを正直に告げた。
彼はしきりに謙遜していたけれど、
彼の言葉や行動……いいえ、彼の存在
そのものが、どれほど私の力になってくれたか。
彼に応えるためにも、今度の大会は
全力で挑もうと心に誓った。",,untranslated,
DATA5.BIN#1918010,DATA5.BIN,1918010,对话,"朝、後輩たちが重要な話があるといって
私のクラスを訪ねてきた。
私が入院してからというもの、自分たちも
合気道部を続けて行く気力がなくなった。
ついては皆、休部したいと……。
彼女たちの言い分は理解できる。
自分の不注意が招いたケガで部を離れ、
その結果彼女たちの期待に応えることが
できなかった……私は、先輩として失格だ。
だから休部の件は承諾した。
放課後、誰もいない道場に一人たたずんでいると、
我知らず涙がこぼれてきた。
そんなとき、道場に白鳥君が来た。
彼に事の次第を話すと、彼はこんなときこそ
弱気になってはダメだと私を励ましてくれた。
私も自分の気持ちを彼に話すことで
少し気分が楽になった。
白鳥君には感謝しなければ。",,untranslated,
DATA5.BIN#1918636,DATA5.BIN,1918636,对话,"朝、後輩たちが重要な話があるといって
私のクラスを訪ねてきた。
私が入院してからというもの、自分たちも
合気道部を続けていく気力がなくなった。
ついては皆、休部したいと……。
彼女たちの言い分は理解できる。
自分の不注意が招いたケガで部を離れ、
その結果彼女たちの期待に応えることが
出来なかった……私は、先輩として失格だ。
だから休部の件は承諾した。
放課後、誰もいない道場に一人たたずんでいると、
我知らず涙がこぼれてきた。
そんなとき、道場に矢部君が来た。
彼に事の次第を話すと、彼は明るく
ユーモアを交えて私を励ましてくれた。
私も自分の気持ちを彼に話すことで
少し気分が楽になった。
矢部君には感謝しなければ。",,untranslated,
DATA5.BIN#1919248,DATA5.BIN,1919248,对话,"退院して日常生活には戻ったけれど、
やはり時々足が痛んでつらい時がある。
そんなところに、",,untranslated,
DATA5.BIN#1919341,DATA5.BIN,1919341,对话,"とばったり会った。
そういえば彼には、ケガのことは教えていなかった。
私が事の次第を話すと、彼は驚いていた。
気を使わせては忍びないと思って
黙っていたのだけれど、かえって心配させて
しまったようで、彼には申し訳ないことをした。",,untranslated,
DATA5.BIN#1920472,DATA5.BIN,1920472,对话,"と一緒に遊びに行った…
本当、驚きだな、
まさかあたしと一緒に出かけようって
人間がいるなんてさ。
けど…いいヤツだったな…とても。
ちょっと変わってるけどな。
また一緒に遊びに行くのも、
いいかもな…。",,untranslated,
DATA5.BIN#1920683,DATA5.BIN,1920683,对话,"と一緒に遊びに行った…
けど、本当、驚きだな、
まさかあたしと一緒に出かけようって
人間がいるなんてさ。
けど…けっこういいヤツだったな、
ま、ちょっと話が合わないのを除けばだけど。
仕方ないか、あたしも合わせてなかったし。
でも、楽しかったな…
また一緒に行くのも、いいかもな…。",,untranslated,
DATA5.BIN#1920971,DATA5.BIN,1920971,对话,"と一緒に遊びに行った…
けど、本当、驚きだな、
まさかあたしと一緒に出かけようって
人間がいるなんてさ。
ま、あたしもまあまあ楽しかったけどね、",,untranslated,
DATA5.BIN#1921125,DATA5.BIN,1921125,对话,"と一緒に遊びに行った…
けど、本当、驚きだな、
まさかあたしと一緒に出かけようって
人間がいるなんてさ。
もっとも…あんまり楽しくもなかった。
話もあんまり面白くなかったし、
ちょっと後悔したかな…
ま、いっか、ヒマつぶしにはなったしな。",,untranslated,
DATA5.BIN#1921370,DATA5.BIN,1921370,对话,"と一緒に遊びに行った…
けど、本当、驚きだな、
まさかあたしと一緒に出かけようって
人間がいるなんてさ。
もっとも、全然面白くなかったけどな。
話は全然合わないし、
つまんないことばかり言ってさ。
家で昼寝してた方がマシだったね…
こんなんじゃ。",,untranslated,
DATA5.BIN#1921628,DATA5.BIN,1921628,对话,"も飽きないな…
あたしと一緒にいて楽しいのかな？
ま、いっか、あたしはすごく楽しいからね。
楽しい、か…。忘れてたな、こんな気持ち。
こういう時がずっと続いたら
いいんだけどな…。",,untranslated,
DATA5.BIN#1921823,DATA5.BIN,1921823,对话,"も飽きないな…。
あたしと一緒にいて楽しいのかな？
ま、あたしはけっこう楽しいけどね。
話がちょっと合わないのは仕方ないけど、
あいつは一生懸命あたしに合わせようって
してくれてる…。
いいヤツだよ、本当にね。",,untranslated,
DATA5.BIN#1922047,DATA5.BIN,1922047,对话,"も飽きないな…。
あたしと一緒にいて楽しいのかな？
ちょっと飽きたかな…あたしはね。
趣味とかも合わないし、
合わせようともしないし…。
ま、しょうがないか。
最初からそんなもんだって
思ってたからね…。",,untranslated,
DATA5.BIN#1922264,DATA5.BIN,1922264,对话,"も飽きないな…
あたしと一緒にいて楽しいのかな？
もっとも、楽しいと思われても困るけどね。
なにしろあたしは全然なんだから。
話も合わないし、だからって
そこまで面白いわけでもないし…
こんなの、時間の無駄だね。
家にいた方がマシだったよ、全く…。",,untranslated,
DATA5.BIN#1922514,DATA5.BIN,1922514,对话,あたし、どうしたんだろう…。,,untranslated,
DATA5.BIN#1922548,DATA5.BIN,1922548,对话,"と一緒にいると、
なんだかすごく楽しい。
ほんのちょっとのことでも、
あいつが言うと、すごくうれしいんだ…。
ちょっと前までこんなこと、
全然思わなかったのに…。
本当に不思議だよ…。",,untranslated,
DATA5.BIN#1922735,DATA5.BIN,1922735,对话,"…ったく、
しょうがないヤツだよ、",,untranslated,
DATA5.BIN#1922773,DATA5.BIN,1922773,对话,"は。
けどあたし、どうしたんだろう。
なんで胸が苦しいんだよ…。
あいつのことなんて、別に何とも
思ってなかったはずなのに…。
わかんないよ…本当に。
どうしてこんな気持ちになるんだ…。",,untranslated,
DATA5.BIN#1922967,DATA5.BIN,1922967,对话,"に誘われて美術館に行った。
変なヤツだよ…どうしてあたしなんて
誘うんだか。
ま、別に絵なんかに興味はなかったけど、
ヒマだったし、別に断る理由もなかった。
でも…来るんじゃなかったかな、やっぱり。
どれもこれも訳のわからない絵ばかり…。
あいつは『深い意味がある』なんて言ってたけど、
あたしにとってはどれも落書きだ…。",,untranslated,
DATA5.BIN#1923295,DATA5.BIN,1923295,对话,"と一緒に美術館に行った。
興味もないし、すぐ帰るつもりだったけど、
ちょっと予定変更…少しだけ長居した。
面白い絵を見つけたからだ。
昔のこの街の絵…風景画って言うのかな。
今の街との違いが面白い、ってのもあるけど、
それだけじゃない。
伝わってきたんだ、絵に込められたいろんな思いが。
これって多分、描いた人の思いだ…。
好きだったんだろうな、この町が。",,untranslated,
DATA5.BIN#1923651,DATA5.BIN,1923651,对话,"美術館ってのも、よく見てみるとわりと面白い。
相変わらず芸術とかってのはわからないけど、
わからないなりに楽しみようはあるもんだな。
でも、",,untranslated,
DATA5.BIN#1923793,DATA5.BIN,1923793,对话,"はあたしの見方が
気に入らないような顔をしてたな。
別に、そんなのいいじゃないか。
物の楽しみ方なんて人それぞれなんだし、
あたしはあたしの楽しみ方をするだけだ。",,untranslated,
DATA5.BIN#1923960,DATA5.BIN,1923960,对话,"美術館ってのは不思議な場所だ。
何の変哲もない壷や皿がさもたいしたもののように
並べられてるんだから。
あたしが学校の花瓶にピッタリの壷見つけたら、",,untranslated,
DATA5.BIN#1924111,DATA5.BIN,1924111,对话,"は『高すぎる』なんて
言うんだもんな。
道具ってのは使われてこそ価値があるって、
思うんだけどな…。
ま、あたしは、だけどね。",,untranslated,
DATA5.BIN#1924242,DATA5.BIN,1924242,对话,"美術館でルネサンスがどうとかって
催しやってたけど…面白くなかったな。
なんかみんな、どこかで見たことあるような絵
ばっかりだったからね。
見たことがない物を見るからこそ、
こういうのは面白いって思うんだけどな。",,untranslated,
DATA5.BIN#1924455,DATA5.BIN,1924455,对话,"は嫌な顔してたけど、
余計なお世話だ。
あたしなんか連れてくるのが悪いんだよ。",,untranslated,
DATA5.BIN#1924540,DATA5.BIN,1924540,对话,"美術館で伝統工芸展ってのをやってた。
最初は興味なかったけど、
見てみるとけっこう面白くて…
なんかあったかい気持ちになった。",,untranslated,
DATA5.BIN#1924669,DATA5.BIN,1924669,对话,"は『どの展示物も心がこもってる』
って言ってたけど…あたしもそう思うよ。
どれも温かくて…作った人の心がこもってる。
技術だけでなく、心も受け継がれる…
だからすごいんだな、伝統の力って。",,untranslated,
DATA5.BIN#1924867,DATA5.BIN,1924867,对话,"と一緒に水族館に行ったけど…
ウミガメの親子、楽しそうだったな。
けど、",,untranslated,
DATA5.BIN#1924942,DATA5.BIN,1924942,对话,"、ひどいこと言うよ。
一緒にいるのはただの習性だって？
そんなことないさ、親子なんだから。
そうさ、絶対違うよ…。
絶対に…。",,untranslated,
DATA5.BIN#1925078,DATA5.BIN,1925078,对话,"と一緒にアシカショウを観た。
けど…アイツ、全くわかってないよ。
アシカが芸をするのは『エサが目当て』だって？
冗談じゃない、それだけのはずがないよ。
お互いに信頼しあってるから
あんなすごいことできるんだ。
そうに決まってるよ…。",,untranslated,
DATA5.BIN#1925313,DATA5.BIN,1925313,对话,"スタジアムに野球を見に行った。
けど…全く困ったもんだよ、",,untranslated,
DATA5.BIN#1925375,DATA5.BIN,1925375,对话,"は。
試合の結果を『あれくらい予想してた』だってさ。
そのくせ、次の試合の結果を予想してみろって
言ったら、黙りこくってしまうんだからな。
全く、カッコつけるんなら、
もう少しましな台詞言うもんだよ。
試合の方はすごく良かったんだけどね。",,untranslated,
DATA5.BIN#1925616,DATA5.BIN,1925616,对话,"元々サッカーにはあまり興味ないけど…
やっぱり試合ってのは燃えるもんだね。
とくにあのペナルティキック、
あのゴールが決まる瞬間のスリルこそ、
勝負の醍醐味だよ。
誘ってくれた",,untranslated,
DATA5.BIN#1925792,DATA5.BIN,1925792,菜单,に感謝しなくちゃな。,,untranslated,
DATA5.BIN#1925821,DATA5.BIN,1925821,对话,"スタジアムに異種格闘技の試合を
観に行ったけど…すごかったな。
特にあの決め技の蹴り、あたしも
あれくらいやれたらいいんだけどな。
だけど…",,untranslated,
DATA5.BIN#1925962,DATA5.BIN,1925962,对话,"、言ってたな…
『乱暴だ』って。
…でも、かまうもんか。
そうさ、あたしは強くならなきゃ。
関係ないよ…乱暴かどうかなんて。",,untranslated,
DATA5.BIN#1926096,DATA5.BIN,1926096,对话,"と一緒に河川敷公園に行った。
やっぱり、春っていいな。
こういう所で昼寝したら、
すごく気持ちいいだろうね。",,untranslated,
DATA5.BIN#1926207,DATA5.BIN,1926207,对话,"は『こんな所で？』なんて
嫌そうな顔してたけど、
あたしがどこで寝ようと勝手だよ。
余計なお世話だっての。
ま、わかってもらおうとも思わないけどね。",,untranslated,
DATA5.BIN#1926365,DATA5.BIN,1926365,对话,"と一緒に河川敷公園に行った。
けどあいつ、どうして
ああも夢のないことしか言えないんだか…。
でも、うらやましいな…タンポポって。
あんな風に自由に飛んで行けたら…
なんて、柄じゃないかな、
あたしが思うのは。",,untranslated,
DATA5.BIN#1926583,DATA5.BIN,1926583,对话,"と一緒に河川敷公園に行った。
けど、さすがに夏だな…。
セミの声がすごかった。
あいつは『うるさいだけだ』なんて言ってたけど…
わかってないな。
精いっぱい鳴いて、短い命を燃やす…
はかないけど、すごく激しく、強く。
うるさいもんか、いい声だよ、とても。",,untranslated,
DATA5.BIN#1926844,DATA5.BIN,1926844,对话,"と一緒に河川敷公園に行った。
きれいだったな、春の川って。
澄みきってて、いろんな魚たちが
群れを作ってて…。
けど、",,untranslated,
DATA5.BIN#1926963,DATA5.BIN,1926963,对话,"はどうして
風情をぶち壊すことばかり言うのかね。
本当、呆れるよ…。",,untranslated,
DATA5.BIN#1927043,DATA5.BIN,1927043,对话,"と一緒に河川敷公園に行った。
やっぱり春っていいな…
木も草も、動物も、なんか生きてる、
って感じがするんだよ。",,untranslated,
DATA5.BIN#1927158,DATA5.BIN,1927158,对话,"にはあたしのこの気持ち、
通じたみたいだ。
来て良かったな、本当にさ。",,untranslated,
DATA5.BIN#1927240,DATA5.BIN,1927240,对话,"と一緒に公園の展望台に登った。
気持ち良かったな…風も、日差しも。
そういえば、",,untranslated,
DATA5.BIN#1927323,DATA5.BIN,1927323,对话,"が言ってたっけ、
『もっと高い所、知ってる』って。
行ってみようかな…ここより
気持ち良かったらいいけどね…。",,untranslated,
DATA5.BIN#1927439,DATA5.BIN,1927439,对话,"展望台から空を見てると、思うんだ…
あの向こうに何があるんだろ、ってね。",,untranslated,
DATA5.BIN#1927516,DATA5.BIN,1927516,对话,"、言ってたな、『似合わない』って。
ま、確かにそうかもしれないけど…
いいじゃないか、あたしだって
たまにはこういう気分にもなるんだよ。",,untranslated,
DATA5.BIN#1927658,DATA5.BIN,1927658,对话,"やっぱりいいな、展望台から見る空って。
けど、",,untranslated,
DATA5.BIN#1927708,DATA5.BIN,1927708,对话,"もなに言ってるんだかな。
『元々心が広い男』ってか…。
まったく、笑っちゃうよな。
ま、憎めないんだけどね、そういうところ。
でも…久しぶりに笑ったな、
そういう冗談でさ…。",,untranslated,
DATA5.BIN#1927886,DATA5.BIN,1927886,对话,"並木道を歩いたけど…
凄かったな、鳥の声。",,untranslated,
DATA5.BIN#1927933,DATA5.BIN,1927933,对话,"は『頭が痛くなる』なんて
言ってたけど…そんなことないさ。
いい声だよ、みんなね。
だけど…うらやましいな、あの小鳥たち。
仲間がたくさんいて、楽しそうで…。
…って、らしくないな、こんなの。
考えてもどうしようもないって…
わかってるはずなのに、な…",,untranslated,
DATA5.BIN#1928187,DATA5.BIN,1928187,对话,"並木道を歩いてると、
ついまわりの木に見とれてしまう。
不思議だな、木って…。
季節によっていろんな色に変わって、
しかも同じ色なんてほとんどない…。",,untranslated,
DATA5.BIN#1928339,DATA5.BIN,1928339,对话,"は『自然の神秘だ』って
言ってたけど…本当にそうだな。
ずっと見てたって飽きないよ…。",,untranslated,
DATA5.BIN#1928432,DATA5.BIN,1928432,对话,"並木道で親子連れとすれ違った。
なに話してるのかわかんなかったけど、
すごく楽しそうだった。
思ってもどうしようもないことだけど…
やっぱり…ちよっとうらやましいかな。",,untranslated,
DATA5.BIN#1928602,DATA5.BIN,1928602,对话,"にはついイヤな顔してしまったけど、
仕方ないのかもな…。
多分こんなこと思うの、あたしくらいだろうから…。",,untranslated,
DATA5.BIN#1928715,DATA5.BIN,1928715,对话,"初めて見るわけじゃないけど、
やっぱり桜っていいな。
はかなくて…それでいて、とても力強くて…。",,untranslated,
DATA5.BIN#1928815,DATA5.BIN,1928815,对话,"が言ってたっけ、
『人の生き様のようだ』って。
本当にそうかもな…。
だから、あんなにも強い想いが感じられて…
人は桜に惹かれるのかもしれない…。",,untranslated,
DATA5.BIN#1928966,DATA5.BIN,1928966,对话,"わからないな…。
花見ってのはどうしてこうも騒がしいんだろうね。",,untranslated,
DATA5.BIN#1929035,DATA5.BIN,1929035,对话,"もだよ、
騒ぐなら他でやれっての。
桜は静かに見るもんだ。
でなきゃ…もったいないよ、きれいなのに…。",,untranslated,
DATA5.BIN#1929143,DATA5.BIN,1929143,对话,うれしいな、今年もまた桜が見られた…。,,untranslated,
DATA5.BIN#1929187,DATA5.BIN,1929187,对话,"は不思議がってたけど、
当然か…。
ま、いいさ、わかんなくても。
こんな思いするのはあたしだけで充分…。
充分なんだから…。",,untranslated,
DATA5.BIN#1929321,DATA5.BIN,1929321,对话,"と一緒にペットショップに行った…。
けど、あたしはここ、嫌いだな。
ここにいる動物たち、みんな窮屈がってる。",,untranslated,
DATA5.BIN#1929433,DATA5.BIN,1929433,对话,"は『勝手な決めつけ』って
言ってるけど、そんな事、絶対ないさ。
自分たちの都合で勝手に動物を
閉じ込めるのは、もっと勝手だよ。
あたしは…そう思うよ…。",,untranslated,
DATA5.BIN#1929590,DATA5.BIN,1929590,对话,"ペットショップの動物たち、
よく見ると血統書だ何だといろいろな
肩書きが付いてる。
不思議なもんだ…生まれた時から
付けられてる肩書きなんて。",,untranslated,
DATA5.BIN#1929734,DATA5.BIN,1929734,对话,"は『勲章』とか言ってたけど…
あたしは納得できない、
できるわけないよ。
命の価値なんて、人が決められる
ものじゃないんだから…。",,untranslated,
DATA5.BIN#1929874,DATA5.BIN,1929874,对话,"と一緒にファンシーショップって
所に行ったけど…わからないな、
どこが楽しいのかね。
女の子だって、みんながみんな
こういう所に来たがるとは限らないよ。",,untranslated,
DATA5.BIN#1930028,DATA5.BIN,1930028,对话,"、読みが外れたな。
ま、あたしが女の子かどうかは
わからないけどね。",,untranslated,
DATA5.BIN#1930103,DATA5.BIN,1930103,对话,"本当、ファンシーショップって、
わからない所だ…
なんであんな不気味なぬいぐるみが人気なんだ？",,untranslated,
DATA5.BIN#1930201,DATA5.BIN,1930201,对话,"がだましてるとは
思わないけど…
やっぱりあたしにここは合いそうにない。",,untranslated,
DATA5.BIN#1930280,DATA5.BIN,1930280,对话,"せっかくファンシーショップに
来たんだし、何か買おうと思って",,untranslated,
DATA5.BIN#1930345,DATA5.BIN,1930345,对话,"に選んでもらったけど…
あいつ、わりといい趣味してるな。
これならあたしにも似合うかも…
ありがとうな、",,untranslated,
DATA5.BIN#1930451,DATA5.BIN,1930451,菜单,。本当に。,,untranslated,
DATA5.BIN#1930475,DATA5.BIN,1930475,对话,"と一緒に
カラオケ屋に行ったんだけど…。
まいったな。
苦手なんだ…こういう所。
それでも、",,untranslated,
DATA5.BIN#1930568,DATA5.BIN,1930568,对话,"が
『慣れることが重要』って言うから
一曲だけ歌ってみた。
思ったより嫌な気分じゃなかった…かな。
想像してたのよりマシだったって
程度だけどな。
そんな何度も行く所じゃないね、あそこは。",,untranslated,
DATA5.BIN#1930759,DATA5.BIN,1930759,对话,"はぁ…まずかったな。
つい",,untranslated,
DATA5.BIN#1930789,DATA5.BIN,1930789,对话,"に乗せられて、
カラオケなんて行ってしまった…
でも…",,untranslated,
DATA5.BIN#1930846,DATA5.BIN,1930846,对话,"、あんな顔しなくたって
いいじゃないか…傷つくなぁ。
そりゃまぁ…歌うのはあまり得意じゃないって
自覚してるけど…けどなぁ…。",,untranslated,
DATA5.BIN#1930983,DATA5.BIN,1930983,对话,"が神社に誘うんで
何かと思ったけど、
フリーマーケットだったんだな。
けど、いいな…ここって。
なんか、雰囲気があったかくてさ。
あの手作りの壷なんて、
作った人の人柄までわかるみたいだった。
来て良かったな…",,untranslated,
DATA5.BIN#1931191,DATA5.BIN,1931191,对话,"の言う通り、
ここならいろいろな発見がありそうだよ。",,untranslated,
DATA5.BIN#1931256,DATA5.BIN,1931256,对话,"と一緒に
フリーマーケットに行った。
だけど、変な奴だね、あいつも。
『あたしのハートを探してる』か…。
まったく、笑っちゃうよ。
でも…不思議なもんだな…、
ちょっと前ならそんな台詞、
嫌でたまらなかったのに…、
今はそんなに嫌じゃない。
どうしてかな…
もしかして…",,untranslated,
DATA5.BIN#1931521,DATA5.BIN,1931521,菜单,"だから？
…まさか…。",,untranslated,
DATA5.BIN#1931551,DATA5.BIN,1931551,菜单,マリンブリッジに行った…,,untranslated,
DATA5.BIN#1931581,DATA5.BIN,1931581,对话,"と一緒だ。
きれいだったな、海から見る風景…
そう、海も、町も…全部。
でも、あたしは夕日が一番好きだ。",,untranslated,
DATA5.BIN#1931688,DATA5.BIN,1931688,对话,"は『なんだかはかない感じ』って
言ってたけど、だからこそ
より強く心に残るんだって思うよ。
はかなくて、哀しくて、それでいて
とても鮮烈で…。
あのまま、ずっと見ていたかったな。",,untranslated,
DATA5.BIN#1931867,DATA5.BIN,1931867,菜单,と一緒にさ…。,,untranslated,
DATA5.BIN#1931890,DATA5.BIN,1931890,对话,"マリンブリッジから見る町は
とても小さくて…なんだか
まるで積み木みたいな感じかな。
だけど…
あの中にいろんな人たちがいて、
いろんな思いがあって…
そう考えると、何だかあの積み木が
とてもいとおしく思えてくる。",,untranslated,
DATA5.BIN#1932103,DATA5.BIN,1932103,对话,"は『そんな考え方もあるかもね』
ってうなずいてたな。
こんなこと、普通は考えないものなのかな…。",,untranslated,
DATA5.BIN#1932206,DATA5.BIN,1932206,对话,"植物園か…いいな、ここって。
静かで、とても落ち着いてて、
草木の…いろんな植物たちの声が
耳をすますと聞こえてくるんだ。",,untranslated,
DATA5.BIN#1932331,DATA5.BIN,1932331,对话,"はうらやましがってたけど…
わかんないよ、そんな風に思うなんて。
草木だって生きてるし、心だって持ってる。
通じるはずだよ、同じ生き物なんだから。
難しいことなんてないんだから…。",,untranslated,
DATA5.BIN#1932516,DATA5.BIN,1932516,对话,"植物園に来ると、何だか落ち着くよ。
とても静かで、ゆったりしてて…
何だか眠くなってくるくらいだ。",,untranslated,
DATA5.BIN#1932618,DATA5.BIN,1932618,对话,"は『こんな所で寝るのか』って
言ってたけど…わかんないかな、
こういう所の方が気分良く
寝られるってのにね。
もっとも、あたしはどこでも
眠れるんだけどね…。",,untranslated,
DATA5.BIN#1932785,DATA5.BIN,1932785,对话,"と一緒に
デパートのブティックに行ってみた。
多分、自分一人じゃ行かないな、ああいう所。
けど…わかんないよな。
あんなチャラチャラして動きにくい服、
どこがいいんだか。
普通の女の子って、ああいう服に
憧れるもんなのかな。
けど…",,untranslated,
DATA5.BIN#1933014,DATA5.BIN,1933014,对话,"、言ってたな…
『あたしにも似合う』だって？
なに言ってるんだ、全く。
あたしにあんな服が似合うはずないだろ。
似合うはず…ないよ…。",,untranslated,
DATA5.BIN#1933153,DATA5.BIN,1933153,对话,"ブティックに来ると目が痛くなる…。
どこを見ても派手な服ばかりでさ。
けど、",,untranslated,
DATA5.BIN#1933232,DATA5.BIN,1933232,对话,"、なにお世辞なんて
言ってるんだか…
ま、悪い気はしないけどね。
ほんのちょっとだけど、
その気になっちゃったよ…。",,untranslated,
DATA5.BIN#1933353,DATA5.BIN,1933353,对话,デパートの食品売り場に行った…、,,untranslated,
DATA5.BIN#1933391,DATA5.BIN,1933391,对话,"と一緒だ。
けど、来るんじゃなかったかな。
どうしてあそこに売ってるのって
どれもあんなに高いのかな…",,untranslated,
DATA5.BIN#1933496,DATA5.BIN,1933496,对话,"はどう思ってるか知らないけど
おいしさと値段は関係ないって思うけどね。
ま、料理しないあたしにはわかんない事かもな…。",,untranslated,
DATA5.BIN#1933626,DATA5.BIN,1933626,对话,"と一緒に宝石展に行った…
あまり興味なんてなかったけどね。
確かにきれいだよ、宝石って。
でも、そのまわりには人の欲や悪意…
いろんな邪念が渦巻いてるからね。
見てると頭が痛くなりそうだったよ。",,untranslated,
DATA5.BIN#1933821,DATA5.BIN,1933821,对话,"もなに言ってるんだろうな。
『あたしも興味があるんじゃないか』って？
冗談じゃないね。
ま、興味があるとすれば…
どうして人はただの石ころに
血相を変えて群がるのか、ってことくらいかな。",,untranslated,
DATA5.BIN#1934016,DATA5.BIN,1934016,对话,"とデパートのバーゲンセールに
行ったんだけど…やめとけばよかったな。
どうしてこの手の所ってどこも
同じような雰囲気なのかね、
品物に群がってる連中、どいつもこいつも
殺気立っててさ…本当、息が詰まりそうだ。
けど…",,untranslated,
DATA5.BIN#1934231,DATA5.BIN,1934231,对话,"『俺たちも買いに行こう』だって？
図太いんだか無神経なんだか…、
あたしは絶対ゴメンだよ。",,untranslated,
DATA5.BIN#1934333,DATA5.BIN,1934333,对话,"に誘われなきゃ、
ゲームショップに行こうなんて
思わなかっただろうな。
けど、わからないな…
面白いのかな、ゲームって。
あたしはやったことないからね。",,untranslated,
DATA5.BIN#1934486,DATA5.BIN,1934486,对话,"は『やったら面白さがわかる』
なんて言ってたけど、
最初からそんな気ないからな…。",,untranslated,
DATA5.BIN#1934575,DATA5.BIN,1934575,对话,"ＣＤショップで、ずいぶん懐かしい歌を見つけた。
あたしが本当に小さかった頃の歌だ。",,untranslated,
DATA5.BIN#1934662,DATA5.BIN,1934662,对话,"は『素敵だろうね』って
言ってたけど、そんなたいした歌じゃない。
ただ、よく歌ってたから耳に残ってるだけさ。
思い出すよ…あの頃のこと。
もう一度あの頃に帰れたら…
なんだか妙に感傷的になってるな、あたし。",,untranslated,
DATA5.BIN#1934872,DATA5.BIN,1934872,对话,"全く…何回来ても慣れないな、ジャンク屋ってさ。
好きなヤツは好きなんだろうけど、
あたしは絶対慣れないよ。
けど、",,untranslated,
DATA5.BIN#1934988,DATA5.BIN,1934988,对话,"、なに考えてるんだか。
『俺にもわかんない』だって？
売ってるものについて何も知らないのに、
どうして店に入ろうとするんだろうな。
結局何のための来たのかわかんないよ。
無責任っていうか…、わかんないヤツだね。",,untranslated,
DATA5.BIN#1935207,DATA5.BIN,1935207,对话,"って、よっぽどジャンク屋が
気に入ってるみたいだな。
あたしは全然なんだけどね…。
まったく、あたしもどうして
こんなとこについて来てるんだか。
けど、",,untranslated,
DATA5.BIN#1935359,DATA5.BIN,1935359,对话,"、
『ヤバイ物を売買してる』だなんて…
本当、嫌な冗談だな。
一瞬信じちゃったよ、まったく。",,untranslated,
DATA5.BIN#1935457,DATA5.BIN,1935457,对话,"久しぶりだな、スケートなんて。
スケート自体はすごく好きなんだ、
こういう所にはほとんど来ないけどね。
でも、",,untranslated,
DATA5.BIN#1935569,DATA5.BIN,1935569,对话,"はちょっとゆううつそうだ。
『スケートは苦手』とか言ってたけど…
最初から苦手だと思ってるから滑れないんだよ。
こういうのは慣れれば誰でも滑れるんだからさ。
ま、あたしが教えてやるか…。
感謝しなよ、こんなこと、めったにないんだから。",,untranslated,
DATA5.BIN#1935807,DATA5.BIN,1935807,对话,"スケートに行くと、氷上バレーみたいに
鮮やかに滑ってるカップルがいた。
すごくきれいで…カッコ良かったな。
あたしが滑るの忘れて、
つい見とれてしまったくらいなんだから。
なんかいいな、ああいうの。
お互いの息がよっぽど合ってないとできないよ。
けど、",,untranslated,
DATA5.BIN#1936057,DATA5.BIN,1936057,对话,"、
『メンドくさいだけだよ』だって？
どうしてそういう考えしかできないのかね。
一気に気分ぶち壊しだよ、まったく…。",,untranslated,
DATA5.BIN#1936184,DATA5.BIN,1936184,对话,"と一緒にゲームセンターに行った。
一人じゃ絶対に来なかったろうな、多分。
何すればいいのかまったくわからないから",,untranslated,
DATA5.BIN#1936300,DATA5.BIN,1936300,对话,"に聞いたら、
クレーンゲームを勧めてくれた。
なるほどね、他のゲームよりは
少し興味あるよ。
ま、せっかく来たんだしってことで
とりあえず一回遊んでみた。
…んー、もう何回か遊べば
コツがつかめそうな気がしたけど、
そんなムキになってやるもんでも
ないな、あれって。",,untranslated,
DATA5.BIN#1936566,DATA5.BIN,1936566,对话,"さすがに何回も来てると、
なんで皆がクレーンゲームに
夢中になるか、少しはわかってきたかな。
別にどうしても欲しいってわけじゃないけど、
全然取れないってのもちょっと悔しいからね。
けど、",,untranslated,
DATA5.BIN#1936754,DATA5.BIN,1936754,对话,"、
『何度やっても同じ』だって？
せっかく面白くなってきたのにさ…。
けど、おかしなもんだね。
普通ならそれってあたしの台詞なのにな。
…ま、いっか、たまにはね。",,untranslated,
DATA5.BIN#1936925,DATA5.BIN,1936925,对话,"と一緒に体感ゲームコーナーに
行ったんだけど…
正直、つらかった。
どうしてあんなにうるさいんだかな、
何度も耳をふさぎそうになっちゃったよ。
それなのに",,untranslated,
DATA5.BIN#1937079,DATA5.BIN,1937079,对话,"、
『ゲームの良さがわからない』だって？
余計なお世話だよ、まったく。
やっぱりあたしは静かな方が好きだね…。",,untranslated,
DATA5.BIN#1937195,DATA5.BIN,1937195,对话,"初めてダンスゲームをやってみた。
せっかくゲームセンターに来て、
何もやらないってのももったいないしね
けど…どうしちゃったのかな？
あたしは別に画面に合わせて動いてただけなのに、
いつのまにか後ろにずいぶん多くの人が集まってた。
おかげでちょっとやりにくかったな…",,untranslated,
DATA5.BIN#1937461,DATA5.BIN,1937461,对话,"は『あたしが上手いから』
なんてお世辞言ってたけど、
あれってそんなに難しいことかなぁ。
やっぱりゲームってわかんないよ。",,untranslated,
DATA5.BIN#1937594,DATA5.BIN,1937594,对话,"と一緒に映画に行った…
本物のペンギンの映像に
人間の声を入れた映画だったけど、
あたしには最後まで
居心地の悪い映画でしかなかったな。
ペンギンたち、みんな窮屈そうだった。
台詞とペンギンの気持ち、全然合ってなかったしね。",,untranslated,
DATA5.BIN#1937818,DATA5.BIN,1937818,对话,"は『そんなことない』って
言ってたけど…
どうしてわかんないのかな。
みんな黙って観てたんで、その時はそれ以上
言わなかったけどね…",,untranslated,
DATA5.BIN#1937960,DATA5.BIN,1937960,对话,"と一緒に映画に行った。
『少女時代』って昔の映画だった。
映画そのものはあんまり面白いとも
思わなかったけど、最後まで退屈はしなかった。
小さい頃の御田さんが出てたからだ。",,untranslated,
DATA5.BIN#1938134,DATA5.BIN,1938134,对话,"も言ってたけど、
小さい頃から御田さんの演技ってすごかったんだな。
何しろ門外漢のあたしだって、
ずっと目が離せなかったくらい
なんだから…。",,untranslated,
DATA5.BIN#1938281,DATA5.BIN,1938281,对话,"やっぱり期待通りだったな、
『メタルギアソリッド』。
アクション映画はこうでないとね。
特に、主人公のソリッド・スネーク、
あれこそ男の中の男、って感じだよ、
カッコ良くてさ。
けど、",,untranslated,
DATA5.BIN#1938464,DATA5.BIN,1938464,对话,"は違うみたいだ。
『ちょっと怖い』だって？
あの魅力がわかんないようじゃ、
男としてはまだまだだね。
もっと修行しな、って感じだよ。",,untranslated,
DATA5.BIN#1938606,DATA5.BIN,1938606,对话,"と映画に行った。
『ラブラブ四面楚歌』って映画だ。
なかなか面白かったけど、
あの主人公だけはいただけない。
四人姉妹をだまして、全員と同時に付き合うなんて。
ああいうヤツ、本当にいるのかな…
そう思って、",,untranslated,
DATA5.BIN#1938811,DATA5.BIN,1938811,对话,"に聞いてみたら、
『身につまされる』なんて答えたけど…
一瞬本気で怒りそうになったよ。
ま、冗談だとは思うけどね、本当だったら…
許せないね、絶対に。
ああいうのは映画の中だからこそ
笑ってられるんだからさ。",,untranslated,
DATA5.BIN#1939022,DATA5.BIN,1939022,对话,"クラシックのコンサートに行ったんだけど、
ちょっと物足りなかったかな。
だけど、",,untranslated,
DATA5.BIN#1939105,DATA5.BIN,1939105,对话,"ときたら…
『素養がないと良さがわからない』だって？
ああ、そうかい、それじゃ",,untranslated,
DATA5.BIN#1939186,DATA5.BIN,1939186,对话,"は
さぞかし素養にあふれてるんだろうな。
いっそのこと指揮者にでもなったらどうだい？
イヤな気分だね、まったく。",,untranslated,
DATA5.BIN#1939304,DATA5.BIN,1939304,对话,"『ＵＰａｎｄＤＯＷＮ』のコンサートに
行ったんだけど、楽しかったな…
やっぱりあたしには
ロックが一番合ってるよ。",,untranslated,
DATA5.BIN#1939421,DATA5.BIN,1939421,对话,"も『好きだ』って言ってたし、
来て良かったな、本当にね。",,untranslated,
DATA5.BIN#1939485,DATA5.BIN,1939485,对话,"アイドルのコンサートって、
ピンとこないんだよな…。
『恋羽こなみ』って、有名なアイドル…
っていうか本当は声優…らしいんだけど、
あたしにはどっちでも同じだよ。
そもそも興味ないしね。
けど、",,untranslated,
DATA5.BIN#1939678,DATA5.BIN,1939678,对话,"は
それが気に入らないみたいだ。
『アイドル道の修行が足りない』って？
余計なお世話だよ。",,untranslated,
DATA5.BIN#1939774,DATA5.BIN,1939774,对话,"『Ｕ＿Ｒｕｗａ＿Ｓｅｅ』って
バンドのコンサートに行ったんだけど、
ちょっと拍子抜けだったかな。
ファッションと歌がイマイチ合ってないんだよな。
けど、",,untranslated,
DATA5.BIN#1939927,DATA5.BIN,1939927,对话,"、
『見た目だけじゃ判断できない』だって？
ロックってのはファッションだって
重要なメッセージなんだ。
使うのは耳だけじゃないんだよ。
それをわかんないなんて、
まだまだかな…",,untranslated,
DATA5.BIN#1940115,DATA5.BIN,1940115,对话,"『ザ・タイツメン』か…
やっぱりすごいな、捨て身の芸ってのは。
本当、感動しちゃうよ。
だけど、",,untranslated,
DATA5.BIN#1940213,DATA5.BIN,1940213,对话,"にはちょっとな。
『全然捨て身じゃない』だって？
だったらやってみせてほしいね、その場でさ。
人のやってることを馬鹿にして喜ぶってのは最低だ。
あたしは絶対許せないよ、
それがどんなヤツだってね。",,untranslated,
DATA5.BIN#1940413,DATA5.BIN,1940413,菜单,プラネタリウムか…。,,untranslated,
DATA5.BIN#1940439,DATA5.BIN,1940439,对话,"には悪いけど、
あたしはずっと眠くて仕方なかったな。",,untranslated,
DATA5.BIN#1940496,DATA5.BIN,1940496,对话,"は『あんなに感動的なのに』なんて
言ってたけど…
そりゃ、ここの星空は雲で隠れたりすることは
ないし、星座について細かく教えてくれたり…
それなりに面白いとは思うよ。
けど…本当の星の光は作り物よりずっと…
ずっときれいなんだ。
眠くなる間もないくらいにね。
本当の星の輝きを見たことが一度でもあれば、",,untranslated,
DATA5.BIN#1940796,DATA5.BIN,1940796,对话,"だってあんなことは
言わないと思うけどなぁ。",,untranslated,
DATA5.BIN#1940848,DATA5.BIN,1940848,对话,"プラネタリウムに行ったら、七夕の伝説について
解説していた。
愛する二人が離ればなれになる伝説か…",,untranslated,
DATA5.BIN#1940950,DATA5.BIN,1940950,对话,"は
『ロマンチックでいい』なんて言うけど、
あたしはそういうの、好きじゃない。
そりゃストーリーとしちゃいいかもしれない、
だけど、愛する者同士がずっと一緒に
なれないなんて…本当だったら耐えられない。
悲しすぎるよ…。",,untranslated,
DATA5.BIN#1941173,DATA5.BIN,1941173,对话,"秋のプログラムは流星群についてだった。
スクリーンいっぱいに流星群が映し出されて、
つい、願い事してしまいそうになっちゃったよ。
けど、",,untranslated,
DATA5.BIN#1941311,DATA5.BIN,1941311,对话,"は意外そうだった。
『あたしはそんなこと信じないって思ってた』
ってね。
そうだな、裏切られてばっかりだったし。
…だけど…。
いいだろ、そんな時があったって。",,untranslated,
DATA5.BIN#1941484,DATA5.BIN,1941484,对话,"と一緒に
プラネタリウムに行った。
スクリーンに映った流星群に祈ってる
女の子がいたって",,untranslated,
DATA5.BIN#1941574,DATA5.BIN,1941574,对话,"に話したら、
『かなうわけない』って言ってたな。
そんなことないさ。
大切なのは思いの強さだよ。
そりゃ、あたしは神様も伝説も信じてないけど…
でも、やっぱり応援してやりたいんだ、
人の思いをね。",,untranslated,
DATA5.BIN#1941778,DATA5.BIN,1941778,对话,"と一緒に室内プールに行った。
こういう所、あまり来ないんだけど
なんか変だったな。
いろんな所から見られてる感じがしてさ。",,untranslated,
DATA5.BIN#1941903,DATA5.BIN,1941903,对话,"は、
『みんなあたしのことが気になってる』
なんて言ってたけど、
楽しいのかな、あたしなんて見て。
ま、別に気にしないからいいんだけどさ。",,untranslated,
DATA5.BIN#1942046,DATA5.BIN,1942046,对话,"室内プールに行ったら、知らない連中が
やけになれなれしく話しかけてきた。
ナンパって言うのかな、あれって。
ま、ちょっと真剣に目を見て話したら、
どこかに行っちゃったけどね。",,untranslated,
DATA5.BIN#1942222,DATA5.BIN,1942222,对话,"に話したら、ずいぶん興奮してた。
『どいつだ、ぶっ飛ばす！』だってさ。
なにムキになってんだ…って思ったけど、
ちょっとうれしかったかな。",,untranslated,
DATA5.BIN#1942366,DATA5.BIN,1942366,对话,"プールに行ったら、新しく
ウォータースライダーなんてのができてた。
いいね、こういうのを待ってたんだ。
さっそく急流で風を切って滑ろうかって思ったら、",,untranslated,
DATA5.BIN#1942519,DATA5.BIN,1942519,对话,"、どっちも怖いから嫌だなんて…。
ちぇっ、意気地がないな。
滑ってみたら怖さなんて忘れるに決まってるのに…
結局一人で滑ったけど、
あんまり楽しくなかったな…
がっかりだよ。",,untranslated,
DATA5.BIN#1942697,DATA5.BIN,1942697,对话,"プールに行くと、新しくボディボードの
コーナーができてた。
波乗りか…いいね、ロマンがあるよ。",,untranslated,
DATA5.BIN#1942795,DATA5.BIN,1942795,对话,"も『一緒にやってみよう』って
言うから、思い切って一番高い波に
挑戦してみた。
あれはなかなか楽しいもんだね。
機会があったらまたやってみたいよ。",,untranslated,
DATA5.BIN#1942946,DATA5.BIN,1942946,对话,"観覧車って、あんまり好きじゃなかったんだ。
他にも面白い乗り物はたくさんあるのに、
ゴンドラの中でじっとしてるだけの乗り物なんて
面白いのかな、ってね。
けど、ずっと乗ってるうちに良さがわかってきた
ような気がするよ。
いいもんだね、ゆっくり空の散歩って。
『これが観覧車の良さだよ』か…",,untranslated,
DATA5.BIN#1943233,DATA5.BIN,1943233,对话,"に感謝しなきゃな。
あいつがいなきゃ、観覧車に乗ることもなくて…
こんな楽しさ、ずっと知らなかっただろうからね。",,untranslated,
DATA5.BIN#1943352,DATA5.BIN,1943352,对话,"観覧車の中で聞いてみたんだ…
てっぺんで宙づりのままになったらどうする、
ってね。",,untranslated,
DATA5.BIN#1943438,DATA5.BIN,1943438,对话,"はずいぶんムキになってね
『あたしだけでも助ける』だってさ。
おかしいよな、ほんの冗談なのに。
でも、おかしいけど…うれしかった。
ちょっと、気恥ずかしいけどね。",,untranslated,
DATA5.BIN#1943605,DATA5.BIN,1943605,对话,"遊園地って言ったらジェットコースター！
まずこいつに乗らないと始まらないよ。
けど、",,untranslated,
DATA5.BIN#1943692,DATA5.BIN,1943692,对话,"め、『つまんない』だって？
それって、もっとすごい乗り物
知ってるってことだよな。
人をこんだけイヤな気分にさせたんだ、
そうでなきゃ…許さないよ。",,untranslated,
DATA5.BIN#1943858,DATA5.BIN,1943858,对话,"と
ゴーストハウスってのに行った。
初めから期待なんてしてなかったけど。
やっぱり全然怖くなかったな。
あまりに退屈だからあたしの方から怖がらせ方を
教えてやった。
そしたら",,untranslated,
DATA5.BIN#1944031,DATA5.BIN,1944031,对话,"は
『どうしてそういうことできるかな』だってさ。
なに言ってるんだよ。
客は怖がるために入ってくるんだから、
怖がらせる方ももっと真剣にやらなきゃ。
せめてあたしが怖がるくらいでなきゃ…
って、あたしがお化けを怖がってちゃ、
どうしようもないんだけどさ。",,untranslated,
DATA5.BIN#1944287,DATA5.BIN,1944287,对话,遊園地のステージでヒーローショウをやってた。,,untranslated,
DATA5.BIN#1944337,DATA5.BIN,1944337,对话,"はけっこう楽しそうだったけど、
あたしは別にどうってことなかったな。
元からあんまり興味もないし。
だけど、不思議なんだよな…
どうしてあいつら、戦うときにいちいち
ポーズを決めたりするのかな。",,untranslated,
DATA5.BIN#1944532,DATA5.BIN,1944532,对话,"は『それがヒーローのお約束』って
言ってたけど、そんなの知るかっての。
ポーズなんて変な手間かけてたら、すぐに
やられてしまうんだからな、本当の闘いは…。",,untranslated,
DATA5.BIN#1944692,DATA5.BIN,1944692,对话,"ナイトパレードっていいな…暗い中、
星の光が集まったみたいに明るくて、きれいだ…。
けど",,untranslated,
DATA5.BIN#1944783,DATA5.BIN,1944783,对话,"、変なお世辞言うもんだね。
『あたしだって素敵だと思う』って…
一瞬なんて言っていいかわかんなかったよ
けど、どうしてだろう…不思議だな。
普通ならそんな浮いた言葉は嫌いなんだけど、",,untranslated,
DATA5.BIN#1944967,DATA5.BIN,1944967,对话,"に言われると
なんかうれしいような…
そんな気分だったよ…。",,untranslated,
DATA5.BIN#1945039,DATA5.BIN,1945039,对话,"と一緒に潮干狩りに行った。
もっとも、あたしはやらなかったけどね。",,untranslated,
DATA5.BIN#1945110,DATA5.BIN,1945110,对话,"は『潮干狩りやらないの』って
聞いてきたけど…、
わざわざ泥だらけになろうとは思わないし、
それに…遊びで貝を捕るなんて、
好きじゃないんだ。
生きてるんだしね、貝だって。",,untranslated,
DATA5.BIN#1945286,DATA5.BIN,1945286,对话,"せっかく海に行ったのはいいんだけど、
あたしは泳ぐの、遠慮した。",,untranslated,
DATA5.BIN#1945355,DATA5.BIN,1945355,对话,"には悪いことしちゃったな…。
『海水浴嫌い？』なんて聞かれたけど、
別にそんなわけじゃないんだ。
海の中にはいろんなヤツがいるからね、
荒れてる時はそれが表に出やすいんだ。
でも、こんなこと言っても信じないよな…普通。",,untranslated,
DATA5.BIN#1945577,DATA5.BIN,1945577,对话,"海から見た夕日っていいな…。
海全体が金色に染まって、まるで夢の世界にでも
来たみたいでさ。
でも、",,untranslated,
DATA5.BIN#1945679,DATA5.BIN,1945679,对话,"は不満そうだったな…
『すぐ沈んでしまう』って。
確かにそうだね…だけど…
あたしは大好きなんだ、
はかないけど、だからこそ強く心に残る、
そんな夕日がね…。",,untranslated,
DATA5.BIN#1945841,DATA5.BIN,1945841,对话,"磯に行ったら、たくさんの釣り人が
海に釣り糸を垂らしてた。
わからないな…どうして釣りが趣味なんて
ヤツが多いんだか。",,untranslated,
DATA5.BIN#1945962,DATA5.BIN,1945962,对话,"は『釣ること自体が楽しい』って
言ってたけど、どこがだよ。
生き物の命を遊びで弄ぶのが楽しいなんて、
あたしには理解できないよ。
もっとも、理解する気もないけどね。",,untranslated,
DATA5.BIN#1946131,DATA5.BIN,1946131,对话,"岩場か…海じゃ一番好きな所だ。
ずっと見てても飽きないくらいにね。
けど、",,untranslated,
DATA5.BIN#1946208,DATA5.BIN,1946208,对话,"にとっては『荒っぽいだけ』
だそうだ…わかってないよ、全然。
本当にそれだけだって思ってるのか？
確かに荒っぽいけど、それだけじゃない。
力強くて、それでいて優しさがあってさ…
それくらいわかってて誘ってきたんだと
思ってたんだけどな…幻滅だよ。",,untranslated,
DATA5.BIN#1946462,DATA5.BIN,1946462,对话,"と一緒に牧場に行ったけど、
すっごくいい天気だったな…
風はさわやかで、日差しもあったかくてさ、
本当、来て良かったよ。
牧場の馬たちも、みんなすごく喜んでたしね。
けど、",,untranslated,
DATA5.BIN#1946634,DATA5.BIN,1946634,对话,"もおかしなこと聞くもんだな、
『馬の気持ちなんてわかるのか』だってさ。
わかって当然だって思うんだけどな。
何たって同じ生き物なんだしね。
別に難しくない、簡単なことなのに。",,untranslated,
DATA5.BIN#1946813,DATA5.BIN,1946813,对话,"牧場で、ずいぶん気性の荒そうな馬がいた。
でも、あたしが乗ったら
すぐおとなしくなってくれた。
ただ荒くれだったんじゃない…
あの馬は怖かったんだ、人間が。",,untranslated,
DATA5.BIN#1946971,DATA5.BIN,1946971,对话,"は
『あたしの気持ちが通じた』って言うけど、
別にあたしだから、ってんじゃない。
誰でも通じるよ…お互い信用しようとする
心があればね。
馬と人間って、パートナーなんだから。",,untranslated,
DATA5.BIN#1947154,DATA5.BIN,1947154,对话,"と山の湖に行った。
とても静かで、落ち着いた雰囲気…
あたしは好きだな、こういうの。",,untranslated,
DATA5.BIN#1947242,DATA5.BIN,1947242,对话,"は『夜は寂しいだろう』って
言ってたけど、そんなことないさ。
ここにはいろんな動物たちがいて、
静かなようでも確かな息吹がある…。
寂しくなんてないよ。",,untranslated,
DATA5.BIN#1947404,DATA5.BIN,1947404,对话,"と一緒に紅葉狩りに行った。
紅葉がとってもきれいで、雄大で…
それでいてすごく落ち着いてる。
これが自然の色ってやつなんだな。
でも、",,untranslated,
DATA5.BIN#1947539,DATA5.BIN,1947539,对话,"は何だか寂しそうだ。
『もう少しであの色も消える』か…
確かに紅葉って短くて、とてもはかないな。
だけど…だからこそ、一層きれいに輝いて、
強く心に残るんだって思うよ。",,untranslated,
DATA5.BIN#1947712,DATA5.BIN,1947712,对话,"スキーか…こんな風に遊びで
滑りに来たことなんてなかったな。
このスキーウェアも、実用性ばかりで地味だしね。
でも、気に入ってるんだ、この服。
別にいい思い出なんてなかったんだけど、
だからかな…すごく愛着があるんだ。
苦しい時も、ずーっと一緒だったからね。",,untranslated,
DATA5.BIN#1947970,DATA5.BIN,1947970,对话,"が『なかなか決まってる』って
言ってくれた時はうれしかったな…。",,untranslated,
DATA5.BIN#1948042,DATA5.BIN,1948042,对话,"同人誌即売会とかってのに行ったんだけど…
なんか、変わったイベントだったな。
熱気が普通のイベントとは全然違うし、
矢部の親戚みたいなヤツがたくさんいたし。",,untranslated,
DATA5.BIN#1948201,DATA5.BIN,1948201,对话,"に聞いたら、なんか言いにくそうに
口ごもってた。
『確かに独特』って…どういうイベントなんだ？
ま、あたしに合わない所だってのは
確かみたいだけどね…。",,untranslated,
DATA5.BIN#1948358,DATA5.BIN,1948358,对话,"また同人誌即売会に行ったんだけど…
会場の一角に並んでた、ピンク色のきれいな表紙で
薄っぺらい本がちょっと気になった。
けっこう売れてたみたいだったな。",,untranslated,
DATA5.BIN#1948513,DATA5.BIN,1948513,对话,"にそのことについて
聞いてみたんだけど、あいつ、『何のことかな』
とか言ってごまかすばかりで、
全然教えてくれないんだよな。
ありゃ、絶対買ってるぞ。
いつか見せてもらわないとな…。",,untranslated,
DATA5.BIN#1948704,DATA5.BIN,1948704,对话,"と一緒に同人誌即売会に行ったら、
ずいぶん不思議な服装の連中がたくさん歩いてた。
コスプレ、っていうのかな、ああいうの。",,untranslated,
DATA5.BIN#1948828,DATA5.BIN,1948828,对话,"は『やってみたい？』とか
聞いてきたけど、
あたしはああいう派手な格好は似合わないよ、
別にやりたいとも思わないし。
でも、",,untranslated,
DATA5.BIN#1948953,DATA5.BIN,1948953,对话,"、
なーんかしきりに惜しがってた
みたいなんだよな…何でだろ。",,untranslated,
DATA5.BIN#1949027,DATA5.BIN,1949027,对话,"と一緒に動物園に行ったけど…
なんか、あんまり楽しくなかったよ。
あそこにいる動物たち、
みんなオリの中で窮屈そうだ。
『そうしなきゃ襲われる』って",,untranslated,
DATA5.BIN#1949177,DATA5.BIN,1949177,对话,"は言ってたけど…
わかってないよ。
人間の都合で追い立てられて、
あんなオリに閉じこめられて…
あいつらにとって怖いのは
人間の方なんだから…。",,untranslated,
DATA5.BIN#1949325,DATA5.BIN,1949325,对话,"イヌねこランドか…
いいな、動物の放し飼いって。
でも、どうせなら犬や猫だけじゃなくて
他の動物の放し飼いってのもよかったのにな、
たとえば虎とかライオンとか…無理か。
ま、それはともかく…動物って、
誰にでもなつくってわけじゃないんだよな。",,untranslated,
DATA5.BIN#1949567,DATA5.BIN,1949567,对话,"は、
『動物は人の心を見透かしてしまう』
って言ってたけど、だからかもな…。
人間よりずっと繊細だから、
どんな気持ちだって伝わってしまう。
きっと動物たちは人間自身より人間のこと、
知ってるんだろうね…。",,untranslated,
DATA5.BIN#1949781,DATA5.BIN,1949781,对话,"と一緒に遊覧船に乗った。
見慣れた風景を海の上から見るのは
意外と新鮮なもんだね。
とくにマリンブリッジ、あの橋って
下から見るとあんなに大きかったんだな…って、
けっこうびっくりしたんだ。
けど…",,untranslated,
DATA5.BIN#1949978,DATA5.BIN,1949978,对话,"、
『そんなことではしゃぐなんて子供っぽい』
だって？
勝手だろ、あたしがどんなことで喜ぼうが。
一気に嫌な気分になっちゃったよ。",,untranslated,
DATA5.BIN#1950118,DATA5.BIN,1950118,对话,"と一緒にボウリングに行ったけど…、
あんまり調子が出なかったな。
どうしてかな…一生懸命やったつもり
なんだけどね。
でも、腹が立つのは",,untranslated,
DATA5.BIN#1950255,DATA5.BIN,1950255,对话,"だ。
『本当はこれが実力じゃないの』だって？
バカにされたもんだね、あたしも。
いいさ、覚えときなよ。
次に来た時は勝ってやるからな、
絶対にさ。",,untranslated,
DATA5.BIN#1950410,DATA5.BIN,1950410,对话,"と一緒にボウリングに行ったけど…、
あんまり調子が出なかったな。
どうしてかな…一生懸命やったつもり
なんだけどね。
でも",,untranslated,
DATA5.BIN#1950533,DATA5.BIN,1950533,对话,"、けっこういいヤツだよな。
『調子じゃなくてフォームが問題』って、
いろいろ教えてくれたんだ。
ありがとうな、",,untranslated,
DATA5.BIN#1950645,DATA5.BIN,1950645,对话,"。
次に来ることがあったら、
いい勝負できるって思うよ。",,untranslated,
DATA5.BIN#1950713,DATA5.BIN,1950713,对话,"と一緒に遊園地で観覧車に乗った。
遠くに見慣れた街並みが見えたから、
なんとなく家が見えたか、って聞いてみた。
そしたら、あたしの家は見えたかって
逆に聞き返されてしまった。
あたしの家は…
今の仮住まいじゃなくって、
本当の家は…ここからじゃ見えない。
そう答えたけど、
余計なことを話してしまったかな。
まあ、あの顔だと、特に気にしてた感じも
ないから、大丈夫か。",,untranslated,
DATA5.BIN#1951079,DATA5.BIN,1951079,对话,"いつもなら来ようなんて思わないんだ…
学校のクリスマスパーティーなんてさ。
元々興味もないし、人が多いのって苦手だしね。
けど…今年は違ってた",,untranslated,
DATA5.BIN#1951224,DATA5.BIN,1951224,对话,"が来てるかも、って思ったからさ。
よかったよ、あいつと話せて…
うれしかったんだ、それだけで…。",,untranslated,
DATA5.BIN#1951327,DATA5.BIN,1951327,对话,"あいつ、来なかったな…パーティーに。
クリスマスなんて何とも思わなかったんだけど…。
今のあたしにとって、クリスマスは特別な日だ。
あいつの…",,untranslated,
DATA5.BIN#1951471,DATA5.BIN,1951471,对话,"の誕生日だから。
だから、行ったんだ、あいつの家に。
プレゼントを届けたかっただけじゃない、
…会いたかったんだ。
あいつ、喜んでくれてた…。それだけで
充分、行った甲斐があったよ。",,untranslated,
DATA5.BIN#1951657,DATA5.BIN,1951657,对话,今日のクリスマス、思い切って,,untranslated,
DATA5.BIN#1951691,DATA5.BIN,1951691,对话,"を誘ってみた。
でも…あいつ、がっかりするかな。
すき焼きなんて全然クリスマスらしくないし…。
ごめんな、わがままなのはわかってるけど…
それでも…あいつに一緒にいてほしかった。
楽しかったんだ…とても。
親しい人と一緒にごちそうを囲んで、
いろんなこと、話して…
ほんの少しの間だけど、あの頃に…
幸せだった昔に戻れた、
そんな気がしたんだ。
ありがとうな、",,untranslated,
DATA5.BIN#1952045,DATA5.BIN,1952045,对话,"。
絶対忘れない…今日のクリスマス。
あたしの…大切な思い出なんだから。",,untranslated,
DATA5.BIN#1952129,DATA5.BIN,1952129,对话,"と一緒に初詣に行った。
いつもなら初詣なんて行こうと思わないんだけど、
今年は別なんだ…",,untranslated,
DATA5.BIN#1952220,DATA5.BIN,1952220,对话,"が一緒だからね。
でも…あいつ、何を祈ったんだろうな
あたしは『おまえと同じ』なんて言っちゃった
けど…まさかね。
本当にそうなら、うれしいんだけど…。
けど、楽しかったな…。
今年はきっといい年になる…
そう信じていいのかな…。",,untranslated,
DATA5.BIN#1952457,DATA5.BIN,1952457,对话,"と一緒に初詣に行った。
別に行く気はなかったんだけど、
あいつに誘われたとあっちゃ、断れないよ。
けど、久しぶりだな、神様に祈ったのなんて。
『ずっとこんな楽しい日が続かないかな』ってね。
でも、あいつは何祈ったんだろうな。
別に知ってどうってわけでもないけど…
なんか気になるよ。
けど、けっこう楽しかったな。
いい年、か…
本当にそうなったらいいね。",,untranslated,
DATA5.BIN#1952815,DATA5.BIN,1952815,对话,"と一緒に初詣に行った。
でも、やっぱり行くんじゃなかったな。、
神社は人込みがひどいし、
今さら神様なんかに祈ることもないしね…。",,untranslated,
DATA5.BIN#1952948,DATA5.BIN,1952948,对话,"も何が楽しくて
こんな所に来てるんだか。
本当、疲れるだけだったよ。",,untranslated,
DATA5.BIN#1953356,DATA5.BIN,1953356,对话,"と一緒に初詣に行った。
別に行く気はなかったんだけど、
あいつに誘われたとあっちゃ、断れないよ。
けど、久しぶりだな、神様に祈ったのなんて。
『ずっとこんな楽しい日が続いてほしい』…
ってね。
でも、あいつは何祈ったんだろうな。
別に知ってどうってわけでもないけど…
なんか気になるよ。
けど、けっこう楽しかったな。
いい年、か…
本当にそうなったらいいね…",,untranslated,
DATA5.BIN#1953717,DATA5.BIN,1953717,对话,"と初詣に行った。
別に行く気なんてなかったけど、
誘われて断る理由もないし、家にいても
ヒマだしね。
けど、やっぱり行くんじゃなかったね。
混んでるばかりだったし、
家で寝てる方がよかったよ、本当。",,untranslated,
DATA5.BIN#1953923,DATA5.BIN,1953923,对话,"と初詣に行った。
いつもなら初詣なんて行こうとも
思わないんだけど、
今年は",,untranslated,
DATA5.BIN#1954001,DATA5.BIN,1954001,对话,"が一緒だからね。
でも…あいつ、何を祈ったんだろうな
あたしは『おまえと同じ』なんて言っちゃった
けど…まさかね。
『ずっと一緒にいられたら…』なんてさ。
けど、楽しかったな…。
今年はきっといい年になるって…
そう信じてもいいのかな…。",,untranslated,
DATA5.BIN#1954246,DATA5.BIN,1954246,对话,"と一緒に初詣に行った。
別に行く気はなかったんだけど、
あいつに誘われたとあっちゃ、断れないよ。
けど、久しぶりだな、神様に祈ったのなんて。
『ずっとこんな楽しい日が続いてほしい』…ってね。
でも、あいつは何祈ったんだろうな。
別に知ってどうってわけでもないけど…
なんか気になるよ。
けど、けっこう楽しかったな。
いい年、か…
本当にそうなるといいね。",,untranslated,
DATA5.BIN#1954604,DATA5.BIN,1954604,对话,"と一緒に初詣に行った。
別に行く気なんてなかったけど…
家にいてもヒマだしね。
けど、やっぱり行かなきゃよかったな。
神社なんてどこも人込みばかりで全然
お参りどころじゃないし、
ましてやあたしは祈ろうとも思わないし…ね。
ヒマでも家で寝てた方がマシだったよ。",,untranslated,
DATA5.BIN#1954871,DATA5.BIN,1954871,对话,"にチョコレートをあげたんだけど…
さすがにちょっと恥ずかしかったな。
あんなチョコレートなんて買うの、
初めてだったし…。
ハート型でかわいいリボンが付いてて…
何たってあたしの柄じゃないしね。
けど、あいつが喜んでくれるのを見たら
恥ずかしさなんて吹っ飛んでしまったよ。
不思議だな…。",,untranslated,
DATA5.BIN#1955171,DATA5.BIN,1955171,对话,"に
チョコレートをあげたんだけど…
やっぱり、あんなハート型でかわいい包装の
チョコレートなんて、あたしの柄じゃないよ…。
レジに持ってくだけで、恥ずかしくて
仕方なかったからね。
ま、いいか、あいつは喜んでたみたいだし、
それだけで…満足だよ、あたしは。",,untranslated,
DATA5.BIN#1955440,DATA5.BIN,1955440,对话,"に
チョコレート、あげたんだけど…
やっぱり、あんなかわいい包装の
チョコレートなんて、あたしの柄じゃないよ…。
レジに持ってくだけで、
恥ずかしくて仕方なかったからね。
自分で作れればいいんだけど、
料理、しないしな。
ま、いいか、
あいつ、喜んでくれたみたいだし。
それだけで…満足だよ、あたしは。",,untranslated,
DATA5.BIN#1955752,DATA5.BIN,1955752,对话,"の誕生日だった。
だから、学校帰りにプレゼント渡したんだ、
別に学校で渡してもよかったんだけど…
やっぱりちょっと恥ずかしいし、
あたしの柄でもないからね。
けど、あいつ、喜んでたな。
よかった…渡した甲斐があったよ。
感謝しなよ、ちゃーんと覚えてたんだからな。",,untranslated,
DATA5.BIN#1956016,DATA5.BIN,1956016,对话,"ずっと思ってたんだ。
誕生日なんて、全然楽しくないって。
ほっといても歳なんて必ず取る物だし、
祝ってくれる人も…いないしね。
でも…今年はあいつ…",,untranslated,
DATA5.BIN#1956165,DATA5.BIN,1956165,对话,"が
プレゼントをくれたんだ。
あたしの誕生日、覚えててくれたんだな。
嬉しかったよ、すごく、うれしい…。",,untranslated,
DATA5.BIN#1956272,DATA5.BIN,1956272,菜单,、ありがとうな…。,,untranslated,
DATA5.BIN#1956299,DATA5.BIN,1956299,对话,"ずっと思ってたんだ。
誕生日なんて、全然楽しくないって。
ほっといても歳なんて必ずとるものだし、
祝ってくれる人も…いないしね。
でも…今年は違ってた。
あいつ…",,untranslated,
DATA5.BIN#1956461,DATA5.BIN,1956461,对话,"がプレゼントをくれたんだ。
あたしの誕生日、覚えててくれたんだな。
もらった物はちょっと残念だったけど…
でも、うれしかったよ、すごく…。",,untranslated,
DATA5.BIN#1956629,DATA5.BIN,1956629,对话,"ずっと思ってたんだ。
誕生日なんて、全然楽しくないって。
ほっといても歳なんて必ずとるものだし、
祝ってくれる人も…いなかったしね。
でも…その考え、改めなくちゃな。
今年もあいつ…",,untranslated,
DATA5.BIN#1956811,DATA5.BIN,1956811,对话,"が
プレゼントをくれたんだ。
嬉しかったよ、すごく、うれしい…。",,untranslated,
DATA5.BIN#1957088,DATA5.BIN,1957088,对话,"が
プレゼントをくれたんだ。
もらった物はちょっと残念だったけど…
でも、うれしかったよ、すごく…。",,untranslated,
DATA5.BIN#1957218,DATA5.BIN,1957218,对话,"誕生日なんて、全然うれしくなかった。
歳なんて必ずとるものなのに、ってね。
けど、今年はちょっと違ってた。
学校帰りに",,untranslated,
DATA5.BIN#1957338,DATA5.BIN,1957338,对话,"が
プレゼントをくれたんだ…。
あたしの誕生日、覚えててくれたんだな。
うれしいよ…ありがとうな、",,untranslated,
DATA5.BIN#1957569,DATA5.BIN,1957569,对话,"が
プレゼントをくれたんだ…。
あたしの誕生日、覚えててくれたんだな。
もらった物はちょっと残念だったけど…
でも、うれしいよ…ありがとうな、",,untranslated,
DATA5.BIN#1957723,DATA5.BIN,1957723,对话,"誕生日なんて、全然うれしくなかった。
歳なんて必ずとるものなのに、ってね。
でも…その考え、改めなくちゃな。
学校帰りに",,untranslated,
DATA5.BIN#1958078,DATA5.BIN,1958078,对话,"が
プレゼントをくれたんだ…。
あたしの誕生日、覚えててくれたんだな。
もらった物はちょっと残念だったけど…
でも、うれしいよ…",,untranslated,
DATA5.BIN#1958207,DATA5.BIN,1958207,菜单,、ありがとうな。,,untranslated,
DATA5.BIN#1958232,DATA5.BIN,1958232,菜单,学校の帰りに,,untranslated,
DATA5.BIN#1958249,DATA5.BIN,1958249,对话,"が待ってたから、
何だと思ったら…誕生日のプレゼントだってさ。
あいつもマメだね、あたしなんかの誕生日、
ちゃんと覚えてるなんて。
でも…なんか、うれしかったな。
ありがとうな、",,untranslated,
DATA5.BIN#1958427,DATA5.BIN,1958427,对话,"。
ちょっとは見直したよ、おまえのこと。",,untranslated,
DATA5.BIN#1958670,DATA5.BIN,1958670,对话,"。
ちょっとは見直したよ、おまえのこと。
もっとも、もらった物はちょっと
ガッカリだったけどね…。",,untranslated,
DATA5.BIN#1958774,DATA5.BIN,1958774,菜单,あたしと,,untranslated,
DATA5.BIN#1958787,DATA5.BIN,1958787,对话,"って
誕生日が同じ日なんだよな。
だから、学校帰りにプレゼント渡したんだけど…
驚いたよ、あいつもプレゼントをくれるなんて。
別によかったのに、あたしなんかにさ。
けど…覚えててくれたんだ、あたしの誕生日。
嬉しかったよ、すごく、うれしい…。",,untranslated,
DATA5.BIN#1959069,DATA5.BIN,1959069,对话,"って
誕生日が同じ日なんだよな。
だから、学校帰りにプレゼント渡したんだけど…
驚いたよ、あいつもプレゼントをくれるなんて。
別によかったのに、あたしなんかにさ。
けど…覚えててくれたんだ、あたしの誕生日。
もらった物はちょっと残念だったけど…
でも、うれしかったよ、すごく…。",,untranslated,
DATA5.BIN#1959384,DATA5.BIN,1959384,对话,"の誕生日だった。
だから、あいつの家まで
プレゼント渡しに行ったんだ。
別に明日学校で渡してもよかったんだけど…
こういうのは早い方がいいって思ったからさ。
あいつ、喜んでたな。
よかった…渡した甲斐があったよ。
感謝しなよ、ちゃーんと覚えてたんだからな。",,untranslated,
DATA5.BIN#1959642,DATA5.BIN,1959642,对话,"ずっと思ってたんだ。
誕生日なんて、全然楽しくないって。
ほっといても歳なんて必ずとるものだし、
…祝ってくれる人もいないしね。
でも…今年は違ってた。",,untranslated,
DATA5.BIN#1959796,DATA5.BIN,1959796,对话,"がプレゼントくれたんだ…
わざわざ電話して、こっちに来てくれて…
そんなに気を使わなくたってよかったのに。
せっかく来てくれたんだから、
あたしの部屋に上がってもらったけど…
あいつ、どう思ったかな。
がっかりしてなきゃいいけどな…。
だけど…うれしかったよ、すごく、うれしい…。",,untranslated,
DATA5.BIN#1960256,DATA5.BIN,1960256,对话,"がプレゼントくれたんだ…
わざわざ電話して、こっちに来てくれて…
そんなに気を使わなくたってよかったのに。
せっかく来てくれたんだから、
あたしの部屋に上がってもらったけど…
あいつ、どう思ったかな。
がっかりしてなきゃいいけどな…。
もらった物はちょっと残念だったけど…
でも、うれしかったよ、すごく…。",,untranslated,
DATA5.BIN#1960587,DATA5.BIN,1960587,对话,"ずっと思ってたんだ。
誕生日なんて、全然楽しくないって。
ほっといても歳なんて必ずとるものだし、
…祝ってくれる人もいないしね。
でも…その考え、改めなくちゃな。
今年も",,untranslated,
DATA5.BIN#1960757,DATA5.BIN,1960757,对话,"がプレゼントくれたんだ…
わざわざ電話して、こっちに来てくれて…
そんなに気を使わなくたってよかったのに。
せっかく来てくれたんだから、
あたしの部屋に上がってもらったけど…
ごめんな、あんな部屋で。
がっかりさせちゃってるだろうね…。
だけど…うれしかったよ、すごく、うれしい…。",,untranslated,
DATA5.BIN#1961235,DATA5.BIN,1961235,对话,"がプレゼントくれたんだ…
わざわざ電話して、こっちに来てくれて…
そんなに気を使わなくたってよかったのに。
せっかく来てくれたんだから、
あたしの部屋に上がってもらったけど…
ごめんな、あんな部屋で。
がっかりさせちゃってるだろうね…。
もらった物はちょっと残念だったけど…
でも、うれしかったよ、すごく…。",,untranslated,
DATA5.BIN#1961568,DATA5.BIN,1961568,对话,"誕生日なんて、全然うれしくなかった。
歳なんて必ず取るものなのに、ってね。
けど、今年はちょっと違ってた。",,untranslated,
DATA5.BIN#1961678,DATA5.BIN,1961678,对话,"がプレゼント持ってきてくれたんだ。
わざわざ電話までしてきて…そんなに気、
使わなくたっていいのにさ。
だけど…あいつ、あたしの誕生日、
ちゃんと覚えててくれたんだな。
うれしいよ…ありがとうな、",,untranslated,
DATA5.BIN#1961995,DATA5.BIN,1961995,对话,"がプレゼント持ってきてくれたんだ。
わざわざ電話までしてきて…そんなに気、
使わなくたっていいのにさ。
だけど…あいつ、あたしの誕生日、
ちゃんと覚えててくれたんだな。
もらった物はちょっと残念だったけど…
でも、うれしいよ…ありがとうな、",,untranslated,
DATA5.BIN#1962245,DATA5.BIN,1962245,对话,"誕生日なんて、全然うれしくなかった。
歳なんて必ずとるものなのに、ってね。
けど…その考え、改めなくちゃな。",,untranslated,
DATA5.BIN#1962926,DATA5.BIN,1962926,菜单,いきなり,,untranslated,
DATA5.BIN#1962939,DATA5.BIN,1962939,对话,"から電話があったから、
何だと思ったら…誕生日のプレゼント、だってさ。
あいつもマメだね、あたしなんかの誕生日、
ちゃんと覚えてるなんて。
でも…なんか、うれしかったな。
ありがとうな、",,untranslated,
DATA5.BIN#1963125,DATA5.BIN,1963125,对话,"。
お前のこと、ちょっとは見直したよ。",,untranslated,
DATA5.BIN#1963370,DATA5.BIN,1963370,对话,"。
お前のこと、ちょっとは見直したよ。
もっとも、もらった物はちょっと
ガッカリだったけどね…。",,untranslated,
DATA5.BIN#1963485,DATA5.BIN,1963485,对话,"って
誕生日が同じ日なんだけど、
今日は休みだったから、あいつの家までプレゼント
持って行ったたんだ。
そしたら驚いたな。
あいつもプレゼントをくれるなんて。
別に…よかったのに、あたしなんかに
気を使わなくても。
けど…覚えててくれたんだ、あたしの誕生日。
うれしかったよ、すごく、うれしい…。",,untranslated,
DATA5.BIN#1963818,DATA5.BIN,1963818,对话,"って
誕生日が同じ日なんだけど、
今日は休みだったから、あいつの家までプレゼント
持っていったんだ。
そしたら驚いたな。
あいつもプレゼントをくれるなんて。
別に…よかったのに、あたしなんかに
気を使わなくても。
けど…覚えててくれたんだ、あたしの誕生日。
もらった物はちょっと残念だったけど…
でも、うれしかったよ、すごく…。",,untranslated,
DATA5.BIN#1964169,DATA5.BIN,1964169,对话,静かだったな…阿寒湖って。,,untranslated,
DATA5.BIN#1964201,DATA5.BIN,1964201,对话,"、言ってたな。
『このまま時間が止まっていてほしい』
だって。
もし本当そうなっても、あたしは
かまわないよ…一人じゃないもんな。
…なーんて、こんな台詞、
あたしの柄じゃないかな。
でも…本当、そう思ってるんだよ…。",,untranslated,
DATA5.BIN#1964421,DATA5.BIN,1964421,对话,"今日は東照宮に行ったんだけど…
すごかったな、ここって。
造られたの、ずいぶん昔のはずなのに、
全然古びてないんだから。",,untranslated,
DATA5.BIN#1964544,DATA5.BIN,1964544,对话,"は
『造った人たちの思いがこもってる』
って言ってたけど、本当にそうだよな…
しっかり手入れされてるってのも
もちろんあるけど、
何よりも作り手の強い気持ちが
今でも強く残ってるんだ。
何だか気圧されるくらいだったよ。",,untranslated,
DATA5.BIN#1964764,DATA5.BIN,1964764,对话,"今日は清水寺に行ったんだけど…
あそこから見る景色って、きれいだったな。
すごく幻想的だったよ…現実の風景なのに。
そういえば",,untranslated,
DATA5.BIN#1964892,DATA5.BIN,1964892,对话,"も言ってたっけ。
『時間が止まってるみたい』か…。
本当にそうなったらよかったんだけどな。
あのまま時が止まったら、ずっとあの景色、
見てられたからね…。
もちろん、",,untranslated,
DATA5.BIN#1965058,DATA5.BIN,1965058,菜单,も一緒にね。,,untranslated,
DATA5.BIN#1965079,DATA5.BIN,1965079,对话,"やっぱり、牧場っていいな…。
乗馬もできるっていうしね。
でも、どうせ馬に乗るんなら、
もっと広い所がいいな。
全然囲いのない、どこまでも
広い野原をのびのびと走らせてやりたいよ。",,untranslated,
DATA5.BIN#1965260,DATA5.BIN,1965260,对话,"も
『広々した草原なんていいのに』って
言ってたしね。
その方が、馬だって喜ぶって
思うんだけどね…。",,untranslated,
DATA5.BIN#1965367,DATA5.BIN,1965367,对话,"旅行の３日目は国会議事堂の見学だ。
国会議事堂って、写真やテレビじゃ
けっこう大きく見えるのに、本物は小さいんだな。",,untranslated,
DATA5.BIN#1965487,DATA5.BIN,1965487,对话,"は『まわりにもっと
高い建物ができたから』
って言ってたけど…それって、
なんかまるで今の日本見てるみたいだよ。
…なんて、政治に興味ないあたしが言っても
説得力まるでなしだね。
ま、いっか、たまにはそういうこと、
思う時もあるってね。",,untranslated,
DATA5.BIN#1965725,DATA5.BIN,1965725,对话,"今日行った所はすごかったな…
見渡す限りの大平原、って感じでさ。
なんか、心も身体も大きくなった気分だったよ。
けど、",,untranslated,
DATA5.BIN#1965845,DATA5.BIN,1965845,对话,"は違ってたみたいだ。
『ちょっと退屈』だってさ。
そりゃ、他に何もないのは認めるけど、
あんな雄大な風景の中にいるんだ、
退屈してるヒマなんてないって
思うんだけどな…。",,untranslated,
DATA5.BIN#1966019,DATA5.BIN,1966019,对话,"教会か…古いけど落ち着いてて、
すごくいい雰囲気だったな。
けど、",,untranslated,
DATA5.BIN#1966088,DATA5.BIN,1966088,对话,"め…
『こんな所で結婚したら素敵』だって？
なに言ってるんだよ、まったく。
けど…いいかもな、静かな教会で、
二人きりの結婚式なんてのも…
多分、あたしには関係ないと思うけどさ…。",,untranslated,
DATA5.BIN#1966272,DATA5.BIN,1966272,菜单,修学旅行、最後の夜…,,untranslated,
DATA5.BIN#1966298,DATA5.BIN,1966298,对话,"と一緒に夜景を見に行った。
きれいだったな…。
まるで現実じゃない、夢の中みたいな風景だった。
だから…つい、思ったんだ…。
これが夢なら覚めないでほしい…
ずっとここで、夜景を見ていたい。",,untranslated,
DATA5.BIN#1966489,DATA5.BIN,1966489,对话,"と一緒に…ってね。
…なんて、らしくないかな。
あたしも驚いたよ…こんな気持ち、
もう忘れたって思ってたのに。
でも…ありがとうな、",,untranslated,
DATA5.BIN#1966622,DATA5.BIN,1966622,对话,"…。
いつも思ってたんだ、
学校生活で思い出なんて残せないって。
あたしにはそんな資格なんてないって…。
でも…そうじゃなかった。
忘れないよ、この４日間のこと…
そして、",,untranslated,
DATA5.BIN#1966793,DATA5.BIN,1966793,对话,"と見た、あの夜景…
あたし、絶対に…忘れない…。",,untranslated,
DATA5.BIN#1966854,DATA5.BIN,1966854,对话,"と一緒に花火大会に行ったんだけど、
そこで偶然恵美と会ったんだ。
でも…どうしたんだろうな、恵美…
変によそよそしくて、まるであたしたちのこと、
避けようとしてるみたいだった。
もしかして…何か勘違いでもしてるのかな？
けど、残念だな。恵美と一緒なら
花火、もっと楽しかったのに…。",,untranslated,
DATA5.BIN#1967143,DATA5.BIN,1967143,对话,"と花火大会に行ったら、
偶然恵美と出会った。
全く、恵美のヤツ、変なこと言うんだからな。
でも…どうしたんだろう、
あたし、恵美に会うと
妙に落ち着かない気分になって…、
それに、本当ならあんなこと言われると、
あまりいい気しないはずなのに、
あの時は全然そんなことなくて、
なんか、くすぐったい気分でさ…。
どうしちゃったんだろうな、
あたしらしくないよ…。",,untranslated,
DATA5.BIN#1967506,DATA5.BIN,1967506,对话,"と花火大会に行ったら、
偶然恵美と会ったんだけど…
恵美…ずっと顔、伏せてて…
すごく、つらそうな声で…
すぐに行っちゃった…逃げるみたいに。
それに…あたしも、
すごく…つらい気分になってた…。
そんな、どうして…？
あたし…恵美を傷つけちゃったのかな…。
だとしたら…謝らなきゃ…。
つらすぎるよ…こんなの…。",,untranslated,
DATA5.BIN#1967824,DATA5.BIN,1967824,对话,"と一緒に縁日に行ったんだけど、
そこで偶然恵美と会ったんだ。
でも…どうしたんだろうな、恵美…
変によそよそしくて、まるであたしたちのこと、
避けようとしてるみたいだった。
もしかして…何か勘違いでもしてるのかな？
けど、残念だな。恵美と一緒なら
縁日、もっと楽しかったのに…。",,untranslated,
DATA5.BIN#1968109,DATA5.BIN,1968109,对话,"と縁日に行ったら、
偶然恵美と出会った。まったく、
恵美のヤツ、変なこと言うんだからな。
でも…どうしたんだろう、
あたし、恵美に会うと
妙に落ち着かない気分になって…、
それに、本当ならあんなこと言われると、
あまりいい気しないはずなのに、
あの時は全然そんなことなくて、
なんか、くすぐったい気分でさ…。
どうしちゃったんだろうな、
あたしらしくないよ…。",,untranslated,
DATA5.BIN#1968472,DATA5.BIN,1968472,对话,"と縁日に行ったら、
偶然恵美と会ったんだけど…
恵美…ずっと顔、伏せてて…
すごく、つらそうな声で…
すぐに行っちゃった…逃げるみたいに。
それに…あたしも、
すごく…つらい気分になってた…。
そんな、どうして…？
あたし…恵美を傷つけちゃったのかな…。
だとしたら…謝らなきゃ…。
つらすぎるよ…こんなの…。",,untranslated,
DATA5.BIN#1968781,DATA5.BIN,1968781,对话,"今日から修学旅行だ…初めてだな、
学校のみんなと旅行なんて。
もっとも、そんなに興味があるわけじゃ
ないんだけどね。
それに…あたしなんかに行く資格が
あるのかどうかも…わかんないしな…。
ま、いっか、せっかく行くんだ。
ちょっとは楽しまなくちゃな。
何たって、",,untranslated,
DATA5.BIN#1969040,DATA5.BIN,1969040,菜单,も一緒だしね。,,untranslated,
DATA5.BIN#1969063,DATA5.BIN,1969063,对话,"ここに来て初めて、
学校ってこんなに楽しかったんだって知った。
それもみんな、あいつのおかげだった。
でも、気づくのが遅すぎたよ。
明日で卒業か…。
きっと、もう、会うこともなくなるんだな。
でも、最後に、この気持ちだけは…
あいつに知っておいてもらいたい……。",,untranslated,
DATA5.BIN#1969327,DATA5.BIN,1969327,对话,"屋上に初めてお客が来た。
あそこもうるさくなるかな…ま、仕方ないか。
だけど、",,untranslated,
DATA5.BIN#1969408,DATA5.BIN,1969408,对话,"、だったっけか、
なんかビクビクしてて何度も謝ってたけど、
もしかしてあたしが怖いってか？
ちぇっ、傷つくな…ってね。
いいさ、その方がずっと。
あたしなんかと関わっちゃいけない…
いいことなんて何もないんだから。",,untranslated,
DATA5.BIN#1969630,DATA5.BIN,1969630,对话,"が傘を返しに来た。
別によかったのにな…
あれはあたしが勝手に貸したんだから。
好きじゃないんだ、
困ってるヤツを見るのは。
でも、ちょっとだけ見直したかな…",,untranslated,
DATA5.BIN#1969789,DATA5.BIN,1969789,菜单,のことを。,,untranslated,
DATA5.BIN#1969808,DATA5.BIN,1969808,菜单,今日、学校で,,untranslated,
DATA5.BIN#1969825,DATA5.BIN,1969825,对话,"が
昨日の闘いのキズのこと、聞いてきた。
何て言ったらいいのかわかんなかったから、
とっさに転んだとか適当なこと言って
ごまかしちゃったよ。
けど、まいったね、本当…
今までの学校じゃ、あたしがケガしても、
誰も、何も言ってこなかった。
だけど、この学校は違ってた。
おかしなヤツだよ、",,untranslated,
DATA5.BIN#1970107,DATA5.BIN,1970107,对话,"って。
本当に転んだだけならよかったんだけどな。
…すまないね、嘘ついて。
だけど…辛いよ、全く。
闘ってケガすることが、じゃない。
平気な顔して嘘をつかなきゃ
ならないことがさ。
嫌いなんだ…そういうの。
ましてや下手だしね、嘘つくの。",,untranslated,
DATA5.BIN#1970357,DATA5.BIN,1970357,对话,"が話しかけてきたから、
もしかしたら、って思ったけど…
やっぱり昨日のケガのこと、聞いてきた。
一瞬迷ったよ、何て答えたらいいんだ、って。
結局、また転んだことにしといたけどね。
苦しい言い訳だな、我ながら。
ったく…あたしなんかに
いちいちかまうことなんてないのにさ…。
けど…どうしてだろうな…
ちょっとだけ、胸が痛む。
何でかな…嘘をついたから？
違う、この気分は…それだけじゃない。
本当に、ちょっとだけなんだけどね。",,untranslated,
DATA5.BIN#1970780,DATA5.BIN,1970780,对话,"今日は朝から学校中がずいぶん騒々しかった。
何かと思ったら前の闘いの跡が
見つかっちゃったんだな。
けど、危なかったよな…。",,untranslated,
DATA5.BIN#1970907,DATA5.BIN,1970907,对话,"にそのこと、聞かされた時は
ついうろたえちゃったよ。
まったく…あれで変な風に思われてなきゃ
いいんだけどね。
でも、次からは少しは学校を荒らさずに
闘うようにしないとな…って、
あたしだけ気をつけても仕方ないか…。",,untranslated,
DATA5.BIN#1971126,DATA5.BIN,1971126,对话,"今日は朝からイヤな予感がした。
天気はあまり良くないし、海の方も
荒れ気味だったし…こんな日は
海の中の連中が表に出やすいんだ。
だから、今日は海に入るのやめとこうって
言ったんだけど、",,untranslated,
DATA5.BIN#1971312,DATA5.BIN,1971312,对话,"、
あたしの言うこと、全然聞かないんだからな。
案の定、溺れそうになるんだからな。
本当、よかったよ…助かって。
だけど…どうしちゃったんだろう、あたし…。
あいつを助けた時のこと、思い出すと
何だか急に恥ずかしくなって…、
あの後ずっと…",,untranslated,
DATA5.BIN#1971550,DATA5.BIN,1971550,对话,"の顔、
見られなかった。
あたしはただ、無我夢中であいつを
助けようとした、それだけだったのに…。
本当…どうしちゃったたんだろう…。",,untranslated,
DATA5.BIN#1971689,DATA5.BIN,1971689,对话,"入学してからずっと思ってたんだ。
ここもどうせ他の学校と同じだって。
どうせ仕事が終わったらすぐに忘れてしまう、
そんな所なんだって。
でも、そんなことなかった。",,untranslated,
DATA5.BIN#1971853,DATA5.BIN,1971853,对话,"…闘ってるあたしを見て、
逃げなかった。
あたしを助けようと身体を張ってくれた…
だから…話したんだ、あたしのこと。
たとえ、それであいつが離れていっても…
もう、嘘はつきたくなかったんだ。
でも、あいつは離れなかった。
ううん、それどころか…言ってくれたんだ、
多分、一番…聞きたかった言葉を…。
今までいろんな学校で闘い続けてたけど…
闘う意味なんてわからなかった。
でも…やっとわかったような気がするよ。
みんなのためかどうかはわからない。
でも、おまえのためなら…あたしは闘える。
ここに来て…この学校に来てよかった。
本当に、よかったよ…。",,untranslated,
DATA5.BIN#1973202,DATA5.BIN,1973202,对话,"と出かけたけど、
バイト休んだ甲斐があったな。
思いっきり遊んで、スカッとしたもんね。",,untranslated,
DATA5.BIN#1973292,DATA5.BIN,1973292,对话,"があんなに楽しい人とは
思わなかった。
あたしたち、ものすごく気が合うかもね。",,untranslated,
DATA5.BIN#1973388,DATA5.BIN,1973388,对话,"と出かけちゃった。
バイト休んだのはちょっとマズかったけど…。
ま、いいか。いい気分転換になったし。",,untranslated,
DATA5.BIN#1973492,DATA5.BIN,1973492,菜单,って、いい人みたい。,,untranslated,
DATA5.BIN#1973532,DATA5.BIN,1973532,对话,"と出かけた。
ま、いい気晴らしにはなったかな。",,untranslated,
DATA5.BIN#1973583,DATA5.BIN,1973583,对话,、悪い人じゃないみたいだし。,,untranslated,
DATA5.BIN#1973631,DATA5.BIN,1973631,对话,"と出かけたけど、
失敗しちゃったな。
わざわざバイト休んだのに、面白くなかったもん。",,untranslated,
DATA5.BIN#1973719,DATA5.BIN,1973719,对话,"って、ちょっと気が利かない
タイプみたい。",,untranslated,
DATA5.BIN#1973780,DATA5.BIN,1973780,对话,"と出かけたけど、
もう大失敗。
わざわざバイト休んだのにね。時間の無駄だな。",,untranslated,
DATA5.BIN#1973860,DATA5.BIN,1973860,对话,って、あたしと気が合わないみたい。,,untranslated,
DATA5.BIN#1973903,DATA5.BIN,1973903,菜单,やっぱり,,untranslated,
DATA5.BIN#1973916,DATA5.BIN,1973916,对话,"っていい人かも。
一緒に遊んだ後って、ちっとも疲れが残らないもん。
また明日っからバリバリ働くぞーって気になるしね。
なんだか、あたしに元気くれてるみたい。
これって、気のせいかな？",,untranslated,
DATA5.BIN#1974108,DATA5.BIN,1974108,对话,"と一緒に遊んだ後って、
あんまり疲れ、気にならないんだよね。
充実感があって、いい気分転換になるって感じ。
いわゆるリフレッシュってヤツかな？",,untranslated,
DATA5.BIN#1974261,DATA5.BIN,1974261,对话,"と一緒に遊んだ後って、
やっぱりちょっと疲れちゃう。
これならバイトに行った方がマシかもしれない。",,untranslated,
DATA5.BIN#1974363,DATA5.BIN,1974363,对话,"って、もう少し
気をつかってくれてもいいと思うんだけどな。",,untranslated,
DATA5.BIN#1974434,DATA5.BIN,1974434,对话,"と一緒に遊んだ後って、
なんだかドッと疲れが出ちゃう。
気が重くなるんだよね。
これならバイトに行った方が全然マシ。",,untranslated,
DATA5.BIN#1974553,DATA5.BIN,1974553,对话,"って、もっと
まわりに気を使った方がいいと思うんだけどな。",,untranslated,
DATA5.BIN#1974630,DATA5.BIN,1974630,对话,"と一緒だと変なんだ。
なんか妙に緊張しちゃう。
バイトの面接受けた時だって、こんなに
ガチガチにならなかったのに。
だけど変なの。ちっとも疲れてなくって、
帰ってからもワクワクしちゃって…。
もしかしたら、",,untranslated,
DATA5.BIN#1974835,DATA5.BIN,1974835,对话,"があたしに元気、
分けてくれてるのかな？",,untranslated,
DATA5.BIN#1974883,DATA5.BIN,1974883,对话,"なんか違うな…。
いつもだったら",,untranslated,
DATA5.BIN#1974919,DATA5.BIN,1974919,对话,"と遊びに行くと
もっと楽しいのに…。
こんなにイヤな気持ちにならないのに…。
なんでだろ…。",,untranslated,
DATA5.BIN#1975014,DATA5.BIN,1975014,对话,"、なんだかあたしと居るの、
楽しくなさそうだった…。
あたし、何か悪いコトしたのかな…。
今度会った時、笑ってくれるかな…。",,untranslated,
DATA5.BIN#1975144,DATA5.BIN,1975144,对话,"この時期の河川敷公園って、暑いよね。やっぱり。
晴れてる日は風があるから気持ちいいけど、
雨の日はムシムシしてイヤだな。
あたしはやっぱり、カラッとしたのが好きだもん。
だけど",,untranslated,
DATA5.BIN#1975321,DATA5.BIN,1975321,对话,"って、
夏っぽくていいって言うの。
あたし、信じられなかったな。",,untranslated,
DATA5.BIN#1975397,DATA5.BIN,1975397,对话,"と河川敷公園に行ったけど、
ちょっと残念。天気、悪かった。
それであたし、天気が良かったらここで
日に焼けてみようかなって言ったのね。
なのに",,untranslated,
DATA5.BIN#1975540,DATA5.BIN,1975540,对话,"、
日焼けってただの火傷でしょ、なんて言うんだよ。
あたし、そういう偏屈な人って苦手だな。",,untranslated,
DATA5.BIN#1975642,DATA5.BIN,1975642,对话,"と河川敷公園を歩いてたら、
風がすごく寒かった。
それで、あたしつい愚痴っちゃった。
この時期のバイトはキツイんだよって。
あたしにしては珍しいんだけどね。
ちょっとこのところ、早朝のバイト、たくさん
入れすぎちゃってたから。
だけど",,untranslated,
DATA5.BIN#1975874,DATA5.BIN,1975874,对话,"は無責任に
『がんばれ』なんて言うの。
もう少し、気遣いってものを見せてくれても
いいと思うんだけどな。",,untranslated,
DATA5.BIN#1975989,DATA5.BIN,1975989,对话,"と河川敷公園に行って、
笹舟の話で盛り上がっちゃった。
葉っぱが流れてきたの見て、ふっと子供の頃のこと、
思い出したんだけど、",,untranslated,
DATA5.BIN#1976117,DATA5.BIN,1976117,对话,"も作るの
苦手なんだってね。
なんか親近感もっちゃったな。",,untranslated,
DATA5.BIN#1976182,DATA5.BIN,1976182,菜单,河川敷公園を,,untranslated,
DATA5.BIN#1976199,DATA5.BIN,1976199,对话,"と歩いてたら、
落ち葉が積もってるの見かけた。
あたし、もうすぐ冬だって実感しちゃった。
だけど",,untranslated,
DATA5.BIN#1976297,DATA5.BIN,1976297,对话,"に『忙しくなるな』なんて
言われて、ちょっと気が滅入っちゃった。
あたし、忙しいのは嫌いじゃないけど、
冬場のバイトはちょっとね。
朝がけっこう辛いんだよ。
わざわざ思い出させないでほしいな。",,untranslated,
DATA5.BIN#1976498,DATA5.BIN,1976498,对话,"と公園の展望台に行った。
あたしが潮の匂いがするって言ったら、
食欲をそそる、なんて言われちゃった。
実はあたしもそう思ってたんで、笑っちゃった。",,untranslated,
DATA5.BIN#1976647,DATA5.BIN,1976647,菜单,とは気が合うみたいだな。,,untranslated,
DATA5.BIN#1976685,DATA5.BIN,1976685,对话,"と公園の展望台に行った。
あたしが潮の匂いがするって言ったら、
海が近いから当たり前だって。
そりゃそうだけどね。
なんか話、弾まないな。",,untranslated,
DATA5.BIN#1976828,DATA5.BIN,1976828,菜单,公園の展望台に,,untranslated,
DATA5.BIN#1976847,DATA5.BIN,1976847,对话,"と行った。
だけど、残念ながら悪天候。
晴れてたら見晴らしがいいのにね。
でも",,untranslated,
DATA5.BIN#1976927,DATA5.BIN,1976927,对话,"、この景色は
晴れてちゃ見られないって。
あたし、思わず納得。
言われてみたらそうだもんね。",,untranslated,
DATA5.BIN#1977022,DATA5.BIN,1977022,对话,、面白い考え方するんだな。,,untranslated,
DATA5.BIN#1977156,DATA5.BIN,1977156,对话,"にそう言ったら、
ただの景色なのにそんなにこだわらなくても…
だって。
そんなにあたし、こだわってるかな？
けっこうムカついたな。",,untranslated,
DATA5.BIN#1977291,DATA5.BIN,1977291,对话,公園の展望台に行ってきた。,,untranslated,
DATA5.BIN#1977323,DATA5.BIN,1977323,对话,"と一緒だけど、
あんまり楽しくなかった。
ここに売店出したら、繁盛するかもって言ったら、
勝手なことしたら怒られるよ、だって。
ただの冗談なのにね。
ノリが悪い人だな、ほんと。",,untranslated,
DATA5.BIN#1977535,DATA5.BIN,1977535,对话,"と一緒だけど、けっこう楽しかった。
あたしがここに売店出したら
繁盛するかもって言ったら、買いに来てくれるって。",,untranslated,
DATA5.BIN#1977651,DATA5.BIN,1977651,对话,"、ノリがいいんだよね。
おしゃべりするの、楽しいな。",,untranslated,
DATA5.BIN#1977720,DATA5.BIN,1977720,对话,"と公園の並木道を散歩した。
あそこにいくと、なんか
見られてるような気がするんだよね。
そう言ったら、",,untranslated,
DATA5.BIN#1977824,DATA5.BIN,1977824,对话,"、
木の陰から小人さんがのぞいてる、なんて言うの。",,untranslated,
DATA5.BIN#1977879,DATA5.BIN,1977879,对话,"、面白い人だよね。
お話してて、すごく楽しかった。",,untranslated,
DATA5.BIN#1977942,DATA5.BIN,1977942,对话,"と公園の並木道を散歩した。
天気が良かったから、枝の間から見える日の光が
とてもキレイだった。
どうしてこんなにキレイに見えるのかなって
言ったら、",,untranslated,
DATA5.BIN#1978091,DATA5.BIN,1978091,对话,"は、木の枝が
光をキレイにしてくれるんだって。
なるほどね。
あたしなんだか納得しちゃった。",,untranslated,
DATA5.BIN#1978194,DATA5.BIN,1978194,对话,"と公園の並木道を散歩した。
天気が良かったから、枝の間から見える日の光が
とてもキレイだった。
どうしてそんなにキレイに見えるのかなって
言ったら、
目が暗い所に慣れてるからだよ、だって。
そんなつまんない理由じゃないと思うけどな。",,untranslated,
DATA5.BIN#1978429,DATA5.BIN,1978429,对话,公園の桜がキレイに咲いてたから、,,untranslated,
DATA5.BIN#1978467,DATA5.BIN,1978467,对话,"とお花見してきた。
桜の香りがすごくいい匂いだった。
そしたら",,untranslated,
DATA5.BIN#1978532,DATA5.BIN,1978532,对话,"、
桜に包まれてるみたいだねって。
上手いこと言うよね。
あたしと気が合うみたい。",,untranslated,
DATA5.BIN#1978625,DATA5.BIN,1978625,对话,"と公園でお花見してきた。
晴れてたから、いっぱい花見客が来てて、
すっごくにぎやかだった。
そしたら",,untranslated,
DATA5.BIN#1978727,DATA5.BIN,1978727,对话,"、
『俺たちも混ぜてもらおうか』って。
あたしも同じこと考えてたから、
うれしくなっちゃった。
やっぱり大勢の方が楽しいもんね。",,untranslated,
DATA5.BIN#1978865,DATA5.BIN,1978865,对话,"と公園でお花見してきた。
晴れてたから、いっぱい花見客が来てて、
ちょっと騒がしかった。",,untranslated,
DATA5.BIN#1978957,DATA5.BIN,1978957,对话,"、それ見て
『俺たちも混ぜてもらおうか』なんて言った。
いつもだったらあたし、そういうの好きなのに、
なんかその時はそんな気になれなかったな。
せっかく二人っきりでいたんだから、
このままがいいな…なんて
ちょっと考えちゃった。",,untranslated,
DATA5.BIN#1979185,DATA5.BIN,1979185,对话,"には恥ずかしくって
はっきりそう言えなかったけど…。",,untranslated,
DATA5.BIN#1979254,DATA5.BIN,1979254,对话,"とペットショップに行って来た。
確かにペットはかわいいんだけど、
自分で飼おうとは思ったことないんだ。
だって、死んじゃったら悲しいもんね。
そう言ったら",,untranslated,
DATA5.BIN#1979409,DATA5.BIN,1979409,对话,"、
生き物だから死ぬのは仕方ない、なんて言うの。
そういうドライな考え方、あたし好きじゃないな。",,untranslated,
DATA5.BIN#1979512,DATA5.BIN,1979512,对话,"商店街のペットショップって、けっこうお金、
かかってそうな感じ。
動物たちも良い物食べてそうだもんね。
あたしがそう言ったら、",,untranslated,
DATA5.BIN#1979640,DATA5.BIN,1979640,对话,"も賛成して
ぜいたくしてそう、だって。
だからあたし、つい
『だったら一緒にここに住む？』って
言っちゃった。あはは、もちろん冗談だけど。",,untranslated,
DATA5.BIN#1979780,DATA5.BIN,1979780,对话,"と一緒だと、
ホント愉快な気分になれるよね。",,untranslated,
DATA5.BIN#1979837,DATA5.BIN,1979837,对话,"と一緒に、
商店街のファンシーショップに行って来た。
あたし、あそこのお店に行くと、いつも何か
買いたくなるんだよね。
だけど",,untranslated,
DATA5.BIN#1979964,DATA5.BIN,1979964,对话,"は
『その気持ちが無駄遣いの始まりだよ』
って言ってくれて。
なんか助けられたって感じ。
けっこううれしかったな。",,untranslated,
DATA5.BIN#1980088,DATA5.BIN,1980088,对话,"と一緒に
商店街のファンシーショップに行って来た。
あたし、あそこのお店に行くと、いつも何か
買いたくなるんだよね。
我慢しなくちゃって思ってたら、",,untranslated,
DATA5.BIN#1980238,DATA5.BIN,1980238,对话,"が
『我慢しないで買っちゃえ』だって。
そーいう無責任な言い方する人って、
好きじゃないな。",,untranslated,
DATA5.BIN#1980341,DATA5.BIN,1980341,对话,"とカラオケに行って来た。
あたし、最近の曲ってよく知らないんだよね。
だけど、",,untranslated,
DATA5.BIN#1980422,DATA5.BIN,1980422,对话,"も同じなんだって。
そう言われてあたしだけじゃないんだって
ほっとした。
一緒に新曲練習できたし、楽しかったな。
今度行くときはきっとバッチリだよ。",,untranslated,
DATA5.BIN#1980580,DATA5.BIN,1980580,对话,"とカラオケに行って来た。
本当はあたし、最近の曲ってよく知らないんだよね。
そう言ったら、",,untranslated,
DATA5.BIN#1980673,DATA5.BIN,1980673,对话,"に怒られたけど、
それって、そんなに悪いことなのかな。
あたし、ちょっと納得できなかったな。",,untranslated,
DATA5.BIN#1980772,DATA5.BIN,1980772,对话,"あたしって音痴だけど、歌うのは好きなんだよね。
カラオケショップに行ったら
採点機能っていうのがあって、
面白そうだからやってみようって言ったんだ。
だけど",,untranslated,
DATA5.BIN#1980929,DATA5.BIN,1980929,对话,"、
『恥ずかしいからパス』だって。
だからあたし、一緒に楽しく
歌えればいいんだよって言ってあげちゃった。",,untranslated,
DATA5.BIN#1981041,DATA5.BIN,1981041,对话,"あたしって音痴だけど、歌うのは好きなんだよね。
カラオケショップに行ったら
採点機能っていうのがあって、
面白そうだからやってみようって言ったんだ。
なのに",,untranslated,
DATA5.BIN#1981198,DATA5.BIN,1981198,对话,"、
『あんなの当てにならないよ』なんて言うの。
多分、低い評価が出るのが嫌だから
そんなこと言ったんだろうな。
あたし、そういう虚勢を張る人って好きじゃないな。
男だったら、正々堂々と勝負しなきゃダメだよね。",,untranslated,
DATA5.BIN#1981415,DATA5.BIN,1981415,对话,"と一緒に
ゲームセンターに行って来た。
あたし、クレーンゲームが大得意なんだけど、",,untranslated,
DATA5.BIN#1981501,DATA5.BIN,1981501,对话,"もそうなんだって。
それで、自分の方が上手いなんて言うの。
このあたしに挑戦しようなんて、
なかなかチャレンジ精神旺盛だね。
うんうん、良いコトだと思うよ。",,untranslated,
DATA5.BIN#1981662,DATA5.BIN,1981662,对话,"あそこのゲームセンターには占いゲームってのも
あったんだね。
あたし、占いとかってあんまり興味ないから
気が付かなかった。
だけど、",,untranslated,
DATA5.BIN#1981795,DATA5.BIN,1981795,对话,"に相性占いしようって
言われちゃった。
そういうことして楽しいのかな？",,untranslated,
DATA5.BIN#1981872,DATA5.BIN,1981872,对话,"あそこのゲームセンターには占いゲームってのも
あったんだね。
あたし、占いとかってあんまり興味ないから
気が付かなかった。",,untranslated,
DATA5.BIN#1981997,DATA5.BIN,1981997,对话,"も同じみたい。
一緒に遊びに行った時、
『運命は自分で決めるもの』なんて言われちゃった。
ちょっとキザだけど、あたしも賛成だな。
うんうん、良いこと言うよ！",,untranslated,
DATA5.BIN#1982163,DATA5.BIN,1982163,对话,"とゲームセンターに行って、
レースゲームで遊んで来た。
だけど",,untranslated,
DATA5.BIN#1982228,DATA5.BIN,1982228,对话,"、失礼なんだよね。
あたしがぶつけてばっかりだって言ったら、
『本物の車は運転しない方がいい』なんて言うの。
あたしだって、本物の車でぶつけたりしないっての。
ホント、失礼しちゃう。あたしのこと、
どんな風に考えてんのかな。",,untranslated,
DATA5.BIN#1982461,DATA5.BIN,1982461,对话,"とゲームセンターに行って、
レースゲームで遊んで来た。
けっこう楽しかったな。
あたしが、ぶつけてばっかりだけど、
それもストレス解消になって楽しいって
言ったら、",,untranslated,
DATA5.BIN#1982625,DATA5.BIN,1982625,对话,"も賛成してくれた。
ゲームならではの楽しみだって。
ホント、その通りだよね。",,untranslated,
DATA5.BIN#1982708,DATA5.BIN,1982708,对话,"ゲームセンターって、二階にはビデオゲームが
たくさんあるんだよね。
だけどあたしは一階の方が好きだな。
だって一階のゲームって大型体感とかで、
身体全体動かせるんだもん！
やっぱりゲームはスカッとしなきゃ！
なのに",,untranslated,
DATA5.BIN#1982921,DATA5.BIN,1982921,对话,"って失礼しちゃう。
あたしが二階にビデオゲームがあるよって言ったら、
古いゲームは安くていいね、なんて言うの。
安かったら何でもあたしが喜ぶと思ってるのかな。
けっこう困った人かも、",,untranslated,
DATA5.BIN#1983120,DATA5.BIN,1983120,对话,"ってあたしと合わないのかも。
神社のフリーマーケットに一緒に行ったんだけど、
いろんな物売ってるから、思わず感心して
『あたしもやってみようかな』って言ったら、
面倒くさい、なんて言うんだもん。
たかがそれぐらいのコト、
どうして面倒くさがるのかなぁ？",,untranslated,
DATA5.BIN#1983380,DATA5.BIN,1983380,对话,"とフリーマーケットに行って来た。
だけど、掘り出し物は全然見つからなくて
ちょっとガッカリ。
そしたら",,untranslated,
DATA5.BIN#1983484,DATA5.BIN,1983484,对话,"、
次はもっと良い物があるかもって
言ってくれて、すごくうれしかった。
そうだよね、次に期待しなきゃダメだよね。
よーし、これに懲りずに再度チャレンジするぞー！",,untranslated,
DATA5.BIN#1983649,DATA5.BIN,1983649,对话,あたし、初めてマリンブリッジに行って来た。,,untranslated,
DATA5.BIN#1983697,DATA5.BIN,1983697,对话,"に教えてもらったんだけど、
全然知らなかったな。
あんなキレイなところ、初めて。
なのに、連れてってやったんだから感謝しろ、
なんてえらそーに",,untranslated,
DATA5.BIN#1983840,DATA5.BIN,1983840,对话,"が言うんだもん。
まったく、ぶち壊しだよね。
ガッカリしちゃったなぁ。",,untranslated,
DATA5.BIN#1983965,DATA5.BIN,1983965,对话,"に教えてもらったんだけど、
全然知らなかったな。
あんなキレイなところ、初めて。
しかも",,untranslated,
DATA5.BIN#1984055,DATA5.BIN,1984055,对话,"、あたしにあの景色を
見せたかったなんて言うの。
感謝しなくっちゃね！",,untranslated,
DATA5.BIN#1984270,DATA5.BIN,1984270,对话,"、あたしにあの景色を
見せたかったなんて言うの。
あたし、なんかドキッとしちゃった。
あれってどういう意味なのかなぁ…。",,untranslated,
DATA5.BIN#1984401,DATA5.BIN,1984401,对话,"と一緒に植物園に行った。
あそこって、すごく居心地、いいんだよね。
空気がいいし。
だからあたし、深呼吸したくなっちゃった。
そうしたら",,untranslated,
DATA5.BIN#1984538,DATA5.BIN,1984538,对话,"も
『一緒に深呼吸だ』だって。",,untranslated,
DATA5.BIN#1984573,DATA5.BIN,1984573,对话,"ってノリがいいから
一緒にいて楽しいな。",,untranslated,
DATA5.BIN#1984626,DATA5.BIN,1984626,对话,"っていい人かも。
一緒に植物園に行ったんだけど、
あそこって暖かくて居心地いいから、
思わず眠くなるんだよね。
あたしがそう言ったら、",,untranslated,
DATA5.BIN#1984761,DATA5.BIN,1984761,对话,"、
疲れてるんじゃないかって心配してくれた。
けっこううれしかったな。",,untranslated,
DATA5.BIN#1984835,DATA5.BIN,1984835,对话,"と一緒にいると、
あたし、元気になれそうな気がする。",,untranslated,
DATA5.BIN#1984900,DATA5.BIN,1984900,对话,"って困った人だな。
一緒に『メタルギアソリッド』って
映画を観に行ったんだ。
あたしはすごく楽しかったんだけど、
ハラハラしすぎて気疲れしちゃったって言ったら、
『小休止が欲しかったね』だって。
あたし、物の例えで言ったのに。",,untranslated,
DATA5.BIN#1985126,DATA5.BIN,1985126,对话,"、本気で受け取るんだもん。
こういう会話が疲れるんだよね。",,untranslated,
DATA5.BIN#1985197,DATA5.BIN,1985197,对话,"と映画を観てきた。
『俺は番長』ってやつだけど、すっごく面白かった！
あたし、こーいうアクション物って大好きだもんね。
なのに",,untranslated,
DATA5.BIN#1985325,DATA5.BIN,1985325,对话,"、ダメだったって。
男のクセに苦手だって。",,untranslated,
DATA5.BIN#1985372,DATA5.BIN,1985372,对话,、あたしとは合わないみたい。,,untranslated,
DATA5.BIN#1985467,DATA5.BIN,1985467,对话,"踊るパラノイア』って
映画を観てきた。
ダンスの映画で、すっごく面白かったの。
あたし、演歌が一番好きだけど、
ああいうノリのいい曲も大好きなんだ。
お祭りみたいで。
だから思わず踊りそうになったんだけど、
一緒に行ってた",,untranslated,
DATA5.BIN#1985687,DATA5.BIN,1985687,对话,"が、静かにしろ、
なんて言うの。
別に誰かに迷惑かけてるワケでもないのに。",,untranslated,
DATA5.BIN#1985765,DATA5.BIN,1985765,对话,って面白みにかける人だな。,,untranslated,
DATA5.BIN#1985805,DATA5.BIN,1985805,对话,"と一緒に『しゃぼんだま』っていう
グループのコンサートに行って来た。
ホントはあたし、音楽ってよくわかんないんだけど。
すごくきれいな曲だったんで、感動しちゃった。
あの人たちってデビューするまでに
すごく苦労したんだって",,untranslated,
DATA5.BIN#1986028,DATA5.BIN,1986028,对话,"が、教えてくれた。
あたし、思わず納得しちゃったな。
やっぱり、努力があったからこそ、
あんなにきれいな曲が演奏できるんだね。
うんうん、努力って大切だよね！",,untranslated,
DATA5.BIN#1986196,DATA5.BIN,1986196,对话,"と『選抜隊』って人たちの
コンサートに行って来た。
よく知らないけど、女の子に大人気なんだって。
世間の女の子はああいうのが好みなんだね。
それで会場もすごくやかましくて、曲がちっとも
聴こえないの。",,untranslated,
DATA5.BIN#1986397,DATA5.BIN,1986397,对话,"はアイドルのコンサートって
こんなものだよ、なんて言ってたけど、
なんか納得できないな。
つまり、あたしには向いてないってことだもん。
そんなとこに連れて行かないでほしかったな。",,untranslated,
DATA5.BIN#1986580,DATA5.BIN,1986580,对话,クラシックのコンサートに行った。,,untranslated,
DATA5.BIN#1986618,DATA5.BIN,1986618,对话,"に連れてってもらったんだけど、
思ったより楽しかったな。
生演奏って迫力あったし。
だけど途中、やっぱりちょっと寝ちゃったけどね。
でも、",,untranslated,
DATA5.BIN#1986757,DATA5.BIN,1986757,对话,"も寝ちゃってたんだって。
実は同じところで寝てたんだったりしてね。
なんかちょっと親近感わいちゃったな。",,untranslated,
DATA5.BIN#1986873,DATA5.BIN,1986873,对话,"と一緒に
コントのライブを観てきた。
『ゆうことゆかり』ってお笑いコンビなんだけど、
すごく面白かったな。
なんてったってあたし、漫才を生で観るの、
初めてだもん。
迫力に圧倒されちゃった。",,untranslated,
DATA5.BIN#1987063,DATA5.BIN,1987063,对话,"も
『熱気がここまで届きそうだね』って言ってたし。
ほんと、そんな感じ。
テレビで観るよりずっと面白い。
最高の一日だったな！",,untranslated,
DATA5.BIN#1987199,DATA5.BIN,1987199,对话,"と一緒にコントのライブを観てきた。
『ゆうことゆかり』ってお笑いコンビなんだけど、
すごく面白かったな。
なんてったってあたし、ライブを生で観るの、
初めてだもん。圧倒されちゃった。
なのに",,untranslated,
DATA5.BIN#1987389,DATA5.BIN,1987389,对话,"、通ぶって
『そんなの当たり前』なんて言うの。
なんかあたし、バカにされてる感じがして、
一気に冷めちゃった。
あーあ、もう最悪！",,untranslated,
DATA5.BIN#1987524,DATA5.BIN,1987524,对话,"『ザ・タイツメン』って、やっぱり最高！
お笑いライブに行って来たんだけど、
本当に楽しかった。",,untranslated,
DATA5.BIN#1987622,DATA5.BIN,1987622,对话,"と一緒だったんだけど、
次も一緒に行こうねって約束しちゃった。
楽しみだな。
バイト、入らなきゃいいんだけど…。
今から神様にお祈りしておこうっと。
なんてね。",,untranslated,
DATA5.BIN#1987791,DATA5.BIN,1987791,对话,"と『タイツメン』のライブに
行って来た。
すごく楽しかったんで、
思わずまた一緒に行こうって言っちゃった。
なのに",,untranslated,
DATA5.BIN#1987906,DATA5.BIN,1987906,对话,"、人気があるから、
チケット大丈夫かな、なんて心配してるの。
だからあたし、ついつい徹夜で並んで取ってねって
お願いしちゃった。
もちろん、冗談だけど。",,untranslated,
DATA5.BIN#1988060,DATA5.BIN,1988060,菜单,、本気にしちゃったかな？,,untranslated,
DATA5.BIN#1988093,DATA5.BIN,1988093,对话,"あたし、プラネタリウムって大好き。
あのキラキラした星空を眺めてると、
バイトの疲れも吹っ飛ぶような気がするもんね。
だけど、",,untranslated,
DATA5.BIN#1988221,DATA5.BIN,1988221,对话,"と一緒に行ったのは
失敗だったな。
そんなことわかってるのに、不自然な星空だ、
なんて言うんだもん。
わざわざ言わなくてもいいのにね。
なんか性格悪いな、もう。",,untranslated,
DATA5.BIN#1988385,DATA5.BIN,1988385,对话,"プラネタリウムの椅子って、
すごく居心地、いいんだよね。",,untranslated,
DATA5.BIN#1988446,DATA5.BIN,1988446,对话,"とプラネタリウムに行ったんだけど、
あたし、ちょっとウトウトしちゃった。
だけど",,untranslated,
DATA5.BIN#1988529,DATA5.BIN,1988529,对话,"、
バイトの疲れが溜まってるの？って、
あたしのこと心配してくれた。
そういう気遣いしてくれる人、あたし好きだな。",,untranslated,
DATA5.BIN#1988793,DATA5.BIN,1988793,对话,"、あたしの寝顔、
かわいいなんて言うの。
なんかもう、すっごく恥ずかしい！
けっこう困った人みたい、",,untranslated,
DATA5.BIN#1988895,DATA5.BIN,1988895,对话,"。
でも…ちょっとうれしかったな…。",,untranslated,
DATA5.BIN#1988944,DATA5.BIN,1988944,对话,"ってあたしと合わないのかな。
一緒にプラネタリウムに行ったんだけど、
あたしが星って夢があるよねって言ったら、
『男のロマンだね』だって。
ロマンの意味が違うんじゃないかな。
あたしはもっと、おとぎ話っていうかなんて言うか、
女の子っぽい夢の話、してたんだけど。
それとも、あたしにはそういうの、似合わないと
思ってたのかな。
なんかそれって、けっこう失礼な話だと思う。
ちょっとガッカリだな。",,untranslated,
DATA5.BIN#1989342,DATA5.BIN,1989342,对话,"とプラネタリウムに行った。
ちょうど流星群の話をやってたんで、あたし、
流れ星にお願い事するのが難しいってこと、
思い出しちゃった。だってあの短い間に３回も
願い事言うのって簡単にいかないもんね。
なのに",,untranslated,
DATA5.BIN#1989546,DATA5.BIN,1989546,对话,"、
言ったって願い事がかなうとは限らない、
なんて言うの。
そんなことわかってるのにね。もう、ミもフタも
ないこと、平気で言うんだもんな。",,untranslated,
DATA5.BIN#1989689,DATA5.BIN,1989689,对话,デパートのブティックに行って来た。,,untranslated,
DATA5.BIN#1989729,DATA5.BIN,1989729,对话,"と一緒だったけど、失敗だったな。
なんかイヤミなこと言うんだもん。
大人っぽい服がいっぱいあったから、あたしが
いつか着てみたいな、って言ったら、
『やめといた方がいい』なんてさ。
それってあたしが子供っぽいから？
自分でもわかってるんだから、わざわざ
言わなくてもいいのに。
ホント、失礼だよね！",,untranslated,
DATA5.BIN#1990028,DATA5.BIN,1990028,对话,"デパートのブティックって、
つい憧れちゃうんだよね。
あそこ、大人っぽい服がたくさんあるんだもん。",,untranslated,
DATA5.BIN#1990130,DATA5.BIN,1990130,对话,"と一緒に行ったときに
『大人っぽい服を着てみようかな』って言ったら、
『今の自分に合った服が一番だよ』だって。
ちょっと安心しちゃったな。",,untranslated,
DATA5.BIN#1990271,DATA5.BIN,1990271,对话,"って、時々、
すごく説得力あること言うよね。",,untranslated,
DATA5.BIN#1990323,DATA5.BIN,1990323,对话,"デパートのブティックって、
つい憧れちゃうんだよね。
あそこ、大人っぽい服がたくさんあるんだもん。
だからあたし、",,untranslated,
DATA5.BIN#1990439,DATA5.BIN,1990439,对话,"と一緒に行って
『大人っぽい服を着てみようかな』って言ったら、",,untranslated,
DATA5.BIN#1990506,DATA5.BIN,1990506,对话,"、
『そんな無理しなくていいんだよ』だって。
なんかすごく失礼な言い方。
そりゃあたしには無理だけど、
そういう言い方することないのに。
最低だな、もう！",,untranslated,
DATA5.BIN#1990664,DATA5.BIN,1990664,对话,デパートで『超古代文明展』ってのがあったから、,,untranslated,
DATA5.BIN#1990716,DATA5.BIN,1990716,对话,"と一緒に見てきた。
あたし、『遺跡』とか『発掘』とか『探検』とか、
そういう話大好きだから、すっごく楽しかった！
思わずジャングルに探検に行きたくなっちゃった！",,untranslated,
DATA5.BIN#1990879,DATA5.BIN,1990879,对话,"も賛成してくれたから、
あたし、ついつい一緒になって
『渡井探検隊を結成しよう』なんて
言っちゃった。
後で考えてみたら、ちょっと恥ずかしかったな。
ま、いいか。楽しかったから！",,untranslated,
DATA5.BIN#1991066,DATA5.BIN,1991066,对话,"と一緒にデパートに行ったら、
バーゲンセールをやってた。
お買い得なものがイッパイで、あたし、
もううれしくなっちゃった！",,untranslated,
DATA5.BIN#1991191,DATA5.BIN,1991191,对话,"も賛成してくれたから、
一緒にバーゲン会場に突撃しちゃった。
すごく楽しかったな！",,untranslated,
DATA5.BIN#1991285,DATA5.BIN,1991285,对话,"と一緒にデパートに行ったら、
バーゲンセールをやってた。
お買い得なものがイッパイで、あたし、
もううれしくなっちゃった！
なのに",,untranslated,
DATA5.BIN#1991416,DATA5.BIN,1991416,对话,"、まるで無関心そうなの。
なんだかあたし、一人で盛り上がってるのが
バカみたいな感じになってきて、つまんなかった。",,untranslated,
DATA5.BIN#1991534,DATA5.BIN,1991534,菜单,、ノリ悪いよね。,,untranslated,
DATA5.BIN#1991564,DATA5.BIN,1991564,对话,"とデパートのバーゲンに行ってきた。
お買い得品がたくさんあって、思わず買い物、
堪能しちゃった。
あたし、こういうところで
バイトすることも多いんだよね。
それで、
『どうしてバーゲンが安いのか知ってる？』って",,untranslated,
DATA5.BIN#1991774,DATA5.BIN,1991774,对话,"にクイズ出してみた。
でも、",,untranslated,
DATA5.BIN#1991806,DATA5.BIN,1991806,对话,"わかんなかったんだね。
ギャグで逃げるんだもん。
ホントは季節はずれの品を処分するためなんだよね。
だけど、『社長が太っ腹だから』なんてのは、
ちょっとおかしかったな。
そういう会社だったら、あたしもバイトしたいな。
でも、本当にそんな会社があったら
あんまり儲からなくてつぶれちゃうかも…。",,untranslated,
DATA5.BIN#1992105,DATA5.BIN,1992105,对话,"って非常識な人だね。
一緒にゲームショップに行ったんだけど、
お客さんがいっぱいいたから、あたし、ゲームって
面白いんだねって言ったら、",,untranslated,
DATA5.BIN#1992243,DATA5.BIN,1992243,对话,"、
みんなに聞こえるような声で『面白くないよ』
なんて言うんだもん。
ゲームショップの店内でそんなこと言うなんて、
信じられない。
ホント、困った人だな。",,untranslated,
DATA5.BIN#1992406,DATA5.BIN,1992406,对话,"と一緒にゲームショップに行った。
お客さんがいっぱいいたから、あたし、ゲームって
面白いんだねって言った。
そしたら",,untranslated,
DATA5.BIN#1992524,DATA5.BIN,1992524,对话,"、
あたしのことゲームが好きなんだって思ったみたい。
あたし、ショップでバイトしたことあるから、
そういう知識はあるんだけどね。
だけど、感心してくれてたみたいだから、
ちょっとうれしかった。",,untranslated,
DATA5.BIN#1992725,DATA5.BIN,1992725,对话,"とビデオショップに行って来た。
あたしはあんまり詳しくないんだけど、
新作の映画がたくさんビデオで出てたみたい。",,untranslated,
DATA5.BIN#1992841,DATA5.BIN,1992841,对话,"も、映画館がなくなりそうで
寂しいって言ったから、
あたし、つい調子に乗って、
あたしたちはなるべく映画館で観ようねって
言っちゃった。
あはは、ホントはあんまりお金、ないんだけどね。
でもやっぱり、映画館で映画観るのって、
お祭りみたいで楽しいもん。",,untranslated,
DATA5.BIN#1993100,DATA5.BIN,1993100,对话,"って無愛想な人だね。
一緒にビデオ屋さんに行ったんだけど、
パッケージが英語のＣＤがあったんで、
輸入盤かなって聞いたら、
『店員に聞いてよ』だって。
わかんないならわかんないって言えばいいのに。
会話が成り立たないじゃない。",,untranslated,
DATA5.BIN#1993334,DATA5.BIN,1993334,对话,"って、どうしてあんなに
ノリが悪いのかな。
一緒にジャンク屋に行ったんだけど、
あそこっていろんなお店がいっぱいあって、
まるで宝探しみたいな感じなんだよね。
なのに",,untranslated,
DATA5.BIN#1993500,DATA5.BIN,1993500,对话,"、
宝探しとは違うよ、なんて言うの。
そんなことわかってるってば。
あたしにとっては宝探しみたいだってことなのに。",,untranslated,
DATA5.BIN#1993620,DATA5.BIN,1993620,对话,ジャンク屋に買い物に行った。,,untranslated,
DATA5.BIN#1993654,DATA5.BIN,1993654,对话,"と一緒だったけど、
けっこう楽しかった。
どんな掘り出し物が見つかるか、あたし、
ワクワクしてたんだけど、",,untranslated,
DATA5.BIN#1993762,DATA5.BIN,1993762,对话,"、
『何が見つかるかわからないから面白いんだ』
だって。
なるほどなるほど、いいこと言うよね。
確かにその通り。
予想もしなかったものが見つかるから
楽しいんだもんね！",,untranslated,
DATA5.BIN#1994075,DATA5.BIN,1994075,对话,"、
『今日は掘り出し物はないかも』だって。
もう、探す前からそんなコト言うかな？
あたし、出鼻くじかれて、ゲンナリしちゃった。
けっこう疲れる人だよね。",,untranslated,
DATA5.BIN#1994237,DATA5.BIN,1994237,对话,"とボウリングに行ったけど、
すっごく後悔しちゃった。
あたしがボロ負けで悔しがってたら、
『良いスコアが出ると思ってたの？』だって。
あたしがどういうつもりでやってたと思ったんだろ。
ひょっとしてイヤミかな？
どっちにしても、腹立つよね。
あーあ。もう、行くんじゃなかったな。",,untranslated,
DATA5.BIN#1994520,DATA5.BIN,1994520,对话,"とスケートしに行ったけど、
つまらなかったな。だって",,untranslated,
DATA5.BIN#1994576,DATA5.BIN,1994576,对话,"、
ミもフタもない言い方するんだもん。
スケート場って広くて気持ちいいから、
あたし、せっかくいい気分になってたのに、
『狭かったらスケートなんてできないよ』
なんて言うんだから。
そんなの、言われなくてもわかってるっての。
ホント、つまんないこと言う人だよね。",,untranslated,
DATA5.BIN#1994845,DATA5.BIN,1994845,对话,"と美術館に行ったら、
『伝統工芸展』ってのをやってた。
壷とか掛け軸とかの価値ってよく分からないけど、
昔ながらの技術は凄いなって思えた。
そう言ったら",,untranslated,
DATA5.BIN#1994998,DATA5.BIN,1994998,对话,"も賛成してくれて、
二人で一緒に伝統工芸の世界を堪能しちゃった。
なんて、ちょっとあたしには似合わないかな。
ま、たまにはいいよね。",,untranslated,
DATA5.BIN#1995136,DATA5.BIN,1995136,菜单,水族館に,,untranslated,
DATA5.BIN#1995149,DATA5.BIN,1995149,对话,"と行ったんだけど、
すごく楽しかったな。
魚がいっぱい泳いでるところ見たら、あたし、
お寿司を連想しちゃって。
ちょうどサメが泳いでたから、サメの握りの話
したら、",,untranslated,
DATA5.BIN#1995313,DATA5.BIN,1995313,对话,"が感心してくれた。
あたしのこと、グルメなんだね、だって。
えっへん！　あたし、けっこう
そういう知識って詳しいんだよね。",,untranslated,
DATA5.BIN#1995450,DATA5.BIN,1995450,对话,"と水族館に遊びに行った。
魚を見てるうちに、ついついあたし、
バイト先で覚えた知識を披露したくなっちゃって、
『ヒラメ』と『カレイ』の
区別の仕方を教えてあげた。
だけど、意外や意外！",,untranslated,
DATA5.BIN#1995635,DATA5.BIN,1995635,对话,"も知ってたって。
けっこうあなどれないんだね。
そういう会話ができる相手って楽しいよね！",,untranslated,
DATA5.BIN#1995730,DATA5.BIN,1995730,菜单,水族館に行ったんだけど、,,untranslated,
DATA5.BIN#1995760,DATA5.BIN,1995760,对话,"のノリが悪くて疲れちゃった。
きれいな魚がいっぱい水槽の中にいるのを見て、
魚って、どうして
あんなにキレイな色してるのかなって
聞いたら、『さあね』なんて素っ気ない返事するの。
別にわかんなくてもいいけど、
あんなぶっきらぼうな言い方しなくても
いいと思うよね。
ホント、最低だったな。",,untranslated,
DATA5.BIN#1996079,DATA5.BIN,1996079,对话,"、なんだか冷たかったな。
キレイな魚がいっぱい水槽の中にいるのを見て、
魚って、どうして
あんなにキレイな色してるのかなって聞いたら、
『さあね』なんて素っ気ない返事しか
してくれなかった。
あたしがあんまり浮かれてたから、
怒っちゃったのかな？",,untranslated,
DATA5.BIN#1996332,DATA5.BIN,1996332,对话,"って変な人だな。
一緒に室内プールに行ったんだけど、
なんだか落ち着きがないの。そわそわしてて。
水着のお姉さんたちがたくさんいるからだって。
どういう意味かよくわかんないけど、
それってやっぱり失礼だよね。
人のこと、ジロジロ見ちゃいけませんって
小さいときに教わらなかったのかな？",,untranslated,
DATA5.BIN#1996623,DATA5.BIN,1996623,对话,"って変な人だな。
一緒に室内プールに行ったんだけど、
なんだか落ち着きがないの。そわそわしてて。
あたしの水着がまぶしいんだって。
ホント、変なこと言うんだね。
…だけど、なんでだろ。なんでだか知らないけど、
急に胸がドキドキしてきて…。
やっぱり",,untranslated,
DATA5.BIN#1996869,DATA5.BIN,1996869,对话,"って変！
…ううん、あたしが変なのかな…？",,untranslated,
DATA5.BIN#1996924,DATA5.BIN,1996924,对话,"とプールに行ったんだけど、
あんまり楽しくなかったな。
喉乾いたからジュース買って来るって言ったら、
『俺はいいよ』だって。
気が利かないんだよね、",,untranslated,
DATA5.BIN#1997073,DATA5.BIN,1997073,对话,"。
そういう場合、『俺が買ってきてあげるよ』って
言ってくれるもんじゃないかな？
ま、いいけど。",,untranslated,
DATA5.BIN#1997180,DATA5.BIN,1997180,对话,"とプールで遊んで来た。
ウォータースライダーが最高だった。
あそこって、急流タイプとゆるやかタイプの
ふたつのスライダーがあるんだけど、
やっぱりあたしは急流タイプかな。",,untranslated,
DATA5.BIN#1997352,DATA5.BIN,1997352,对话,"も急流タイプが好きなんだって。
なんだかあたしたち、気が合うみたい。
一緒に滑って楽しかったな！",,untranslated,
DATA5.BIN#1997455,DATA5.BIN,1997455,对话,"室内プールのウォータースライダーって
楽しいんだけど、欠点は待たされるってコトかな。
いつ行っても、人がいっぱい並んでるんだよね。
だけど一緒にいた",,untranslated,
DATA5.BIN#1997605,DATA5.BIN,1997605,对话,"は
『それだけ面白いってことだよ』って言ってた。
あたし、なるほどって思っちゃった。
確かにそれなら仕方ないもんね。
それに、",,untranslated,
DATA5.BIN#1997732,DATA5.BIN,1997732,对话,"と一緒なら並んでも
退屈しないですむしね。",,untranslated,
DATA5.BIN#1997787,DATA5.BIN,1997787,对话,"とスタジアムに野球を観に行った。
試合がすごく面白くって、
ホームランが出た時なんか、
あたし思わず立ち上がって拍手しちゃった。
後で聞いたら、",,untranslated,
DATA5.BIN#1997932,DATA5.BIN,1997932,对话,"も
やっぱり興奮したって。
ホント、野球の醍醐味ってホームランだよね！",,untranslated,
DATA5.BIN#1998018,DATA5.BIN,1998018,对话,"と一緒に
野球を観に行ったんだけど、
ちっとも楽しめなかった。
せっかくうちの父さんも
ヒイキにしてる地元の球団が勝って、
気分良かったのに、",,untranslated,
DATA5.BIN#1998161,DATA5.BIN,1998161,对话,"ったら、違うチームが好き、
なんてわざわざ言うんだもん。
気分、台無しだよね。
まったく、デリカシーがないよね。",,untranslated,
DATA5.BIN#1998279,DATA5.BIN,1998279,对话,またサッカー、観に行っちゃった。,,untranslated,
DATA5.BIN#1998317,DATA5.BIN,1998317,对话,"と一緒だったけど、
つまんなかったな。
あたしがサッカーのルール、知らないから
試合がよくわかんなかったって言ったら、、
あたしは知らなくていいんだって。
ひょっとしてあたし、バカにされてる？
すごく失礼だな、",,untranslated,
DATA5.BIN#1998542,DATA5.BIN,1998542,对话,"と異種格闘技大会
『メタルアーツ』を観に行ってきた。
すごく盛り上がってたから、あたし、
つい調子に乗って",,untranslated,
DATA5.BIN#1998650,DATA5.BIN,1998650,对话,"に、
『身体鍛えて出場してみれば？』って言っちゃった。
そしたら",,untranslated,
DATA5.BIN#1998717,DATA5.BIN,1998717,对话,"、真面目な顔して
『あれは練習しないとね』だって。
当たり前って言えばそれまでだけど、
試合見た後で浮かれてたから
思わず笑っちゃった。",,untranslated,
DATA5.BIN#1998858,DATA5.BIN,1998858,对话,"また異種格闘技大会『メタルアーツ』を
見に行ってきた。",,untranslated,
DATA5.BIN#1998917,DATA5.BIN,1998917,对话,"と一緒だったけど、失敗だったな。
ホント、つまんないんだもん。
すごくいい試合で、あたし感動して、いい試合には
勝ち負けなんて関係ないよねって言ったら、
『勝負ってのは勝ってこそだ』なんて言うの。
あたし、そういう考え方って嫌いだな。
負けたって、得られるモノはあるはずだよ。",,untranslated,
DATA5.BIN#1999193,DATA5.BIN,1999193,对话,"みたいな考え方って、
すごく寂しいと思うんだけどな。",,untranslated,
DATA5.BIN#1999258,DATA5.BIN,1999258,对话,"と一緒に遊覧船に乗ったんだけど、
下から見たマリンブリッジが、すごく大きく
見えて、ついついうれしくなっちゃった。
だけど、",,untranslated,
DATA5.BIN#1999384,DATA5.BIN,1999384,对话,"には
『そんなに大きくないよ』って言われちゃった。
あたし、ちょっとはしゃぎすぎだったみたい。
でも、楽しかったな！",,untranslated,
DATA5.BIN#1999511,DATA5.BIN,1999511,对话,"と一緒に遊覧船に乗ったんだけど、
下から見たマリンブリッジが、すごく大きく
見えて、ついついうれしくなっちゃった。
でも、ちょっとはしゃぎすぎたみたいで、",,untranslated,
DATA5.BIN#1999668,DATA5.BIN,1999668,对话,"に『子供っぽいね』なんて
言われちゃった。
いつもならあたし、怒るところだけど、
なんだかちょっと恥ずかしかったな。
なんでだろ？",,untranslated,
DATA5.BIN#1999803,DATA5.BIN,1999803,对话,また遊覧船に乗りに来たんだけど、,,untranslated,
DATA5.BIN#1999841,DATA5.BIN,1999841,对话,"と一緒なのは失敗だったな。
だって",,untranslated,
DATA5.BIN#1999879,DATA5.BIN,1999879,对话,"、ノリが悪いんだもん。
あたしが『風が気持ちいいね』って言ったのに、
『何も感じないけどね』だって。
そんな風に言われたら、会話にならないよね。
あーあ、つまんなかったな。",,untranslated,
DATA5.BIN#2000056,DATA5.BIN,2000056,对话,"遊覧船って、ホントに楽しいな。
だけどあたし、カナヅチだから、
ホントは海の上って苦手なんだよね。
それで、",,untranslated,
DATA5.BIN#2000166,DATA5.BIN,2000166,对话,"と一緒に乗った時、
急に不安になってきて、『落ちたらどうしよう』
って言ったら、",,untranslated,
DATA5.BIN#2000249,DATA5.BIN,2000249,对话,"、
『俺が助けてあげるから』だって。
あたし、その一言ですっかり不安、
無くなっちゃった。
ホント、遊覧船って楽しいよね！",,untranslated,
DATA5.BIN#2000381,DATA5.BIN,2000381,对话,"と一緒に遊覧船に乗ったんだけど、
ちょっと残念。天気が悪くて
デッキに出られなかったもん。
だけど",,untranslated,
DATA5.BIN#2000481,DATA5.BIN,2000481,对话,"が『また来ればいいよ』って
言ってくれてすごくうれしかった。
そうだよね。別に遊覧船が
どっかに行っちゃうわけじゃないもんね。
よーし、また行くぞ！",,untranslated,
DATA5.BIN#2000639,DATA5.BIN,2000639,对话,"と一緒に遊覧船に乗ったんだけど、
ちょっと残念。天気が悪くて
デッキに出られなかったもん。
窓から見える景色も真っ白で退屈だったし。
だけど",,untranslated,
DATA5.BIN#2000780,DATA5.BIN,2000780,对话,"が
『誰かがドライアイスたいてるよ』
なんてギャグを言ったから、ちょっと楽しかった。",,untranslated,
DATA5.BIN#2000868,DATA5.BIN,2000868,菜单,って気が利いてるよね！,,untranslated,
DATA5.BIN#2000899,DATA5.BIN,2000899,对话,"あたし、やっぱり遊覧船って好きだな。
天気が悪かったのは残念だけど。
だけど、",,untranslated,
DATA5.BIN#2000980,DATA5.BIN,2000980,对话,"と一緒だったから、
せっかくの景色が見えないのも、
全然気にならなかった。
一緒に子供の頃に戻ったみたいって言って、
楽しんじゃった。
ホント、面白かったな！",,untranslated,
DATA5.BIN#2001142,DATA5.BIN,2001142,菜单,クリスマスの日、,,untranslated,
DATA5.BIN#2001163,DATA5.BIN,2001163,对话,"の家に
誕生日プレゼントを持って行った。
留守かなって思ったけど、
パーティーには行かなかったみたい。
だからかな、あたしが行ったら、
すごく喜んでくれて、よかった。
けっこう持って行くまでドキドキしてたんだよね。
あたし、クリスマスって、
いつもバイトで忙しいから、
みんながパーティーやってるの、ホントは
ちょっとうらやましかったんだけど…。
だけど今年はなんだか幸せだな。",,untranslated,
DATA5.BIN#2001536,DATA5.BIN,2001536,对话,"と一緒だもん…。
あ、ひょっとして",,untranslated,
DATA5.BIN#2001574,DATA5.BIN,2001574,对话,"、
パーティー行かなかったのって、
あたしに合わせてくれたのかな…？
…まさか、ね…。",,untranslated,
DATA5.BIN#2001666,DATA5.BIN,2001666,对话,"小さい頃は別だけど、
今までクリスマスってあたしにとっては
バイトの書き入れ時…くらいの印象しか
なかったんだよね。
だけど今年は例外。
だって",,untranslated,
DATA5.BIN#2001810,DATA5.BIN,2001810,对话,"と一緒に
ケーキ食べられたもんね！
売れ残りのケーキもらったの、持ってってあげて、
だけどあたし、食べてる途中で居眠りしちゃって。
…もー大失敗。すっごく恥ずかしかったー。
だけどいいか。",,untranslated,
DATA5.BIN#2001999,DATA5.BIN,2001999,对话,"、帰りに送ってくれたし。
その途中、雪も降ってきて、
すごくいい雰囲気だった。
クリスマスって、あんなに楽しかったんだね…。",,untranslated,
DATA5.BIN#2002129,DATA5.BIN,2002129,对话,"なんかビックリしちゃったな。
神社でバイトしてたら、",,untranslated,
DATA5.BIN#2002185,DATA5.BIN,2002185,对话,"が
来るんだもん。
ちょうど仕事の前に、いいことありますようにって、
ご祈願したばっかりだったのに…。
なんかいきなり成就しちゃった感じ。
だけどあたしが巫女やってたのって、
そんなにヘンだったかな。
なんかずいぶんジロジロ見られて、恥ずかしかった。",,untranslated,
DATA5.BIN#2002493,DATA5.BIN,2002493,对话,"が
来るんだもん。
ちょうど仕事の前に、いいことありますようにって
ご祈願したばっかりだったけど、別に関係ないか。
今年はどんな年になるのかな。",,untranslated,
DATA5.BIN#2002653,DATA5.BIN,2002653,对话,"、初詣に来てくれた。
やっぱり神社のバイトっていいよね。
お給料もらって、こんな御利益あるんだもん。
こいつは春から縁起がいいぜ、なんてね。",,untranslated,
DATA5.BIN#2002810,DATA5.BIN,2002810,对话,"、初詣に来てくれた。
けっこうマメな人なんだ。
だけどいいコトだと思うよ。やっぱりお正月は
お参りしなくっちゃね。
あたしも巫女姿になると身が引き締まるもん。
やっぱりあたし、こーゆーバイトが
向いてるみたいだし。",,untranslated,
DATA5.BIN#2003981,DATA5.BIN,2003981,对话,"が
来るんだもん。
ちょうど仕事の前に、いいことありますようにって、
ご祈願したばっかりだったのに…。
なんかいきなり成就しちゃった感じ。
だけどあたしが巫女やってたのって、そんなにヘン
だったかな。
なんかずいぶんジロジロ見られて、恥ずかしかった。",,untranslated,
DATA5.BIN#2004289,DATA5.BIN,2004289,对话,"が
来るんだもん。
ちょうど仕事の前に、いいことありますようにって
ご祈願したばっかりだったけど…。
これって関係ないよね？",,untranslated,
DATA5.BIN#2004423,DATA5.BIN,2004423,对话,"にチョコあげちゃった。
受け取ってくれるか、すごく心配だったけど、
ちゃんと喜んでくれた。
ホッと一安心しちゃった。
男の子にチョコ作ってあげるのなんて、
初めてだもん。
なんで他の女の子は、
バレンタインにワクワクしてるのか、
やっとわかったって感じだな。",,untranslated,
DATA5.BIN#2004687,DATA5.BIN,2004687,对话,"にチョコあげちゃった。
受け取ってくれるか、すごく心配だったけど、
ちゃんと喜んでくれた。
ホッと一安心しちゃった。
…けど、味の方はどうかな？
自分では自信あるんだけど…。",,untranslated,
DATA5.BIN#2004862,DATA5.BIN,2004862,菜单,の口に合えばいいな…。,,untranslated,
DATA5.BIN#2004898,DATA5.BIN,2004898,对话,"にチョコあげちゃった。
受け取ってくれるか、すごく心配だったけど、
ちゃんと喜んでくれた。よかったな。
ケーキ屋さんでバイトした経験を生かして
研究に研究を重ねて作った自信作なんだけど…。
おいしいって思ってくれるかな？",,untranslated,
DATA5.BIN#2005127,DATA5.BIN,2005127,对话,"の誕生日にプレゼントをあげた。
ちゃんと前から用意してたんだけど、
受け取ってくれるかどうか心配だった。
それで、つい放課後まで渡せなくて…。
学校の帰り、一緒になったから思い切って渡したら、
すごく喜んでくれたみたい。
こっちまで嬉しくなっちゃった。
あげた甲斐があるってもんだよね！",,untranslated,
DATA5.BIN#2005420,DATA5.BIN,2005420,对话,"に誕生日プレゼントもらっちゃった！
すごく嬉しかったな！
そういえば朝、出かける時に
茶柱が立ってたんだよね。
いいことありそうな気、してたんだ。",,untranslated,
DATA5.BIN#2005576,DATA5.BIN,2005576,对话,"に誕生日プレゼントもらっちゃった！
すごくうれしかったな！
そういえば朝、出かける時に
茶柱が立ってたんだよね。
いいことありそうな気、してたんだ。
ま、もらった物はイマイチだったけど…。
こういうのは誠意だもんね。
文句言っちゃバチが当たるか。",,untranslated,
DATA5.BIN#2005829,DATA5.BIN,2005829,对话,に誕生日プレゼントもらっちゃった！,,untranslated,
DATA5.BIN#2005869,DATA5.BIN,2005869,对话,"、ちゃんとそういう気配り
できる人なんだね。
けっこういい人かも。",,untranslated,
DATA5.BIN#2005987,DATA5.BIN,2005987,对话,"、ちゃんとそういう気配り
できる人なんだ。
けっこういい人かも。
ま、もらった物はイマイチだったけど…。
こういうのは誠意だもんね。
文句言っちゃバチが当たるか。",,untranslated,
DATA5.BIN#2006198,DATA5.BIN,2006198,对话,"、ちゃんとそういう気配り
できる人なんだ
思ってたより、ずっといい人なのかな。",,untranslated,
DATA5.BIN#2006328,DATA5.BIN,2006328,对话,"、ちゃんとそういう気配り
できる人なんだね。
思ってたより、ずっといい人なのかな。
ま、もらった物はイマイチだったけど…。
こういうのは誠意だもんね。
文句言っちゃバチが当たるか。",,untranslated,
DATA5.BIN#2006517,DATA5.BIN,2006517,对话,"に誕生日プレゼントもらっちゃった！
すごくうれしかったな！",,untranslated,
DATA5.BIN#2006580,DATA5.BIN,2006580,对话,"とあたしって、
誕生日同じなんだよね。
で、あたしがプレゼントあげたら、",,untranslated,
DATA5.BIN#2006656,DATA5.BIN,2006656,对话,"も喜んでくれた。
もう、こっちまでうれしくなっちゃった。
あげた甲斐があるってもんだよね！",,untranslated,
DATA5.BIN#2006897,DATA5.BIN,2006897,对话,"も喜んでくれた。
もう、こっちまでうれしくなっちゃった。
あげた甲斐があるってもんだよね！
もらった物はイマイチだったけど…。
ま、こういうのは誠意だもんね。
文句言っちゃバチが当たるってもんだ。",,untranslated,
DATA5.BIN#2007102,DATA5.BIN,2007102,对话,"の誕生日、
プレゼント用意してたんだけど
ちょうど休日だったんだよね。
仕方ないから、",,untranslated,
DATA5.BIN#2007190,DATA5.BIN,2007190,对话,"の家まで
行っちゃった。
ホントは恥ずかしかったんだけど、
行ってよかったな。",,untranslated,
DATA5.BIN#2007271,DATA5.BIN,2007271,对话,"、すごく喜んでくれたみたいで、
もう、こっちまでうれしくなっちゃった。
あげた甲斐があるってもんだよね！",,untranslated,
DATA5.BIN#2007387,DATA5.BIN,2007387,对话,"に誕生日プレゼントもらっちゃった！
お休みの日だってのに、",,untranslated,
DATA5.BIN#2007450,DATA5.BIN,2007450,对话,"、わざわざウチまで
持ってきてくれたんだ。
すごくうれしかったな！
そういえばあの朝、
ご飯の時に茶柱が立ってたんだよね。
いいことありそうな気、してたんだ。",,untranslated,
DATA5.BIN#2007680,DATA5.BIN,2007680,对话,"、わざわざウチまで
持ってきてくれたんだ。
すごくうれしかったな！
そういえばあの朝、
ご飯の時に茶柱が立ってたんだよね。
いいことありそうな気、してたんだ。
ま、もらった物はイマイチだったけど…。
こういうのは誠意だもんね。
文句言っちゃバチが当たるか。",,untranslated,
DATA5.BIN#2007942,DATA5.BIN,2007942,对话,"に誕生日プレゼントもらっちゃった！
しかもお休みの日だってのに。",,untranslated,
DATA5.BIN#2008011,DATA5.BIN,2008011,对话,"、わざわざウチまで
持ってきてくれたんだ。",,untranslated,
DATA5.BIN#2008058,DATA5.BIN,2008058,对话,"、ちゃんとそういう気配り
できる人なんだ。
けっこういい人かも。",,untranslated,
DATA5.BIN#2008134,DATA5.BIN,2008134,对话,"に誕生日プレゼントもらっちゃった！
しかもお休みの日だってのに、わざわざ
ウチまで持ってきてくれたんだ。",,untranslated,
DATA5.BIN#2008413,DATA5.BIN,2008413,对话,"に誕生日プレゼントもらっちゃった！
お休みの日だってのに、わざわざ
ウチまで持ってきてくれたんだ。",,untranslated,
DATA5.BIN#2008515,DATA5.BIN,2008515,对话,"、ちゃんとそういう気配り
できる人なんだ。
ちょっとだけ見直しちゃったかな。",,untranslated,
DATA5.BIN#2008719,DATA5.BIN,2008719,对话,"、ちゃんとそういう気配り
できる人なんだ。
ちょっとだけ見直しちゃったかな。
ま、もらった物はイマイチだったけど…。
こういうのは誠意だもんね。
文句言っちゃバチが当たるか。",,untranslated,
DATA5.BIN#2008902,DATA5.BIN,2008902,对话,"の誕生日だけどお休みだったから
家まで持ってってあげた。
ホントは恥ずかしかったんだけどね。
だけど行ってよかったな。
あたしがプレゼントあげたら、",,untranslated,
DATA5.BIN#2009051,DATA5.BIN,2009051,对话,"も
すごく喜んでくれて。
もう、こっちまでうれしくなっちゃった。
あげた甲斐があるってもんだよね！
その上、",,untranslated,
DATA5.BIN#2009160,DATA5.BIN,2009160,对话,"に誕生日プレゼント
もらっちゃったもんね。",,untranslated,
DATA5.BIN#2009207,DATA5.BIN,2009207,对话,"とあたしって
誕生日同じなんだよね。
ちゃんと覚えててくれたんだ。
すごくうれしかったな！",,untranslated,
DATA5.BIN#2009613,DATA5.BIN,2009613,对话,"とあたしって
誕生日同じなんだよね。
ちゃんと覚えててくれたんだ。
すごくうれしかったな！
ま、あたしがもらった物はイマイチだったけど…。
こういうのは誠意だもん。
文句言っちゃバチが当たるよね！",,untranslated,
DATA5.BIN#2009812,DATA5.BIN,2009812,菜单,修学旅行の２日目、,,untranslated,
DATA5.BIN#2009835,DATA5.BIN,2009835,对话,"と一緒に
清水寺を見てまわった。
『清水の舞台から飛び降りる』っていう言葉、
ここから来たんだねって話したけど、
やっぱり高すぎてここからは飛べそうにないって
感じだった。
でも",,untranslated,
DATA5.BIN#2010012,DATA5.BIN,2010012,对话,"、あたしならできそうだね、
なんて言うの。
いくら何でも、買いかぶりすぎだと思うけどね。
でも、ちょっとうれしかったな。",,untranslated,
DATA5.BIN#2010161,DATA5.BIN,2010161,对话,"と一緒に
ハブとマングースの対決ショーってのを見てきた。
あたし、対決モノって好きだから、ついつい熱く
なっちゃって。",,untranslated,
DATA5.BIN#2010282,DATA5.BIN,2010282,对话,"に女の子らしくない、
なんて言われちゃった。
…けっこうショックだったな。",,untranslated,
DATA5.BIN#2010360,DATA5.BIN,2010360,对话,"、あたしみたいな女の子って
嫌いなのかな…。",,untranslated,
DATA5.BIN#2010435,DATA5.BIN,2010435,对话,"と一緒に
国会議事堂を見てきた。
日本の政治の中心って話だけど、あんまりそういう
実感、感じられなかった。",,untranslated,
DATA5.BIN#2010544,DATA5.BIN,2010544,对话,"も同感みたいだったけど、
なんだかイヤな言い方するの。
『俺たちみたいな下々の者には無縁の場所さ』
だって。
そんなに卑屈っぽい言い方しなくてもいいのに。
ちょっとガッカリしちゃったな。",,untranslated,
DATA5.BIN#2010734,DATA5.BIN,2010734,菜单,修学旅行の４日目、,,untranslated,
DATA5.BIN#2010757,DATA5.BIN,2010757,对话,"と一緒に
観光スポットの教会に行って来た。
さすがに観光スポットになるだけあって、
すごくキレイな場所だけど、
ちょっとあたしの好みじゃなかった。
だけど",,untranslated,
DATA5.BIN#2010911,DATA5.BIN,2010911,对话,"に
『結婚式をあげるにはいい場所だね』って
言われたら、
あたし、なんだか急にドキドキしてきて…。
なんでだろ、不思議だな…。",,untranslated,
DATA5.BIN#2011042,DATA5.BIN,2011042,对话,"修学旅行、楽しかったな。
こういう旅行って初めてだったし…。
いろんな所に行ったけど、
一番印象深かったのは
最後の夜に",,untranslated,
DATA5.BIN#2011163,DATA5.BIN,2011163,对话,"と一緒に
街の夜景を見に行ったこと。
一面の灯りの中で、二人っきりで…。
あんまりドキドキしちゃったから、あたし、
ついつい冗談言ってゴマカしちゃった。
だけど、本当に素敵なひとときだったな。
ホント、いい想い出になったよ。",,untranslated,
DATA5.BIN#2011390,DATA5.BIN,2011390,对话,"今日から楽しい修学旅行！
こういう旅行って初めてだから
もう、出発前日からワクワクして眠れなかった。
明日からいろんな所行くの、楽しみだな。
そういや、４日目は自由行動なんだって。
あたし、誰とまわろうかな？",,untranslated,
DATA5.BIN#2011599,DATA5.BIN,2011599,对话,"…誰かともう、
約束しちゃったかな？
明日会ったら聞いてみなくっちゃ。",,untranslated,
DATA5.BIN#2011676,DATA5.BIN,2011676,对话,"明日でとうとう卒業かぁ…。
あーあ、もっと高校生してたかったなぁ。
父さんも元気になったし
やっと気兼ねなく遊べるって
思ったら、もう卒業だなんて。",,untranslated,
DATA5.BIN#2011826,DATA5.BIN,2011826,对话,"とも、もう
会えなくなっちゃうんだよね…。
きっとあたしのことなんかすぐに
忘れちゃうんだろうけど、
せめて、最後くらいキレイにお別れ言おう。
あたしが大好きだった、あの場所で…。",,untranslated,
DATA5.BIN#2012010,DATA5.BIN,2012010,对话,"最近あたし、仕事がすごく調子いいんだ。
この間も出前の注文受けてから、持っていくまで
新記録出しちゃった。
あんまり早かったから、お客さん
すごくビックリしてたな。
よーし、次はもっと早く持っていくぞー。
目指せ、出前日本一、なんてね。",,untranslated,
DATA5.BIN#2012249,DATA5.BIN,2012249,对话,"学校の廊下で男の子にぶつかりそうになっちゃった。
なんかあたしの顔ジロジロ見てるから、
何？　って思ってたら、
あたしが出前した家の人だって。
すっかり忘れてた。
で、ついでだから自己紹介して
知り合いになっちゃった。",,untranslated,
DATA5.BIN#2012467,DATA5.BIN,2012467,对话,"、また注文してくれるかな。
なんて、あたしって商売熱心だな。",,untranslated,
DATA5.BIN#2012535,DATA5.BIN,2012535,对话,"うっわー、恥ずかしい！
バイトしてるトコ、",,untranslated,
DATA5.BIN#2012582,DATA5.BIN,2012582,对话,"に見られちゃった。
いつもだったらどーってコトないけど、
よりにもよってアニメキャラのぬいぐるみの中に
入ってるトコだもんね。
あの時は気にならなかったけど、後から思い出すと
すっごく恥ずかしい。",,untranslated,
DATA5.BIN#2012779,DATA5.BIN,2012779,对话,"、あたしのこと動物のぬいぐるみが
似合う、なんて思わないかな？
そういえば、バイトばっかりやってるねって
聞かれたから、家のこととか
父さんのこととか、ひと通り話した。
ま、別に隠すことじゃないし、
あたしも気にしてないから。",,untranslated,
DATA5.BIN#2013008,DATA5.BIN,2013008,对话,"遊園地のバイト、やっててよかった！
入場チケット、タダでもらっちゃった。
もーこうなったら遊ぶしかない！
だけど、二枚あるの、どうしよう。
一番誘いたいのは",,untranslated,
DATA5.BIN#2013165,DATA5.BIN,2013165,菜单,なんだけど…。,,untranslated,
DATA5.BIN#2013185,DATA5.BIN,2013185,对话,"、誘ったら来てくれるかな…。
もし予定があったりしたら…。
それに、あたしと一緒にいても
楽しくないかもしれないし…。
えーい、ままよ！
女は度胸、当たって砕けろだよね！",,untranslated,
DATA5.BIN#2013359,DATA5.BIN,2013359,对话,"あたし、けっこう顔に出るタチなんだ。
父さんのこと、思ってたよりずっと堪えてたみたい。",,untranslated,
DATA5.BIN#2013450,DATA5.BIN,2013450,对话,"、すぐにあたしが
元気ないって気がついて、心配して
声をかけてくれた。
父さんのことはまだ心配だけど…。
ちょっと話したら、元気になれた気がした。",,untranslated,
DATA5.BIN#2013598,DATA5.BIN,2013598,对话,ってあたしの元気の素、なんてね。,,untranslated,
DATA5.BIN#2013639,DATA5.BIN,2013639,对话,"あー良かった。父さん、良くなって。
父さんの容態が急に悪くなったって言われた時は
ホントに驚いちゃった。
もうマジで頭の中、真っ白だったもん。
何がなんだかわかんなくなって、
気が付いたときは、",,untranslated,
DATA5.BIN#2013833,DATA5.BIN,2013833,对话,"に電話してた。
そしたらちゃんと来てくれた。
あの時は動転してたから忘れてたけど、
いきなり病院に呼びつけるなんて、あたし、
けっこうムチャしちゃったよね。
だけどホントに心配そうな顔してくれて…
すごくうれしかったな。
…父さんが助かったのも、
きっと",,untranslated,
DATA5.BIN#2014084,DATA5.BIN,2014084,对话,"のおかげ…
なんてのはオーバーかな。",,untranslated,
DATA5.BIN#2014128,DATA5.BIN,2014128,对话,"遊園地って、あんなに楽しかったんだ！
当たり前かもしれないけど、
バイトで行ってる時とは全然違う！
ジェットコースターにも乗ったし、
ナイトパレードも見たし…。
だけど、一番楽しかったのって、",,untranslated,
DATA5.BIN#2014321,DATA5.BIN,2014321,对话,"と一緒にお弁当食べたコトなんだ。
この日のためにいっぱい腕をふるったんだもん。",,untranslated,
DATA5.BIN#2014404,DATA5.BIN,2014404,对话,"も喜んでくれたみたいで、
なんかもう、それだけで幸せって感じだった。
またいつか、あたしの手料理
ごちそうしてあげたいな。",,untranslated,
DATA5.BIN#2014532,DATA5.BIN,2014532,对话,"遊園地って、あんなに楽しかったんだ！
当たり前かもしれないけど、
バイトで行ってる時とは全然違う！
ジェットコースターにも乗ったし、
ナイトパレードも見たし、
力いっぱい遊んじゃった！
最後は、",,untranslated,
DATA5.BIN#2014725,DATA5.BIN,2014725,对话,"と一緒にお弁当。
あたしの手作り弁当なんだけど、
喜んでくれたみたい。
そりゃもう、いつもバイトで鍛えてますからね。
言ってみりゃプロだもん、当然だよ。
こうやって実力も発揮できたし…。
本当、いい一日だったな！",,untranslated,
DATA5.BIN#2016215,DATA5.BIN,2016215,对话,"と会った。
初めて…二人きりで。
待ち合わせ場所で",,untranslated,
DATA5.BIN#2016268,DATA5.BIN,2016268,对话,"の顔を
見るまでは、すごく不安だった…。
でも、彼と話をしているうちに、
不安なんてどこかへ行ってしまった。
気がついたらあっと言う間に
お別れの時間になっていた。",,untranslated,
DATA5.BIN#2016433,DATA5.BIN,2016433,对话,"とはもっといろいろ
話をしてみたいな。",,untranslated,
DATA5.BIN#2016484,DATA5.BIN,2016484,对话,"と会った。
初めて…二人きりで。
最初はすごく不安だったけど、
会ってみたら、けっこう話が合って楽しかった。",,untranslated,
DATA5.BIN#2016595,DATA5.BIN,2016595,对话,ってわりと話のわかる人みたいね。,,untranslated,
DATA5.BIN#2016641,DATA5.BIN,2016641,对话,"と会った。
初めて…二人きりで。
最初はすごく不安だったけど、
会ってみたら普通にお話できた。
そんなに心配しなくてもよかったみたいね。",,untranslated,
DATA5.BIN#2016793,DATA5.BIN,2016793,对话,"と二人きりで会った。
会うまで、すごく不安だったんだけど、
結局、不安が的中しちゃった。
一緒にいる間、なんだか
会話がかみ合わなくって、
ちょっと困った…。",,untranslated,
DATA5.BIN#2016966,DATA5.BIN,2016966,对话,"と二人きりで会った。
けど……
会わない方がよかったかもしれない。
ずっと会話がかみ合わなくて、
気疲れしちゃったもの。
なんだかがっかり…。",,untranslated,
DATA5.BIN#2017117,DATA5.BIN,2017117,对话,"と一緒にいると、
時が経つのも忘れてしまうみたい。
いつの間にか、もう帰らなきゃいけない
時間になっていて、驚いちゃった。
けっこうわたしたち、気が合うのかな？",,untranslated,
DATA5.BIN#2017287,DATA5.BIN,2017287,对话,"って面白い人ね。
話も合うみたいだし…。
いろんな話ができて楽しかったな。
時間も気にせずにいられたし。
もしかして、意外と気が合うのかな？",,untranslated,
DATA5.BIN#2017437,DATA5.BIN,2017437,对话,"と会ったけど、
ちょっと気疲れしちゃった。
だって、あんまり話が合わないんだもの。
趣味が合わないのかしら？
せっかくのお休みだったのに…、
あんまり休んだっていう気持ちになれなかったな。",,untranslated,
DATA5.BIN#2017634,DATA5.BIN,2017634,对话,"と会うと、すごく疲れる。
わたしがこんな風に感じてるってこと、",,untranslated,
DATA5.BIN#2017701,DATA5.BIN,2017701,对话,"、分かっているのかしら？
自分のことばかりじゃなくて、
わたしのことも考えてほしいな。",,untranslated,
DATA5.BIN#2017801,DATA5.BIN,2017801,对话,"と会うと、寂しくなる…。
あっと言う間に時間が過ぎてしまって、
『それじゃ』って帰らなくちゃいけなくなるから。
今日もそんな感じだった。
でも、会っている間は、すごく、すごく楽しいの。
これは本当。
だからかな…また、会いたいなんて思っちゃう。
……もう、わたし、変ね…。",,untranslated,
DATA5.BIN#2018075,DATA5.BIN,2018075,对话,"どうしちゃったのかしら？
今日の",,untranslated,
DATA5.BIN#2018111,DATA5.BIN,2018111,对话,"、ちょっと…変だった。
いつもだったら会話がかみ合わない
なんてことはないし、
あんなにぎくしゃくすることだってないのに。
……わたし、何か怒らせるようなこと、
言っちゃったのたかしら？",,untranslated,
DATA5.BIN#2018306,DATA5.BIN,2018306,对话,"と河川敷公園へ行った。
でも、雨が降っててすごく蒸し暑くて、
散歩にはちょっと向かなかったかも。
だけど、",,untranslated,
DATA5.BIN#2018414,DATA5.BIN,2018414,对话,"は、
『雨が上がったら虹が見えるかも』ですって。
そう言われるとイヤな気持ちなんて
簡単に吹き飛んじゃった。",,untranslated,
DATA5.BIN#2018525,DATA5.BIN,2018525,对话,"って、意外と
素敵な考え方をするのね。",,untranslated,
DATA5.BIN#2018576,DATA5.BIN,2018576,对话,"と河川敷公園を歩いていたら、
途中で、新しいランドセルを背負った
男の子に会った。
すごくうれしそうに歩いていくのを見て、",,untranslated,
DATA5.BIN#2018701,DATA5.BIN,2018701,对话,"と二人で小さい頃の話で
盛り上がっちゃった。
まさかこんな風に",,untranslated,
DATA5.BIN#2018766,DATA5.BIN,2018766,对话,"と
のんびりくつろげるとは思わなかったな。
また一緒にお散歩できるといいな…。",,untranslated,
DATA5.BIN#2018851,DATA5.BIN,2018851,菜单,あいにくの雨だったけど、,,untranslated,
DATA5.BIN#2018880,DATA5.BIN,2018880,对话,"と一緒に
河川敷公園へ行った。
そうしたら、雨の中、自転車がすごいスピードで
走っていったの。
無茶な乗り方をしているなって思って",,untranslated,
DATA5.BIN#2019012,DATA5.BIN,2019012,对话,"に話したら、
そんなに心配しなくても大丈夫だって。
でも、こんな雨の日は特に危険だって思うし、
見ていると本当に心配になるぐらい
すごいスピードだったんだもの。
わたしが神経質すぎるのかな…。",,untranslated,
DATA5.BIN#2019208,DATA5.BIN,2019208,对话,"わたし、展望台って見晴らしがいいから好き。
高い所は苦手だけど、あそこだけは別なの。",,untranslated,
DATA5.BIN#2019297,DATA5.BIN,2019297,对话,"と一緒に上った時は、
海の香りもしてきて、とても良い雰囲気だった。
それなのに",,untranslated,
DATA5.BIN#2019378,DATA5.BIN,2019378,对话,"ってば、
『自転車がすぐにさびちゃう』なんて、
気分を壊すようなことを言うの。",,untranslated,
DATA5.BIN#2019460,DATA5.BIN,2019460,对话,"ってもっと情緒のわかる人だと
思ってたんだけどな。",,untranslated,
DATA5.BIN#2019523,DATA5.BIN,2019523,对话,"と展望台に上った。
打ち寄せる波の音や、船の汽笛が聞こえるって
耳を澄ましていたら…、",,untranslated,
DATA5.BIN#2019613,DATA5.BIN,2019613,对话,"もそれに気づいてくれていたの。
なんだかうれしかった。
同じ場所にいて同じことを感じている…
これって、素敵なことだと思うの。
わたしたち、気が合うのかしら…。",,untranslated,
DATA5.BIN#2019783,DATA5.BIN,2019783,对话,"と展望台に上った時、
たくさんのいたずら書きを見つけた。
公共の場所にそんなことをするなんて、
マナー違反だし、してはいけないことよね。
なのに、",,untranslated,
DATA5.BIN#2019930,DATA5.BIN,2019930,对话,"ってば、
全然気にならないみたいなの。
それどころか、俺たちも何か書いていこう
ですって。
もう少し常識のある人だと思ってたから、
がっかりしちゃった。",,untranslated,
DATA5.BIN#2020091,DATA5.BIN,2020091,对话,"と展望台に上って、
街の景色を眺めたの。
見晴らしがすごく良いから、
ここから見る夜景もきっときれいでしょうねって
言いながら。
そうしたら、",,untranslated,
DATA5.BIN#2020233,DATA5.BIN,2020233,对话,"…、
『いつか一緒に見たいね』だって。
いつか…か。
そんな風に思っててくれるなんて、
お世辞だとしても、ちょっとうれしかった。
そんな日が本当にくるのかしらね？",,untranslated,
DATA5.BIN#2020404,DATA5.BIN,2020404,对话,"と並木道を歩いた。
この並木道も、春はきれいな桜色に
染まるのよねって話をしていたら、",,untranslated,
DATA5.BIN#2020494,DATA5.BIN,2020494,对话,"ってば、突然、
『桜の季節にまた来よう』なんて言い出すの。
わたし、なんて答えればいいのかわからなくて、
ちょっと困っちゃった。",,untranslated,
DATA5.BIN#2020723,DATA5.BIN,2020723,对话,"ってば、突然、
『桜の季節にまた来よう』なんて言い出すの。
そういう機会が本当にあったら、
きっとすごく楽しいだろうな…。",,untranslated,
DATA5.BIN#2020848,DATA5.BIN,2020848,对话,"がこの言葉を
ちゃんと覚えていてくれたら、うれしいな。",,untranslated,
DATA5.BIN#2020915,DATA5.BIN,2020915,对话,"と並木道を歩いていて、
意外な共通点を見つけた。",,untranslated,
DATA5.BIN#2020968,DATA5.BIN,2020968,对话,"も、あの並木道を歩くのが
好きなんだって。
なんだか嬉しかった。
わたし、あの場所にいると
気持ちが安らぐから…。
ゆっくりお散歩できて楽しかったな。",,untranslated,
DATA5.BIN#2021127,DATA5.BIN,2021127,对话,"と並木道を歩きながら、
この前見た夢の話をした。
そうしたら、",,untranslated,
DATA5.BIN#2021192,DATA5.BIN,2021192,对话,"…、
夢の続きを知りたがるの。
…言えるわけ、ないよね。
あの人と一緒だった、なんて…。
なんであんな話をしちゃったんだろう。
わたし、",,untranslated,
DATA5.BIN#2021328,DATA5.BIN,2021328,对话,"の前だと、
なぜかいつもより口が軽くなっちゃうみたい。",,untranslated,
DATA5.BIN#2021395,DATA5.BIN,2021395,对话,"と並木道を歩きながら、
この前見た夢の話をした。",,untranslated,
DATA5.BIN#2021448,DATA5.BIN,2021448,对话,"と一緒だったって言ったら、
うれしそうにしてた…。
わたしね、どんな反応がくるか
すごく不安だったの。
だから、",,untranslated,
DATA5.BIN#2021561,DATA5.BIN,2021561,对话,"が喜んでくれて、
ホッとした。
思い切って話してみてよかった…。",,untranslated,
DATA5.BIN#2021637,DATA5.BIN,2021637,对话,"とお花見に行った。
だけど…たくさんの人出で、
それを見ているだけで気疲れしちゃった。
それなのに、",,untranslated,
DATA5.BIN#2021739,DATA5.BIN,2021739,对话,"ってば、
パーッと騒ごうか、なんて言うの。
わたしは静かにお花見したかったのに…。
ちょっと幻滅だな…。",,untranslated,
DATA5.BIN#2021854,DATA5.BIN,2021854,对话,"と桜並木を歩いた。
桜のトンネル、きれいだったな…。
でも、驚いちゃった。",,untranslated,
DATA5.BIN#2021932,DATA5.BIN,2021932,对话,"ってば、私は桜が似合う、
なんて、言うんだもの。
急にそんなこと言われたから、なんだか
ドキドキしちゃったじゃない……。",,untranslated,
DATA5.BIN#2022063,DATA5.BIN,2022063,对话,"と高校生活最後の桜を見に行った。
桜を眺めていて、しんみりしていたら、",,untranslated,
DATA5.BIN#2022138,DATA5.BIN,2022138,对话,"に突然、
『会えなくなったら寂しい』なんて言われて、
驚いちゃった。",,untranslated,
DATA5.BIN#2022210,DATA5.BIN,2022210,对话,"がそう思ってくれているなんて、
思ってもみなかったから…。
でも、ちょっぴりうれしかったな。",,untranslated,
DATA5.BIN#2022314,DATA5.BIN,2022314,对话,"と桜を見に行った。
これが高校生活最後の桜ねって言ったら、
『会えなくなったら寂しい』って、",,untranslated,
DATA5.BIN#2022410,DATA5.BIN,2022410,对话,"が……。
すごくすごくうれしかった。
彼もそう思ってくれているなんて…。
わたしも、これでさよならなんてイヤだって、
心から思った。
こんな風に思える人が現れるなんて、
思ってもみなかったのにね…。",,untranslated,
DATA5.BIN#2022611,DATA5.BIN,2022611,对话,"うちの犬にお土産を買ってあげようかなって
思いながら、",,untranslated,
DATA5.BIN#2022670,DATA5.BIN,2022670,对话,"とペットショップに寄った。
ブラッシングしてもらってる犬を見ていたら、",,untranslated,
DATA5.BIN#2022745,DATA5.BIN,2022745,对话,"が
『動物って自分に正直だよね』って言うの。
その言葉……すごく痛かった。
だって、わたしは自分に正直になれないから。
あのことがあってから、ずっと元気なふりをしてる。
悲しいこと、つらいこと、苦しいこと、
全部、",,untranslated,
DATA5.BIN#2022958,DATA5.BIN,2022958,对话,"の一言で思い出してしまった。
そうしたら、楽しい気分が、
どこかへ飛んで行っちゃった。",,untranslated,
DATA5.BIN#2023048,DATA5.BIN,2023048,对话,"には全然関係ないことなのに、
変な態度をとってしまった。
驚かせちゃったわね、きっと…。",,untranslated,
DATA5.BIN#2023148,DATA5.BIN,2023148,对话,"とペットショップに
行った時、じーっと熱帯魚を見ていら、
なんだか魚たちが可哀想になってきたの。
一生、この狭い水槽の中で過ごして、
広い海で泳ぐこともなく
ずっと閉じこめられたまんまなんだなって…。
でも、",,untranslated,
DATA5.BIN#2023355,DATA5.BIN,2023355,对话,"はね、
熱帯魚はそんなこと、考えてないって言うの。
そんな冷たいこと言う人だったなんて。
なんだかすごくショックだった…。",,untranslated,
DATA5.BIN#2023488,DATA5.BIN,2023488,对话,"とショッピング街の
ペットショップへ行ったら、
かわいいハムスターがたくさんいたの。
お別れがつらいから、
ハムスターは飼いたくないって言ったら、
『飼えばきっと楽しいと思うよ』って言われた。",,untranslated,
DATA5.BIN#2023681,DATA5.BIN,2023681,对话,"って、意外とポジティヴな考え方、
する人だったのね。
わたしもそういう風に、
前向きでいられたらいいのに。",,untranslated,
DATA5.BIN#2023790,DATA5.BIN,2023790,对话,がちょっとうらやましかった。,,untranslated,
DATA5.BIN#2023832,DATA5.BIN,2023832,对话,"とショッピング街の
ペットショップへ行ったら、
かわいいハムスターがたくさんいたの。
お別れがつらいから、
ハムスターは飼いたくないって言ったら、
『飼えば楽しいよ』って言われた。",,untranslated,
DATA5.BIN#2024013,DATA5.BIN,2024013,对话,"って、意外とポジティヴな考え方、
する人だったのね…。
でも、わたしはやっぱりだめ。
もうなにも失いたくない。",,untranslated,
DATA5.BIN#2024126,DATA5.BIN,2024126,对话,"みたいに考えられれば、
どんなにいいか…。",,untranslated,
DATA5.BIN#2024181,DATA5.BIN,2024181,对话,"とショッピング街の
ファンシーショップへ行った。
ああいう、かわいい女の子向けのお店って、
男の人はとっつきにくいんじゃないかなって
思っていたんだけど、彼は気にならないみたい。
彼もかわいい雑貨が好きって言うんだもの。
ちゃんと自分の意見をきちんと出せる人って、
尊敬しちゃうな。",,untranslated,
DATA5.BIN#2024470,DATA5.BIN,2024470,对话,"とショッピング街の
ファンシーショップへ寄った時に、
かわいいクマさんのぬいぐるみがあったって
教えてあげたのに、
彼、変な顔なんて言うの。
もう、がっかりしちゃった。
あんなにかわいいクマさんなのに、
どこが変なのかしら？",,untranslated,
DATA5.BIN#2024693,DATA5.BIN,2024693,对话,"のセンスにはちょっと
ついていけないかも…。",,untranslated,
DATA5.BIN#2024750,DATA5.BIN,2024750,对话,"とショッピング街の
ファンシーショップへ寄った時、
ペアのマグカップを二人で使おうって言われて、
驚いちゃった。
自分の言ったことの意味、わかっているのかしら？
わかっていても、わかっていなくても、
ちょっとなれなれしすぎるような気がして、
イヤだったな…。",,untranslated,
DATA5.BIN#2025015,DATA5.BIN,2025015,对话,"とショッピング街の
ファンシーショップへ寄った時に、
ペアのマグカップを二人で使おうって言われて、
すごく驚いて…ドキドキした。
もしかしたら、",,untranslated,
DATA5.BIN#2025160,DATA5.BIN,2025160,对话,"にも
伝わっちゃったかしら？
でもね、突然、ああいうこと言うなんて、
反則だと思うの。
深い意味はないんだろうけど。
でもね………本当は、うれしかった……。",,untranslated,
DATA5.BIN#2025325,DATA5.BIN,2025325,对话,"とカラオケに行った。
ちょっと歌い過ぎて、ノドが渇いたって言ったら、",,untranslated,
DATA5.BIN#2025398,DATA5.BIN,2025398,对话,"…、
『ひょっとしてストレス溜まってる？』だって。
ショックだった。
わたし、そんな風に見えるのかしら…。",,untranslated,
DATA5.BIN#2025515,DATA5.BIN,2025515,对话,"とカラオケに行った。
『わたしの歌、どう？』って聞いたら、
『もうちょっと』って言われた。
やっぱり、気づかれていたみたい。
実はわたし、ちょっと音程を外しちゃってたの。
こういう音楽の細かいところに
ちゃんと気がつくなんて、",,untranslated,
DATA5.BIN#2025741,DATA5.BIN,2025741,对话,"、音感がいいのね…。
指摘されて恥ずかしかったけど、
悪い気はしなかったな。",,untranslated,
DATA5.BIN#2025829,DATA5.BIN,2025829,对话,"とカラオケに行ったとき、
『歌うより曲作りの方が好き』って、思わず
言ってしまった…。
そうしたら、",,untranslated,
DATA5.BIN#2025931,DATA5.BIN,2025931,对话,"ってば、
『今度聞かせて』って興味津々なの。
ちょっと抵抗感じてしまって、
素っ気ない態度を取っちゃった。
わたしのわがままかもしれないけど、
あれは聞き流してほしかったな…。",,untranslated,
DATA5.BIN#2026218,DATA5.BIN,2026218,对话,"ってば、
『今度聞かせて』って興味津々なの。
…なんで、あんなこと言ってしまったんだろう。
ああいう反応が返ってくることは、
わかっていたはずなのに。
わたしのことをもっと知ってもらいたい
気持ちは確かにあるの。
でも、すべてを知られてしまうのが怖い…。
もっと、素直になれたらいいのに…。",,untranslated,
DATA5.BIN#2026514,DATA5.BIN,2026514,对话,"とゲームセンターに行った。
ぬいぐるみが取れるクレーンゲームって
人気があるみたいだけれど、
わたしにはどうして面白いのかまったくわからない。
取れそうで取れないところが
なんだかもどかしくって、
落ち着いて楽しめなさそうなんだもの。
そう言ったら、",,untranslated,
DATA5.BIN#2026762,DATA5.BIN,2026762,对话,"ってば、
『そこが面白いんだ』ですって。
わたしにはさっぱり理解できないわ…。
やっぱりわたしはああいう所、ちょっと苦手。",,untranslated,
DATA5.BIN#2026895,DATA5.BIN,2026895,对话,"とゲームセンターに行った。
あんまり気は進まなかったけど…。
やっぱり相変わらずうるさいところで、
わたし、頭が痛くなってきたの。
なのに、",,untranslated,
DATA5.BIN#2027036,DATA5.BIN,2027036,对话,"ってば、
遊ぶことしか考えていないみたいで、
『遊んでいればそのうち慣れる』ですって。
もっと思いやりがある人だと思っていたのにな。
何だかガッカリ。",,untranslated,
DATA5.BIN#2027196,DATA5.BIN,2027196,对话,"とゲームセンターに行った。
やっぱりわたしにはクレーンゲームの面白さって
よくわからないわ。
取れるかどうかわからないものに
お金をかけるより、買って確実に
手に入れた方がいいんじゃないかって
思うもの。
でも、",,untranslated,
DATA5.BIN#2027406,DATA5.BIN,2027406,对话,"はそう思わないみたい。
そう言われて気づいたの。
ゲームを楽しんでいる人たちにまで
わたしの意見を押し付けるのは
ただの勝手なんじゃないかって。
ちょっと、反省しなくっちゃ…。",,untranslated,
DATA5.BIN#2027591,DATA5.BIN,2027591,对话,"とゲームセンターへ行った。
体感ゲームのコーナーに行ったんだけど、
あそこはちょっと騒がしくって…
落ち着いて話もできないわ。
それに、",,untranslated,
DATA5.BIN#2027728,DATA5.BIN,2027728,对话,"ったら、
わたしが話しかけても
『なんか言った～？』なんて
聞き返してくるの。
…何のために二人で行ったのか、
わからなくなっちゃった。
だからゲームセンターは苦手なのに…。",,untranslated,
DATA5.BIN#2027910,DATA5.BIN,2027910,对话,"とゲームセンターに行ったんだけど、
……男の人ばっかりで、ちょっと居心地悪かった。
だけど、",,untranslated,
DATA5.BIN#2028005,DATA5.BIN,2028005,对话,"はそんなこと
気にしていないみたいで、
ゲームに夢中なの。
ガッカリしちゃった。
二人で来ている意味、ないじゃないって
思っちゃった…。
もう少し気遣ってくれてもいいのに…。",,untranslated,
DATA5.BIN#2028187,DATA5.BIN,2028187,对话,"とゲームセンターに行ったら、
レースゲームをしていた人の運転の仕方が、
すごく上手で驚いちゃった。
そのことを言ったら、",,untranslated,
DATA5.BIN#2028309,DATA5.BIN,2028309,对话,"ったら、
対抗意識燃やしちゃったみたいで、
『俺の方が上だ』だって。
……何も、ただのゲームでそこまでムキに
ならなくてもいいのにね。
ちょっと呆れちゃった。",,untranslated,
DATA5.BIN#2028471,DATA5.BIN,2028471,对话,もえぎの神社のフリーマーケットに、,,untranslated,
DATA5.BIN#2028511,DATA5.BIN,2028511,对话,"と一緒に行った。
本当にいろんな品物があって、
驚いちゃった。
掘り出し物があるかもねって言ったら、
『中古品が多いんだろうけど』なんて、
冷めた目で言うの。
そういう見方をする人だとは
思わなかったな。
……ゴミを出すだけよりも、
使える物をリサイクルするほうが、
よっぽど建設的だと思うわ。",,untranslated,
DATA5.BIN#2028801,DATA5.BIN,2028801,对话,"って、そういうことに、
あんまり興味ないのかしら？",,untranslated,
DATA5.BIN#2028864,DATA5.BIN,2028864,对话,"ともえぎの神社の
フリーマーケットに行ったんだけど…、
有名ブランドのバッグがすごく安くなっていて、
驚いちゃった。
なのに、",,untranslated,
DATA5.BIN#2028991,DATA5.BIN,2028991,对话,"ってば、
『そういうのに興味があるんだ』なんて言うの。
そういう意味で言ったんじゃないのに。
わたし、ブランドにこだわるようなタイプに
見えるのかな…。",,untranslated,
DATA5.BIN#2029153,DATA5.BIN,2029153,对话,"ともえぎの神社の
フリーマーケットに行ってきた。
アンティーク風のランプがあって、
一目で気に入っちゃった。",,untranslated,
DATA5.BIN#2029264,DATA5.BIN,2029264,对话,"もわたしに似合うって
言ってくれて、うれしかった。
わたしのこと、ちゃんと見ているって
ことだものね。",,untranslated,
DATA5.BIN#2029372,DATA5.BIN,2029372,菜单,マリンブリッジで、,,untranslated,
DATA5.BIN#2029395,DATA5.BIN,2029395,对话,"と夕日を眺めた。
あそこからの眺めって、本当にきれい。
夕日に照らされた街をみるなら、
マリンブリッジが一番かもしれない。
そんな風に思っていたら、",,untranslated,
DATA5.BIN#2029545,DATA5.BIN,2029545,对话,"がいきなり、
『夕日に照らされてきれいだよ』なんて。
キザって思ったけど、
でも正直……悪い気はしなかった。
あんなにサラリと言われたら、ね。
…また一緒に行けたらいいな。",,untranslated,
DATA5.BIN#2029894,DATA5.BIN,2029894,对话,"がいきなり、こんなことを言うの。
『夕日に照らされてきれいだよ』って。
あんなこと言われるなんて思ってもみなかったから、
心の準備ができていなくて、わたし、
顔が真っ赤になっちゃった…。
でも、きっと大丈夫。
夕日のおかげで、",,untranslated,
DATA5.BIN#2030119,DATA5.BIN,2030119,对话,"には
気づかれなかったと思うの。
それにしても……",,untranslated,
DATA5.BIN#2030172,DATA5.BIN,2030172,对话,"って、本当に
思いがけないことを言う人ね。
だから、一緒にいて楽しいんだけど…。",,untranslated,
DATA5.BIN#2030264,DATA5.BIN,2030264,对话,"と、マリンブリッジから
夕日に染まる街を眺めた。
…まるで別の国みたいって言ったら、",,untranslated,
DATA5.BIN#2030352,DATA5.BIN,2030352,对话,"も話を合わせてくれて、
『じゃあ、向こうに見えるのは夕日の国なんだ』
って言うの。
そんな素敵な言葉、",,untranslated,
DATA5.BIN#2030456,DATA5.BIN,2030456,对话,"の口から
聞けるなんて思ってもいなかったから、
……うれしかったな。
おかげで新しい曲のイメージが
出来上がったし。
彼の一言が、こんなにもわたしの
イメージを膨らませてくれるなんて…。",,untranslated,
DATA5.BIN#2030642,DATA5.BIN,2030642,对话,"とわたしって、
波長が合うのかもしれないわね…。",,untranslated,
DATA5.BIN#2030703,DATA5.BIN,2030703,对话,"とマリンブリッジから
夕日を眺めた。
……あんな風にのんびりと夕焼けを眺めるなんて、
久しぶりかもしれない。
そう思っていたら、",,untranslated,
DATA5.BIN#2030832,DATA5.BIN,2030832,对话,"、
『たまにはこうやって過ごす時間も必要』だって。
そうね……。",,untranslated,
DATA5.BIN#2030900,DATA5.BIN,2030900,对话,"の言うとおり、息抜きも必要よね。
何も考えずに、のんびりと。
そんな時間をもっとたくさん持てれば、
きっと、わたしもいやされるはず…。
…そう思いたいだけなのかもしれないけど。",,untranslated,
DATA5.BIN#2031081,DATA5.BIN,2031081,对话,久しぶりにマリンブリッジへ行ったわ。,,untranslated,
DATA5.BIN#2031123,DATA5.BIN,2031123,对话,"と一緒に…。
意外だった。",,untranslated,
DATA5.BIN#2031154,DATA5.BIN,2031154,对话,"が、あの場所のことを
知っているなんて思ってもみなかったから。
懐かしいって感じるかと思ったけど、
そんなことはなかった。
ただ、もうあの人と来ることはないんだなって…
心に開いた大きな穴を実感しただけ。
でも、そんなこと",,untranslated,
DATA5.BIN#2031375,DATA5.BIN,2031375,对话,"は知らないから、
無邪気に『前は誰と来たの？』って聞くの。
もう…答えられるわけがないじゃない。",,untranslated,
DATA5.BIN#2031483,DATA5.BIN,2031483,对话,"と植物園に行った。
……１００年に一度、花を咲かせるって言う
サボテンの話をしたら、",,untranslated,
DATA5.BIN#2031571,DATA5.BIN,2031571,对话,"がしみじみと言うの。
『長生きなサボテンだね』って。
『そうね』って笑えればよかったのに。
でも、ダメだった……。
サボテンですら、長生きできるのに、
あの人は……なんて思ってしまって。
ダメね、わたし。
まだまだ……忘れられない…。",,untranslated,
DATA5.BIN#2031804,DATA5.BIN,2031804,对话,"、そんなわたしを見て、
驚いていたみたい。
悪いことしちゃったな…。",,untranslated,
DATA5.BIN#2031884,DATA5.BIN,2031884,对话,"と植物園に行ったんだけど……、
ちょっとつまらなかったな。
だって、",,untranslated,
DATA5.BIN#2031955,DATA5.BIN,2031955,对话,"ってば、
せっかくわたしが月下美人の話をしたのに
『そんな花本当にあるの？』なんて
わたしの言うこと信じてくれないんだもの。
あんな風に言われたら、
話を続けようなんて気持ち、なくなっちゃう。
わたしは会話のキャッチボールを
楽しみたかっただけなのに。",,untranslated,
DATA5.BIN#2032209,DATA5.BIN,2032209,对话,"予告とかが良かったから、観たいなって思っていた、
『けっきょく南極物語』を、",,untranslated,
DATA5.BIN#2032290,DATA5.BIN,2032290,对话,"と一緒に観に行ったわ。
それでね…わたし、途中で泣いてしまったの。
想像以上に感動的なお話で、つい…。
そうしたらね、",,untranslated,
DATA5.BIN#2032410,DATA5.BIN,2032410,对话,"も、
泣いちゃったんだって。
映画を観て泣くなんてって、
恥ずかしかったんだけど、",,untranslated,
DATA5.BIN#2032495,DATA5.BIN,2032495,对话,"と一緒なら……平気ね。
わたしたちって似たもの同士なのかもしれないな。",,untranslated,
DATA5.BIN#2032578,DATA5.BIN,2032578,对话,"と『王家の谷』っていう映画を
観たんだけど…、
正直、つまらなかった。
それなりに迫力はあったけど、でも、それだけ。
そう言ったら、",,untranslated,
DATA5.BIN#2032711,DATA5.BIN,2032711,对话,"は面白いって
思っていたみたいなの。
好みの違いって、こういうところに出るのね…。",,untranslated,
DATA5.BIN#2032805,DATA5.BIN,2032805,对话,"と一緒に、
『少女時代』っていう映画を観た。
子供の頃の御田さんが出演していて、
なんだか……圧倒されてしまった。
本当に小さな頃から、
あんなに自然な演技ができるなんて…。",,untranslated,
DATA5.BIN#2032980,DATA5.BIN,2032980,对话,"もしきりに感心していたわ。
彼がわたしと同じことを、
同じように感じてくれる人でよかったな。",,untranslated,
DATA5.BIN#2033084,DATA5.BIN,2033084,对话,"と『少女時代』っていう映画を
観たら、わたし、感情移入してしまって、
…昔のことを思い出してしまった。
そうしたらね、",,untranslated,
DATA5.BIN#2033204,DATA5.BIN,2033204,对话,"、
そんなわたしに気づいていたみたいで、
『だから真剣な顔で見入ってたんだ』
なんて言うの。
恥ずかしいところ、見られちゃったな…。",,untranslated,
DATA5.BIN#2033341,DATA5.BIN,2033341,对话,『メタルギアソリッド』っていう映画を,,untranslated,
DATA5.BIN#2033383,DATA5.BIN,2033383,对话,"と観たんだけど、
ずーっとハラハラする展開が続いて、
気疲れしちゃった。
なのに、",,untranslated,
DATA5.BIN#2033467,DATA5.BIN,2033467,对话,"は、
『スリル満点で面白かったでしょ？』
なんて嬉しそうに聞いてくるの。
ちょっと、ムッとしちゃった…。
わたしのこと、少しは気遣ってくれてもいいのに…。",,untranslated,
DATA5.BIN#2033626,DATA5.BIN,2033626,对话,『ラブラブ四面楚歌』っていうコメディ映画を,,untranslated,
DATA5.BIN#2033674,DATA5.BIN,2033674,对话,"と観に行ったの。
たくさん笑えて、楽しかった！
でも、",,untranslated,
DATA5.BIN#2033731,DATA5.BIN,2033731,对话,"ったら
主人公がモテモテでうらやましい、だって。
男の人って、モテる方がうれしいのかしらね？
あの映画みたいに苦労することになったとしても。",,untranslated,
DATA5.BIN#2033874,DATA5.BIN,2033874,对话,"にその辺りのことをもう少し
突っ込んで聞いてみたかったな…。",,untranslated,
DATA5.BIN#2033990,DATA5.BIN,2033990,对话,"と観に行ったの。
たくさん笑えて、楽しかった！",,untranslated,
DATA5.BIN#2034041,DATA5.BIN,2034041,对话,"ってば、
主人公がモテモテでうらやましい、だって。
男の人って、モテる方がうれしいものなのかしら。
…わたしは、ちょっと嫌だな。",,untranslated,
DATA5.BIN#2034172,DATA5.BIN,2034172,对话,"があんな風になるなんて、
想像するだけで嫌な気分になるもの。
変ね、わたし…。",,untranslated,
DATA5.BIN#2034262,DATA5.BIN,2034262,对话,"に誘われて
『俺は番長！』って映画を観たの。
なんだかケンカばかりしている
乱暴な映画で、どうして人気があるのか
理解できなかったわ。
観客も男の人ばかりで居心地悪かったし…。
だけど、",,untranslated,
DATA5.BIN#2034447,DATA5.BIN,2034447,对话,"はね、
『女の子にはわからないだろうな』なんて言うの。
それって、わたしと観る意味がないって
ことなのかしら？　ちょっとムッとした。
だったら、白鳥くんや矢部くんと行けば
いいじゃない。
…なんて、本人の前では言わなかったけど。",,untranslated,
DATA5.BIN#2034744,DATA5.BIN,2034744,对话,"踊るパラノイア』を
観に行った。
噂通りの面白い映画で、にぎやかで…、
音楽も最高！
つい身体でリズムを取っちゃった。",,untranslated,
DATA5.BIN#2034864,DATA5.BIN,2034864,对话,"も
『映画館じゃなかったら踊ってた』なんて
話を合わせてくれてうれしかった。
こういう楽しい映画だったら、
何度でも行きたいな。",,untranslated,
DATA5.BIN#2035002,DATA5.BIN,2035002,对话,"と『色彩』のコンサートに行ったの。
こういうきれいなメロディラインの曲って
わたし、好きなの。",,untranslated,
DATA5.BIN#2035100,DATA5.BIN,2035100,对话,"も、こういう音楽、
好きなんだって聞いて、ほっとした。
わたし、音楽にはうるさい方だって、
自覚しているから…、
彼と音楽の趣味が合わなかったら
どうしようって思っていたの。",,untranslated,
DATA5.BIN#2035283,DATA5.BIN,2035283,对话,"と『ＫＮＭ交響楽団』の
クラシックコンサートへ行ったわ。
まだ耳に音楽が残っているくらい、
音楽に浸れてうれしかったな。
だけどね…",,untranslated,
DATA5.BIN#2035416,DATA5.BIN,2035416,对话,"ってば、
『子守歌だった』なんてひどいこと言うの。
あの感動的な演奏の中で眠っていたなんて、
何のために行ったのかわからないじゃない？
せめて黙っていてくれたら
こんな気持ちにならなかったのにな…。",,untranslated,
DATA5.BIN#2035623,DATA5.BIN,2035623,对话,"と、『しゃぼんだま』っていう
グループのコンサートに行った。
ギターの優しい音色がすてきだったな。
なのに、",,untranslated,
DATA5.BIN#2035733,DATA5.BIN,2035733,对话,"ってば、
『もっとパワフルに弾かないと』なんて言うの。
そういう、楽器が壊れちゃいそうな
弾き方もあるのかもしれないけど、
わたしは好きになれないな…。
だって、楽器がかわいそうじゃない？
あんなにきれいな音が出るのに…。
それに、あの人たちには、",,untranslated,
DATA5.BIN#2035980,DATA5.BIN,2035980,对话,"の言う弾き方は
似合わないと思うの。
…",,untranslated,
DATA5.BIN#2036023,DATA5.BIN,2036023,对话,"とわたしって、
音楽のセンス、合わないのかしらね？",,untranslated,
DATA5.BIN#2036086,DATA5.BIN,2036086,对话,"と『選抜隊』のコンサートに
行ってきたわ。
でも、彼はどうしてアイドルコンサートに
誘ったのかしら？
予想通り……
ううん、予想以上の女の子たちの歓声に、
耳が痛くて仕方がなかった…。
曲も歌詞もあんまり聞き取れなくて。
だけどね、",,untranslated,
DATA5.BIN#2036315,DATA5.BIN,2036315,对话,"ってば、
『一緒に応援すれば』ですって。
……わたし、ああいう女の子たちと一緒に
キャーキャー言うタイプだと思われてたのかな。
すごくショックだったな。",,untranslated,
DATA5.BIN#2036477,DATA5.BIN,2036477,对话,"と『ＫＮＭ交響楽団』の
クラシックコンサートへ行ったんだけど、
途中で拍手のタイミングを間違えた人がいたの。
彼にそのことを言ったら、何だか態度が変なの。
おどおどしてて……。
まさかとは思うけど、あれ、",,untranslated,
DATA5.BIN#2036681,DATA5.BIN,2036681,对话,"じゃ…
ううん、そんなことないわよね？
いくらなんでも…。
ちゃんと確かめるのが怖くて、
話をそらしちゃったけど。",,untranslated,
DATA5.BIN#2036805,DATA5.BIN,2036805,对话,"とロックコンサートに行ったわ。
彼はああいうのを『迫力がある』って感じてた
みたいだけど、正直、
ちょっとついていけないって思っちゃった。
ああいうジャンルってやっぱり苦手だって
わざわざ再確認しに行ったみたい。
大きな音をガンガン出すことが音楽だって
勘違いしているんじゃないかしらね？",,untranslated,
DATA5.BIN#2037100,DATA5.BIN,2037100,对话,"と恋羽こなみっていう人の
コンサートを観に行ったの。
アイドルにしてはちょっと
独特の雰囲気の声だなって思っていたら、
声優さんなんだって。",,untranslated,
DATA5.BIN#2037242,DATA5.BIN,2037242,对话,"、ファンクラブにまで
入ってるんですって。
ちょっと引いちゃった。
だったらファンの人と一緒に来ればいいのに。",,untranslated,
DATA5.BIN#2037363,DATA5.BIN,2037363,对话,"と一緒に、
『Ｕ＿Ｒｕｗａ＿Ｓｅａ』のコンサートに行った。
初めてじっくりあのグループの曲を聴いたんだけど、
…思いがけずきれいな音楽で、驚いちゃった。
ビジュアル系の中でも実力派なんだって",,untranslated,
DATA5.BIN#2037555,DATA5.BIN,2037555,对话,"が教えてくれて、
妙に納得しちゃった。
意外な発見ができてよかったな。",,untranslated,
DATA5.BIN#2037637,DATA5.BIN,2037637,对话,"と『ＫＮＭ交響楽団』の
クラシックコンサートへ行った時、
わたし、拍手のしすぎで手のひらが
真っ赤になっちゃったの。
でも、そう言ったら
『たいした演奏じゃなかった』なんて
言われて…悲しかった。
あんなに感動的な音楽を聴いて、
そういう感想しか持てないなんて…。",,untranslated,
DATA5.BIN#2037899,DATA5.BIN,2037899,对话,"って、本当は音楽に
興味なんてないんじゃないかしら。
…こういう気持ちを、きっと
『幻滅』って言うのね…。",,untranslated,
DATA5.BIN#2038016,DATA5.BIN,2038016,对话,"と一緒に、
『ゆうことゆかりコントライブ』に行ったら、
笑いすぎて涙が出そうになっちゃった。
でも、",,untranslated,
DATA5.BIN#2038118,DATA5.BIN,2038118,对话,"は別のところを
見ていたみたい。
…『２人ともかわいかった』だって。
そういうところばかり見てたなんてね。
何だか楽しかった気分も、いっぺんに
台無しになっちゃったわ。",,untranslated,
DATA5.BIN#2038295,DATA5.BIN,2038295,对话,"と小劇場に行ったの。
『ザ・タイツメン』とかいう人たちを観に…。
わたしには、理解できない世界だったわ。
できるならもう二度とああいう舞台は
観に行きたくないな。
時間の無駄遣いになっちゃうもの。
でも、彼はわたしが本気で嫌がっていたのを
気づいていないみたいで、
『そこまで毛嫌いしなくても…』なんて言うの。
ひょっとして、鈍感なのかしら。
それとも、わたしに意地悪してるのかな…。",,untranslated,
DATA5.BIN#2038683,DATA5.BIN,2038683,对话,"と『若草物語』を観に行ったの。
原作のイメージを崩さなくて、
とてもいい舞台だったな。
でも、",,untranslated,
DATA5.BIN#2038779,DATA5.BIN,2038779,对话,"はね、
ああいう名作ものの良さが分からないみたいなの。
魅力がなくちゃ『名作』なんて言われないのにね。
好みの違いだとは思うけど、
ちょっと…もったいないなって思った。",,untranslated,
DATA5.BIN#2038957,DATA5.BIN,2038957,对话,"と『７人の左遷』っていう
一人芝居を見に行った。
役者さんがたった一人でたくさんの
登場人物を見事に演じ分けていて、
感心しちゃったわ。",,untranslated,
DATA5.BIN#2039095,DATA5.BIN,2039095,对话,"は、孤独に演じることで
リストラされたサラリーマンの悲哀を
強調しているんだ、なんてことを
言ってたっけ。
なるほどって納得しちゃった。
時々彼って、とっても鋭いこと言うのよね。",,untranslated,
DATA5.BIN#2039277,DATA5.BIN,2039277,对话,……悪い夢だったと思いたい。,,untranslated,
DATA5.BIN#2039311,DATA5.BIN,2039311,对话,"と、『裸の国のアリス』っていう
舞台を観に行ったんだけど、
もう最悪。
たちの悪い冗談にしても、ほどがあると思うの。
なのに、『最高』なんて",,untranslated,
DATA5.BIN#2039453,DATA5.BIN,2039453,对话,"が言うから、ガッカリ。
その言葉を聞いて、力が抜けそうになったくらい。
わたし、彼のそういうセンス、理解できないな…。
わかりたくもないけどね。",,untranslated,
DATA5.BIN#2039608,DATA5.BIN,2039608,对话,"とプラネタリウムを見に行ったの。
まるで別世界にいるような、
夢のような時間だったな。
外に出てからも、まだその感動が残っていたから、
わたし思わず、星座を考えた古代の人々って
すごいわよね、って",,untranslated,
DATA5.BIN#2039804,DATA5.BIN,2039804,菜单,"に言ったの。
そしたら",,untranslated,
DATA5.BIN#2039830,DATA5.BIN,2039830,对话,"、
『暇だったんでしょ』なんて…。
もう…言葉もなかったわ。
どうしてそういうこと言うのかしら…。",,untranslated,
DATA5.BIN#2039939,DATA5.BIN,2039939,对话,"とプラネタリウムに行ったの。
ちょうど北極星とその周辺の星々について
解説していたわ。
それにしても、北極星を
最初に発見した人って偉大よね。
北極星が唯一、空で動かない星だっていうことを
見つけるには、相当観察が必要だったと思うもの。
そんなことを言ったら、",,untranslated,
DATA5.BIN#2040197,DATA5.BIN,2040197,对话,"も
一緒になって感心してくれて、
なんだかちょっとうれしかった。
ああいう風に素敵な時間が持てるなら、
また一緒に行きたいな。",,untranslated,
DATA5.BIN#2040333,DATA5.BIN,2040333,对话,"と一緒に、
プラネタリウムに行ったの。
ちょうど、夏の大三角形ののプログラムを
やっていて…その時に七夕の話題が出ていた。
織姫と彦星って、一年に一度しか
会えないなんて可哀想。
終わってから、そう",,untranslated,
DATA5.BIN#2040530,DATA5.BIN,2040530,对话,"に言ったら、
『俺たちはいつでも会えて幸せだね』って…。
わたしにはすごくつらい言葉だった。
…彼は何も悪くない。
本当に、思ったままを言っただけだって、
わかってるんだけど…。
どんなに会いたくても、もう二度と
会えない人もいることを思い出してしまって…。
せっかく楽しく遊びに来たのに、
ごめんなさい…。",,untranslated,
DATA5.BIN#2040843,DATA5.BIN,2040843,对话,"と一緒に、
もえぎのプラネタリウムに行ったの。
夏の大三角形ののプログラムを
やっていて…その時に七夕の話題が出ていた。
織姫と彦星って、一年に一度しか
会えないなんて可哀想。
でも…よく考えたら、あの二人は
例え一年に一度だけでも、会うことが
できるのよね。
どんなに会いたくても、もう二度と会えないより、
よっぽどうらやましいって、
彼の言葉を聞いた時に思ってしまったの。",,untranslated,
DATA5.BIN#2041214,DATA5.BIN,2041214,对话,"には悪いことをしたかもしれない。
せっかく楽しく遊びに来たのに、
どうしてこんなことを考えてしまうのかしら…。",,untranslated,
DATA5.BIN#2041336,DATA5.BIN,2041336,对话,"とプラネタリウムへ行った。
本物の天の川を子供の頃に見たって言ったら、
『今度は俺と見に行こうよ』って言うの…。
ちょっと困っちゃった。
もう少し親しくなれていれば、
笑って『そうね』って言えたかもしれないけど。",,untranslated,
DATA5.BIN#2041557,DATA5.BIN,2041557,对话,"とプラネタリウムへ行った。
本物の天の川を子供の頃に見たって言ったら、
『今度は俺と見に行こうよ』って言うの…。
そういう機会があったら素敵ね。
たとえ口約束だとしても、わたし…
その日を楽しみにしてしまいそう。
どうか、彼がこの約束を覚えていてくれますように。",,untranslated,
DATA5.BIN#2041827,DATA5.BIN,2041827,对话,"とプラネタリウムへ行ったの。
流れ星が見えて、きれいだったな。
でも、あそこの星は全部、作りものだけどね…。",,untranslated,
DATA5.BIN#2041939,DATA5.BIN,2041939,对话,"に、本物の流れ星を
見たことあるのかって聞いたら、
あるって言ってた。
あれは一度見たら忘れられないわよね。
夜空を光がすーっと走っていく瞬間、
いまでも鮮明に目に焼き付いているもの。
いつか、また見られたらいいな。",,untranslated,
DATA5.BIN#2042163,DATA5.BIN,2042163,对话,"とプラネタリウムへ行ったの。
星を見ていて思ったんだけど、
すい星や小惑星って、最初に見つけた人が、
好きな名前をつけられることになってるのよね。
そのことを言っても、",,untranslated,
DATA5.BIN#2042332,DATA5.BIN,2042332,对话,"、
いまいちピンときていないみたいで、
『そんなたいしたことかなぁ』なんて
素っ気ない返事をするの。
なんだかガッカリ……。
わたしと話をするのはイヤって言われたみたいで。
考え過ぎかもしれないけどね…。",,untranslated,
DATA5.BIN#2042544,DATA5.BIN,2042544,对话,"とプラネタリウムで
星を眺めていて、
…いつか宇宙旅行ができるようになるのかしら
って言ったらね、",,untranslated,
DATA5.BIN#2042645,DATA5.BIN,2042645,对话,"、ＳＦ小説を読めばいつでも
宇宙旅行ができるよって言うの。
わたし、驚いちゃった……。
お手軽だけど、そういう気分、
確かに味わえるものね。
きっと、わたしのことだから、
本当に旅行ができるようになっても、
怖がってなかなか地球から
離れられないんじゃないかなって思うし。
さっそく今度、ＳＦ小説を読んでみようっと。",,untranslated,
DATA5.BIN#2042958,DATA5.BIN,2042958,对话,"と話をしていると、
こういう発想の転換ができるから、
お話してて楽しいのよね…。",,untranslated,
DATA5.BIN#2043050,DATA5.BIN,2043050,对话,"とプラネタリウムに行ってね、
このシーズンは星がきれいに見えるから、
つい寒さを忘れて星を眺めちゃうって
話をしたの。
そうしたら、",,untranslated,
DATA5.BIN#2043183,DATA5.BIN,2043183,对话,"…、
『風邪をひかないようにね』って、
わたしの身体、気遣ってくれた。
…うれしくて、心がポカポカしてきた。",,untranslated,
DATA5.BIN#2043294,DATA5.BIN,2043294,对话,"のああいうところ、
すごくいいなって思う…。",,untranslated,
DATA5.BIN#2043367,DATA5.BIN,2043367,对话,"と
星を眺めていて…、
この光って大昔に光ったものが、
やっと今になって地球に届いたものなのよねって
言ったの。
だけどね、",,untranslated,
DATA5.BIN#2043491,DATA5.BIN,2043491,对话,"が
『これは投影機の光だよ』なんて言うから、
気分が台無しにされちゃった…。
話を合わせてうなずいてくれるだけでも、
充分だったのに。
…ガッカリだな。",,untranslated,
DATA5.BIN#2043668,DATA5.BIN,2043668,对话,"と一緒に
星を眺めながら、こんな想像をしたの。
宇宙旅行に出かけていて…、
振り返ると大きくてきれいな地球が見えて…、
なんてね。
それで、つい…
いつか、この目で本物の地球を見たいって
口に出して言ってしまったの。
そうしたら彼も話を合わせてくれて、
…なんだかすごくうれしかったな。",,untranslated,
DATA5.BIN#2043954,DATA5.BIN,2043954,对话,"プラネタリウムで星を眺めながら、
こんな想像をしたの。",,untranslated,
DATA5.BIN#2044013,DATA5.BIN,2044013,对话,"と２人で、
宇宙旅行に出かけていて…、
振り返ると大きくてきれいな地球が見えて…、
なんてね。
それで、つい…
いつか、この目で本物の地球を見たいって
口に出して言ってしまったの。
そうしたら彼も話を合わせてくれて、
…なんだかすごくうれしかったな。
いつか、一緒に見られたら……すてきね。",,untranslated,
DATA5.BIN#2044308,DATA5.BIN,2044308,对话,"ともえぎのスクエアで
ウィンドウショッピングをした時に、
ブティックの店先に、
すてきな服があったの。
でも、",,untranslated,
DATA5.BIN#2044419,DATA5.BIN,2044419,对话,"ってば、
わたしには似合わないよって
ハッキリ言ってくれて……。
変だって思われるかもしれないけど、
わたしね、すごく、うれしかった。
わたしのこと、
ちゃんと理解していてくれるってことだし、
下手なお世辞を言われるより、
ちゃんと意見を言ってくれた方がうれしいもの。",,untranslated,
DATA5.BIN#2044685,DATA5.BIN,2044685,对话,"って、案外、
見る目があるのかもしれないわね…。",,untranslated,
DATA5.BIN#2044746,DATA5.BIN,2044746,对话,"とブティックで
洋服を見ていたら……、
すごく派手な色の服ばかりで驚いちゃった。
今年の流行ってこうなのかしらって聞いたら、",,untranslated,
DATA5.BIN#2044873,DATA5.BIN,2044873,对话,"はそういうものに興味ないみたい。
何にでも無関心…っていうのだと
ちょっと困るけれど、
流行にただ流されているよりは
いいんじゃないかしら。
ちゃんと自分を持っている人の方が
素敵だと思うもの。",,untranslated,
DATA5.BIN#2045075,DATA5.BIN,2045075,对话,"ともえぎのスクエアに
行ったんだけど……、
食品売場のものすごい熱気に、
気分が悪くなりそうだった。
でも、",,untranslated,
DATA5.BIN#2045184,DATA5.BIN,2045184,对话,"は、
『そう言わないでもう少し見ていこうよ』ですって。
わたしには、あの空気、どうしても
耐えられないのよね…。
わがままかもしれないけど、
我慢しているわたしを、",,untranslated,
DATA5.BIN#2045348,DATA5.BIN,2045348,对话,"が
少しでも気遣ってくれれば、
気分は変わったかもしれないな。",,untranslated,
DATA5.BIN#2045422,DATA5.BIN,2045422,对话,"ともえぎのスクエアの
食品売場を歩いたんだけど、
猛烈な勧誘合戦に、うんざりしちゃった。
でも、",,untranslated,
DATA5.BIN#2045520,DATA5.BIN,2045520,对话,"は、
活気があるねって……感じるんだって。
…そういう見方もあるかもしれないけど、
わたしは、お買い物するときくらい、
もっとゆっくり選ばせてほしいって思うの。
…小さなことかもしれないけど、
こういう意見のズレってちょっと気になるな…。",,untranslated,
DATA5.BIN#2045766,DATA5.BIN,2045766,对话,"ともえぎのスクエアで
やっている『世界の宝石展』を見に行ったの。
そうしたら、持ち主に不幸が訪れるっていう
ルビーが飾られていて…。",,untranslated,
DATA5.BIN#2045901,DATA5.BIN,2045901,对话,"に、本当かしらねって聞いたら、
『ハッタリだよ』って言ってた。
わたしもそう思うわ。
あんなにきれいなルビーなのに
そんな妙ないわくをつけられるなんて、
ひどいわよね。
…",,untranslated,
DATA5.BIN#2046072,DATA5.BIN,2046072,对话,"も同じ意見でよかった。
もし、ああいう迷信を真に受ける人だったら、
どうしようって思ってたから。",,untranslated,
DATA5.BIN#2046175,DATA5.BIN,2046175,对话,"もえぎのスクエアで開催中の
『謎の古代文明展』へ、",,untranslated,
DATA5.BIN#2046230,DATA5.BIN,2046230,对话,"と一緒に行ってきたの。
ああやってはるか昔に作られたものが
私たちの目の前にあるなんて、
不思議な感覚ね。",,untranslated,
DATA5.BIN#2046339,DATA5.BIN,2046339,对话,"も、ワクワクしてくるって
言っていたわ。
研究が進めば、古代文明の謎が解明される日が
いつかくるのかしら…。
そんな会話が楽しめる人って
すごく貴重かもしれないわ。",,untranslated,
DATA5.BIN#2046512,DATA5.BIN,2046512,对话,"と、もえぎのスクエアの
バーゲンに行ったの。
やっぱり混んでいて……正直、
お店の中に入るのは避けたかったな。",,untranslated,
DATA5.BIN#2046625,DATA5.BIN,2046625,对话,"もわたしを気遣ってくれて、
すぐに出ようって言ってくれたの。
……うれしかった。",,untranslated,
DATA5.BIN#2046709,DATA5.BIN,2046709,菜单,、優しいのね…。,,untranslated,
DATA5.BIN#2046739,DATA5.BIN,2046739,对话,"と、もえぎのスクエアの
バーゲンに行ったんだけど、
あまりの熱気に圧倒されちゃった。
あんな所に入ったら、わたし、
気分が悪くなって倒れちゃいそう。
なのに、",,untranslated,
DATA5.BIN#2046897,DATA5.BIN,2046897,对话,"ってば、
『気にしないで見に行こう』って言うの。
…わがままかもって思ったけど、
わたし、結局、あの人込みには入らなかった。",,untranslated,
DATA5.BIN#2047024,DATA5.BIN,2047024,对话,"も、もう少し、
わたしに気を使ってくれてもいいのにな…。",,untranslated,
DATA5.BIN#2047093,DATA5.BIN,2047093,对话,"と電気街の
ゲームショップへ行ったの。
何か買い物があるのかしらって思ったら、
反対に",,untranslated,
DATA5.BIN#2047181,DATA5.BIN,2047181,对话,"から聞かれて、
驚いちゃった。
わたし、前、こういうゲームには興味がないって、
言ったはずなのに、忘れちゃったのかしら？
…せめてそのくらいは、
覚えていてほしかったのに…。",,untranslated,
DATA5.BIN#2047364,DATA5.BIN,2047364,对话,"と電気街の
ゲームショップへ行ったら、
楽器の演奏を真似するゲームを見つけたの。",,untranslated,
DATA5.BIN#2047448,DATA5.BIN,2047448,对话,"もああいうゲーム、
得意なんだって。
本物の楽器も演奏してみたらって
つい勧めちゃった…。
楽器を演奏するのって本当に楽しいもの。",,untranslated,
DATA5.BIN#2047580,DATA5.BIN,2047580,对话,"がその楽しさを理解してくれたら
うれしいな。",,untranslated,
DATA5.BIN#2047637,DATA5.BIN,2047637,对话,"と電気街の
ゲームショップへ行ったら、
楽器の演奏を真似するゲームを見つけたの。
面白そうって思ったら、",,untranslated,
DATA5.BIN#2047744,DATA5.BIN,2047744,对话,"が『真似だけだよ』なんて言うから、
……ちょっとガッカリしちゃった。
たとえ真似でも、それがきっかけで
本物の楽器も演奏してみようかなっていう人が
出てくるかもしれないのにね。",,untranslated,
DATA5.BIN#2047930,DATA5.BIN,2047930,对话,"と電気街の
ゲームショップへ行った時、
デモで流れていた音楽を聴いて、驚いたの。
意外と素敵な曲が多かったから。",,untranslated,
DATA5.BIN#2048045,DATA5.BIN,2048045,对话,"もそう感じてたみたい。
ゲームなんて興味はなかったけど、
意外と奥が深いんだなって感心しちゃった。",,untranslated,
DATA5.BIN#2048155,DATA5.BIN,2048155,对话,"と一緒に、
電気街のＣＤショップに行ったの。
たくさんのＣＤを眺めながら、",,untranslated,
DATA5.BIN#2048233,DATA5.BIN,2048233,对话,"に『どんな音楽が好き？』って
聞いたら、クラシックだって言うから
ついうれしくなって
『好きな作曲家は？』って聞いてみた。
……聞かなきゃよかった。
彼…シャガールが好きだって…。
シャガールって、画家でしょう？
わたし、一瞬、思考が止まっちゃった。
話を合わせてくれようとしたのかもしれないけど、
ガッカリしちゃった。
分からないなら分からないって、
素直に言ってくれればよかったのに。",,untranslated,
DATA5.BIN#2048624,DATA5.BIN,2048624,对话,"と一緒に、
電気街のＣＤショップに行ったの。
アナログレコードを探していたら、",,untranslated,
DATA5.BIN#2048706,DATA5.BIN,2048706,对话,"も一緒になって探してくれて、
うれしかった。
楽しくお買い物できてよかったな。",,untranslated,
DATA5.BIN#2048796,DATA5.BIN,2048796,对话,"と一緒に、
電気街のＣＤショップへ行ったの。
わたし、あそこに行くと、時間が経つのも
忘れてしまうのよね。
そう",,untranslated,
DATA5.BIN#2048909,DATA5.BIN,2048909,对话,"に言ったら、
たっぷり付き合ってくれるって言ってくれて、
すごくうれしかった。
でも、あんまり長い時間、
付き合わせてしまうのも悪いから、
早めに切り上げてしまったけど。
…すてきなお店を教えてくれた",,untranslated,
DATA5.BIN#2049109,DATA5.BIN,2049109,对话,には、本当に感謝してるわ。,,untranslated,
DATA5.BIN#2049144,DATA5.BIN,2049144,菜单,電気街のジャンク屋に、,,untranslated,
DATA5.BIN#2049171,DATA5.BIN,2049171,对话,"と一緒に、
行ったんだけど……なんだかとても
不思議な雰囲気の場所で、
ちょっと圧倒されちゃった。
だって、がらくたとしか思えないものばかりが
ずらっと並んでいるんだもの。
彼は『わかる人にはわかる』なんて
言ってたけど…。
わたしと一緒にああいう所へ行って、
何が楽しいのかしらね？",,untranslated,
DATA5.BIN#2049452,DATA5.BIN,2049452,对话,"の考えていること、
ちょっとわからなかったな。",,untranslated,
DATA5.BIN#2049506,DATA5.BIN,2049506,菜单,電気街のジャンク屋に,,untranslated,
DATA5.BIN#2049532,DATA5.BIN,2049532,对话,"と行ったんだけど…、
やっぱりわたしには理解できない世界で、
思わず聞いちゃったの。
『ここのどこが楽しいのかしら』って。
そうしたら、",,untranslated,
DATA5.BIN#2049669,DATA5.BIN,2049669,对话,"…、
『穂多琉と一緒ならどこでも楽しい』だって。
…悪い気持ちはしなかったけど、
だったら、もっと楽しい所にしてくれたら
いいのにって思っちゃった。",,untranslated,
DATA5.BIN#2049827,DATA5.BIN,2049827,对话,"と電気街のジャンク屋に
行ったんだけど…、
やっぱりわたしには理解できない世界で、
思わず聞いちゃったの。
『ここのどこが楽しいのかしら』って。
そうしたら、",,untranslated,
DATA5.BIN#2049985,DATA5.BIN,2049985,对话,"…、
『穂多琉と一緒ならどこでも楽しい』だって。
…そう思ってくれて、すごくうれしかった。
だけど…それなら、
わたしも楽しめるような場所が
他にもっとあるんじゃないかしら？",,untranslated,
DATA5.BIN#2050160,DATA5.BIN,2050160,对话,"の気の使い方って、
ちょっとずれてるような気がするな…。",,untranslated,
DATA5.BIN#2050229,DATA5.BIN,2050229,对话,"と一緒に、電気街のジャンク屋を
歩いたんだけど……、パソコンがものすごい
安い値段で売っていて、驚いちゃった。",,untranslated,
DATA5.BIN#2050343,DATA5.BIN,2050343,对话,"に聞いたら、
『あれは改造用だよ』だって。
パソコンを自分で組み立てる人のための
ものなのね。
それならあの値段もうなずけるわ。
彼っていろんなこと知ってるのね…。",,untranslated,
DATA5.BIN#2050511,DATA5.BIN,2050511,对话,"わたし、ボウリングって嫌いじゃないけど……
ちょっと怖いの。
指を痛めないように、ずっと気をつけていなくちゃ
いけないから。
もし指を痛めてピアノが弾けなくなったら嫌だもの。
…でも、",,untranslated,
DATA5.BIN#2050695,DATA5.BIN,2050695,对话,"と一緒に遊べて、
楽しかったな。
結果はともかくとして…ね。",,untranslated,
DATA5.BIN#2050767,DATA5.BIN,2050767,对话,"とスケートをしに行った時、
久々で怖いって言ったら、
彼が手を引いてくれたの。
……恥ずかしかったけど、うれしかったな。
ああいう風に自然に優しくしてくれるところ、",,untranslated,
DATA5.BIN#2050933,DATA5.BIN,2050933,对话,"のいいところだなって思った。
…他の女の子にもああいう態度を取っていたら、
それはそれでちょっと複雑な気分だけど…。",,untranslated,
DATA5.BIN#2051061,DATA5.BIN,2051061,对话,"とスケートしたんだけど、
彼ってば『氷上の貴公子と呼んでくれ』なんて
格好つけるの。
強がってケガをしたら大変なのに。
どうしてそうやって無理をするのかしら？
正直に言ってくれた方が、
よっぽど男の人らしいって思えたのに…。",,untranslated,
DATA5.BIN#2051293,DATA5.BIN,2051293,对话,"とスケートしたんだけど、
彼ってば『氷上の貴公子と呼んでくれ』なんて
言い出すの。
茶化して言っているってわかってるけど、
でも、本当に彼って、スポーツ万能だから、
そう呼んでもいいのかもって思っちゃった。",,untranslated,
DATA5.BIN#2051500,DATA5.BIN,2051500,对话,って、なんだか…格好いいな。,,untranslated,
DATA5.BIN#2051542,DATA5.BIN,2051542,对话,"とスケートをしに行ったら、
彼が転んでいたみたいだったから、
『大丈夫？』って声をかけたら、
反対に気遣われちゃった。
もしかしたら、わたしが転んでいたところも、
バッチリ見られていたのかしら…。
恥ずかしかったけど…でも、うれしかった。",,untranslated,
DATA5.BIN#2051780,DATA5.BIN,2051780,菜单,って優しいのね…。,,untranslated,
DATA5.BIN#2051812,DATA5.BIN,2051812,对话,"と美術館へ行って、
すてきな美術品を眺めたわ。
静かなところで、じっくりと美術品を見ていると、
それだけで心まで透き通るような、
背筋がピンと伸びるような、
……そんな気分になってくるの。
そう言ったら、",,untranslated,
DATA5.BIN#2052015,DATA5.BIN,2052015,对话,"、
『心の中が丸見えってこと？』だって。
…せっかくいい気持ちになっていたのに、
一気に気持ちが冷めちゃった。
もう…どうしてあんなこと言うのかしら…。",,untranslated,
DATA5.BIN#2052177,DATA5.BIN,2052177,对话,"と美術館へ行ったの。
この街の風景画が飾ってあって、
ずっと眺めていたんだけれど…、
ちょっと現実の街とは違った新鮮さがある
ような気がしたの。
そうしたら『人によって捉え方が違う』って",,untranslated,
DATA5.BIN#2052364,DATA5.BIN,2052364,对话,"が言って…、
それでわたし、やっと気づいたの。
この絵に描かれているのは、画家さんが
心で見た街の姿だから、わたしの知っている
街の景色とは、ちょっぴり違うんだなって。",,untranslated,
DATA5.BIN#2052534,DATA5.BIN,2052534,对话,"がそうやって
わたしの目の前の見えない壁を
サッと取り払ってくれて、うれしかった…。",,untranslated,
DATA5.BIN#2052630,DATA5.BIN,2052630,对话,"と美術館へ行ったら、
わたしたちの学校の卒業生が
作った彫刻が飾られていたの。
そしたら彼、学校で昔の卒業アルバムを
探してみようって。
それも面白そう。
もしかしたらその人の初期の作品が、
あるかもしれないものね。
ちょっと感心しちゃった。",,untranslated,
DATA5.BIN#2052870,DATA5.BIN,2052870,对话,"って、
本当に目の付け所がいいのね。",,untranslated,
DATA5.BIN#2052919,DATA5.BIN,2052919,对话,"と一緒に、美術館でやっている、
『ルネサンスの夜明け展』を見に行ったの。
作品数がとても充実していて、
まるでその時代にタイムスリップしたみたい。",,untranslated,
DATA5.BIN#2053068,DATA5.BIN,2053068,对话,"にそう言ったら、
話を合わせてくれて、
『美術館ごとタイムスリップしてたりして』だって。
ふふふ、それって楽しそう。
イメージを膨らませたら、曲が作れそうって思った。",,untranslated,
DATA5.BIN#2053236,DATA5.BIN,2053236,对话,"といると、
いろんなインスピレーションがわいてくる。
…不思議ね。",,untranslated,
DATA5.BIN#2053314,DATA5.BIN,2053314,对话,"と美術館でやっている、
『トリックアート展』を見に行ったの。
館内に一歩足を踏み入れたら、
もう何が本当でどれがトリックなのか、
わからなくなっちゃって、
あちこちでだまされちゃった。
通路の絵にぶつかりそうになったり…。
そうしたら、",,untranslated,
DATA5.BIN#2053548,DATA5.BIN,2053548,对话,"も、
床に書かれた階段の絵に
引っかかりそうになったんだって。
ふふっ、お互い様ね。
すごく楽しかった。また行けたらいいな。",,untranslated,
DATA5.BIN#2053682,DATA5.BIN,2053682,对话,"と美術館でやっている、
『伝統工芸展』を見に行ったの。
鮮やかな着物が展示されていて、
その色使いに感心していたら、",,untranslated,
DATA5.BIN#2053801,DATA5.BIN,2053801,对话,"が、わたしに似合いそうな
着物があった、なんて言うの。
…驚いたし、ちょっと恥ずかしかったけど、
でも、うれしかった。
わたしもあんなきれいな着物、
いつか着てみたいな…。",,untranslated,
DATA5.BIN#2053982,DATA5.BIN,2053982,对话,"と水族館へ行ったの。
大きな水槽にたくさんのお魚が泳いでいて、
とてもきれいだったの。",,untranslated,
DATA5.BIN#2054072,DATA5.BIN,2054072,对话,"と一緒にうっとりしちゃった。
まるで海の底にいるみたいって……、
とても安直なたとえだってわかっているけど、
そう感じたの。
すてきな時間を過ごせて、充実した休日だったな。",,untranslated,
DATA5.BIN#2054254,DATA5.BIN,2054254,对话,"と一緒に、水族館へ行ったの。
時間も忘れて、のんびりできて…、
なんだかとても気持ちが落ち着くの。",,untranslated,
DATA5.BIN#2054356,DATA5.BIN,2054356,对话,"も、居心地が良いって
感じていたみたい。
なんだか、わたしたちって
心が通じているのかしら。
ちょっとくすぐったい感じね。",,untranslated,
DATA5.BIN#2054488,DATA5.BIN,2054488,对话,"と一緒に、水族館へ行った時に、
海の底ってまだ謎ばかりなのよねって
話をしたの。
そしたら、彼、『一生縁のない世界だよ』なんて
投げやりに言うから、
そこで会話が止まっちゃった。
せっかく楽しい気分でいたのにもう台無し。
少しでもいいから、話を合わせてほしかった。",,untranslated,
DATA5.BIN#2054759,DATA5.BIN,2054759,对话,"と、水族館で
アシカショウを見たの。
すぐ芸を失敗する少しドジなアシカがいたんだけど、
その仕草がまた愛敬たっぷりで、
とっても可愛かった。
『ああやって笑いをとるのも大変なんだよ』って",,untranslated,
DATA5.BIN#2054946,DATA5.BIN,2054946,对话,"は言ってたっけ。
確かにあのアシカが一番人気があるみたい。
しばらくそんな話題で盛り上がっちゃった。
楽しかったな。",,untranslated,
DATA5.BIN#2055068,DATA5.BIN,2055068,菜单,水族館のアシカショウを、,,untranslated,
DATA5.BIN#2055098,DATA5.BIN,2055098,对话,"と見に行った時に、
アシカが調教師さんをすごく信頼しているのが
見ているわたしにも伝わってきたの。
だから、そのことを",,untranslated,
DATA5.BIN#2055218,DATA5.BIN,2055218,对话,"にも言ったら、
彼、『餌をくれるから』だって。
……ひどいわ。
心が通じ合っているあのアシカと調教師さんを、
そんな風に見るなんて。
わたし、",,untranslated,
DATA5.BIN#2055360,DATA5.BIN,2055360,对话,"が
あんなに冷たい人だったなんて知らなかった。
なんだか裏切られたような気持ちだった…。",,untranslated,
DATA5.BIN#2055460,DATA5.BIN,2055460,对话,"と一緒にプールで遊んだ時に、
周りを見まわしてみたら、
みんなぷかぷか浮かんで波に揺れていたの。
ちょっと面白い光景だなって思って、",,untranslated,
DATA5.BIN#2055595,DATA5.BIN,2055595,对话,"に言ったら、
『のどかでいいよね』って笑ってた。
本当にそうね…。
こういう風にのんびりと過ごせる時間って
大切にしたいな。",,untranslated,
DATA5.BIN#2055729,DATA5.BIN,2055729,对话,"と、オーシャンブルーの
ウォータースライダーで遊んだの。
でも、人気があるみたいで、
たくさんの人が並んでいて……。
そうしたら、彼、
『並ぶのやめようか』って言い出すの。
せっかく遊びに来たのにあきらめるのは
早い時間だったから、驚いちゃった。
これからが楽しいところだったし…。
ひょっとして、",,untranslated,
DATA5.BIN#2056023,DATA5.BIN,2056023,对话,"って、
ウォータースライダーが苦手だったのかしら？
だとしたら、無理に付き合わせちゃって、
悪いことしたかもしれないわね…。",,untranslated,
DATA5.BIN#2056158,DATA5.BIN,2056158,对话,"とオーシャンブルーの
ウォータースライダーに乗って遊んだ時、
カーブでギュ～って思い切り
彼に寄りかかっちゃったの。
だから、ごめんなさいって謝ったら、
彼、ものすごくうれしそうな顔で
『ドンドン寄りかかってよ！』だって。
…ちょっと引いた…。",,untranslated,
DATA5.BIN#2056409,DATA5.BIN,2056409,对话,"とオーシャンブルーの
ウォータースライダーに乗って遊んだ時、
カーブでギュ～って思い切り
彼に寄りかかっちゃったの。
だから、ごめんなさいって謝ったら…、
彼、ものすごくうれしそうな顔で、
『ドンドン寄りかかってよ！』だって。
もう……",,untranslated,
DATA5.BIN#2056643,DATA5.BIN,2056643,对话,"ってば……。
わたし、きっと顔が赤くなってたと思う。
気づかれていなければいいんだけど…。",,untranslated,
DATA5.BIN#2056740,DATA5.BIN,2056740,菜单,オーシャンブルーで、,,untranslated,
DATA5.BIN#2056766,DATA5.BIN,2056766,对话,"と一緒に
ボディボードに挑戦したの。
でも、隣の人とぶつかりそうになって、
ちょっと怖かった…。
そうしたら、",,untranslated,
DATA5.BIN#2056877,DATA5.BIN,2056877,对话,"、
『そういう時は俺に言ってよ』
……だって。
あの時の彼、なんだかとっても
頼もしく見えたな…。",,untranslated,
DATA5.BIN#2057117,DATA5.BIN,2057117,对话,"、
『そういう時は守ってあげるから』
……だって。
でも、わたし、彼にそんな無理をさせるわけには
いかないでしょう？
そのことで彼がケガでもしたら…
わたし、きっと、立ち直れない。
だから、気持ちだけ受け取っておくねって言ったの。
本当はね、彼のその気持ち、
すごくうれしかったんだけど…。",,untranslated,
DATA5.BIN#2057412,DATA5.BIN,2057412,对话,"とレインボウドームに
野球を見に行った。
わたし、野球ってどこが楽しいのか、
ちょっとよくわからないのよね。
そうしたら、『女の子は大抵そうだよね』
なんて言われて、ちょっとムッときちゃった。
それなら、なぜわたしと一緒に行ったのかしら？
自分だけ楽しければ、それで充分なの？
…ちょっと、納得いかなかったな。",,untranslated,
DATA5.BIN#2057728,DATA5.BIN,2057728,对话,"とレインボウドームに
野球を見に行ったんだけど、
格別にあの試合は時間がかかって、
いつになったら終わるんだろうって思ってたの。
正直、見ているのが苦痛だった…。
なのに、",,untranslated,
DATA5.BIN#2057900,DATA5.BIN,2057900,对话,"ってば、
『本当は楽しんでいたんじゃない？』
なんて言うから驚いちゃった。
本当にそういう風に見えたのかしら？
彼は楽しんだのかもしれないけど、
あの言い方は、ちょっとひどいわ。",,untranslated,
DATA5.BIN#2058087,DATA5.BIN,2058087,对话,"と、レインボウドームに
サッカーの試合を見に行ったの。
いつも、テレビで流れている試合結果を
ちらっと見るくらいだったから、
わからなかったけど…、意外とサッカーって
激しいスポーツだったのね。",,untranslated,
DATA5.BIN#2058282,DATA5.BIN,2058282,对话,"も『生で観るのが一番』って。
本当、その通りね。",,untranslated,
DATA5.BIN#2058335,DATA5.BIN,2058335,对话,"と一緒にいると、
新鮮なことばかりで、全然飽きないな…。",,untranslated,
DATA5.BIN#2058404,DATA5.BIN,2058404,对话,"と、レインボウドームに
サッカーの試合を見に行った時、
ヤジを飛ばしている人がいたの。
何だか、スポーツの試合なのに、
そこまで夢中にならなくてもって、
思うんだけれど…。
でも、彼もあのヤジを飛ばした人の気持ち、
わかるんだって。
もう、びっくり。
…わたしと一緒じゃなかったら、
彼もヤジを飛ばすのかな。
そんな人だとは知らなかった。",,untranslated,
DATA5.BIN#2058740,DATA5.BIN,2058740,对话,"レインボウドームに格闘技の試合を
見に行ったの。",,untranslated,
DATA5.BIN#2058793,DATA5.BIN,2058793,对话,"と一緒に。
……ものすごい熱気で、わたし、
頭が痛くなってきちゃった。
でも、",,untranslated,
DATA5.BIN#2058873,DATA5.BIN,2058873,对话,"も燃えちゃってて、
『俺の求めていた空気だ！』なんて叫ぶのよ。
もう……びっくりというより、ガッカリ。
わたしを連れてきた意味ってなに？って
聞きたいくらいだったわ。
一緒にいるわたしのこと、もう少し
気遣ってくれてもいいんじゃないかしら？",,untranslated,
DATA5.BIN#2059121,DATA5.BIN,2059121,对话,"と一緒に、
レインボウドームに格闘技の試合を
見に行ったの。
……すごく疲れた。
興味のないものを、延々と見せられるのって、
かなりつらいのね…。
なのに、",,untranslated,
DATA5.BIN#2059276,DATA5.BIN,2059276,对话,"ってば、
わたしが『けっこうノッてた』なんて言うのよ。
どうすれば、そういう風に見えるのかしら？
わたし、ずっと眉間にシワを寄せていたと
思うんだけど。",,untranslated,
DATA5.BIN#2059430,DATA5.BIN,2059430,对话,"って、自分さえ楽しければ、
いいっていう人なんだな…。
もう少し思いやりのある人だと思ってたけど、
誤解だったみたいね。",,untranslated,
DATA5.BIN#2059561,DATA5.BIN,2059561,对话,"と一緒に、遊覧船に乗った。
景色が見たくてデッキに出てみたんだけど…、
やっぱり失敗だった。
風がものすごく冷たいんだもの。
わたしが震えていたら、彼、
『上着を貸してあげる』って言ってくれて、
すごくうれしかった。
彼も寒いのを我慢しているはずなのに。",,untranslated,
DATA5.BIN#2059814,DATA5.BIN,2059814,菜单,って、優しいのね…。,,untranslated,
DATA5.BIN#2059848,DATA5.BIN,2059848,对话,"と遊覧船に乗った。
デッキから景色を眺めていたら、
そうしたら、この船の最終便に乗ると、
夕焼けに染まる街がきれいに見えるらしいって
いう話を思い出して、彼に言ってみたの。
そうしたら、彼、
『いつか一緒に見たいね』だって。
そういうことは、わたしなんかじゃなくて、
もっと親しい人に言うことよね。
なんだかちょっと引いちゃった…。",,untranslated,
DATA5.BIN#2060185,DATA5.BIN,2060185,对话,"と遊覧船に乗った。
デッキから景色を眺めていたら、
そうしたら、この船の最終便に乗ると、
夕焼けに染まる街がきれいに見えるらしいって
いう話を思い出して、彼に言ってみたの。
そうしたら、彼、
『いつか一緒に見たいね』だって。
彼がそう言ってくれること、
本当はちょっと期待してた。
だから、その言葉が聞けて
すごくうれしかった…。
本当にその『いつか』が来るといいな…。",,untranslated,
DATA5.BIN#2060558,DATA5.BIN,2060558,对话,"と遊覧船に乗ったんだけど、
あっと言う間に終点に着いて
がっかりしちゃった。
やっぱり天気が悪いからかしら？
そうしたら",,untranslated,
DATA5.BIN#2060679,DATA5.BIN,2060679,对话,"、
『穂多琉といると、時間が短く感じる』って
言ってくれた。
きっと、話が弾んでたから短く感じたのね。
けっこう気が合うのかしら。",,untranslated,
DATA5.BIN#2060819,DATA5.BIN,2060819,对话,"と遊覧船に乗ったんだけど、
あっと言う間に終点に着いてしまって、
がっかりしちゃった。
やっぱり天気が悪いからかしら？
そうしたら",,untranslated,
DATA5.BIN#2060950,DATA5.BIN,2060950,对话,"、
『穂多琉といると、時間が短く感じる』
なんて突然言うから……ドキドキした。
深い意味なんてないってわかってる。
だけど、わたしも同じ気持ちだったから、
本当にうれしかった。
あのときの声、まだ耳に残ってるわ…。",,untranslated,
DATA5.BIN#2061172,DATA5.BIN,2061172,对话,"と一緒に、
遊覧船に乗りに行ったんだけど、
あいにくの天気で、外の景色がほとんど
見えなかったの。
そうしたら、彼、
『俺の顔はよく見られたでしょ』なんて
言い出すから、どうしようかと思っちゃった。
…なんて返事をしてほしかったのかしら？",,untranslated,
DATA5.BIN#2061417,DATA5.BIN,2061417,对话,"と一緒に、
遊覧船に乗りにいったんだけど、
あいにくの天気で、外の景色がほとんど
見えなかったの。
そうしたら、彼、
『俺の顔はよく見られたでしょ』なんて
言い出すから、心臓、止まるかと思った。
じっと彼の顔、見てたこと、
気づかれていたのかしら。
どうしよう…すごく、恥ずかしい。
彼、どう思ったかな？
わたし…きっと赤くなってたわよね…。",,untranslated,
DATA5.BIN#2061757,DATA5.BIN,2061757,对话,思い出すだけで、ぞっとすることがあるの。,,untranslated,
DATA5.BIN#2061803,DATA5.BIN,2061803,对话,"と遊園地へ遊びに行った時、
観覧車に乗ったんだけど、ゴンドラが
一番高いところで……風で、揺れたの。
息が止まるかと思った…。
なのに、",,untranslated,
DATA5.BIN#2061940,DATA5.BIN,2061940,对话,"ってば、
『怖がりだなぁ』なんて笑うの。
ひどい……。
すごくショックだった。
大げさって言われるかもしれないけど、
本当に生きた心地がしなかったのよ。
わかってほしいとまでは言わないけど、
少しくらい気遣ってくれてもいいじゃない？
怯えてるわたしを笑うなんて…、",,untranslated,
DATA5.BIN#2062202,DATA5.BIN,2062202,菜单,って、本当に冷たい人。,,untranslated,
DATA5.BIN#2062238,DATA5.BIN,2062238,对话,"と一緒に、遊園地へ遊びに行った時、
…ジェットコースターに乗る羽目になったの。
彼の楽しそうな顔を見ていたら、
イヤって言えなくて…。
でも、無理しなければよかった。
『苦手だからごめんなさい』って言えれば…。
結局、降りてきてから気分が悪くなってしまって、",,untranslated,
DATA5.BIN#2062496,DATA5.BIN,2062496,对话,"に少し休ませてってお願いしたの。
そうしたら、",,untranslated,
DATA5.BIN#2062546,DATA5.BIN,2062546,对话,"…、
『もう一回乗ろうよ』なんて言うの。
ひどい…。
自分のことしか考えていないのね。
具合が悪いわたしなんか、おかまいなし。
…ショックで悲しくて…。",,untranslated,
DATA5.BIN#2062707,DATA5.BIN,2062707,对话,"と一緒に、遊園地へ遊びに行った。
メルヘンワールドに行ったんだけど、
懐かしい童話の世界が間近に体験できて
かわいかったな。",,untranslated,
DATA5.BIN#2062834,DATA5.BIN,2062834,对话,"も『物語の中に入ったみたい』
なんて素敵なことを言うの。
彼の言葉を聞いたら、
わたしの頭の中に、かわいいメロディが
浮かんできたわ。",,untranslated,
DATA5.BIN#2062970,DATA5.BIN,2062970,对话,"といると、インスピレーションが
どんどんわいてきて、楽しいな…。",,untranslated,
DATA5.BIN#2063047,DATA5.BIN,2063047,对话,"と一緒に、遊園地の
ゴーストハウスへ行ったの。",,untranslated,
DATA5.BIN#2063098,DATA5.BIN,2063098,对话,"って、案外怖がりなのね。
『穂多琉、どこだよ～』って声を震わせて
いるんだもの。
ふふふ、思い出すとつい笑っちゃう。",,untranslated,
DATA5.BIN#2063217,DATA5.BIN,2063217,对话,"に親近感がわいちゃった。
彼にはこのこと、内緒だけど。",,untranslated,
DATA5.BIN#2063284,DATA5.BIN,2063284,对话,"と一緒に、遊園地の
ゴーストハウスへ行った時、
…",,untranslated,
DATA5.BIN#2063337,DATA5.BIN,2063337,对话,"がわたしのこと、
突然、触ってくるの。
なのに『俺じゃない』なんてごまかして…。
…もう信じられない。
怖いなら怖いって素直に言ってくれれば
よかったのに…。",,untranslated,
DATA5.BIN#2063504,DATA5.BIN,2063504,对话,"と一緒に、遊園地へ行った時、
なぜか成り行きでヒーローショウを
見る羽目になったの。
面白くも何ともないし、
場違いな場所にいるみたいで、
居心地悪くて……。そうしたら、彼、
『子供の反応を見ているだけでも楽しい』
って言うの。
言われてみると、子供たちって
本当に真剣に舞台を見ていて、
その仕草がかわいくて、思わずわたしも
微笑んでしまったくらい。",,untranslated,
DATA5.BIN#2063851,DATA5.BIN,2063851,对话,"の目の付け所って、
わたしと違っていて面白いな。
こういう新鮮な発見があるから、",,untranslated,
DATA5.BIN#2063935,DATA5.BIN,2063935,对话,"と一緒にお出かけすること、
楽しいのよね。",,untranslated,
DATA5.BIN#2063990,DATA5.BIN,2063990,对话,"と遊園地でナイトパレードを見たの。
夢の世界にいるみたいにきれいだったな…。
わたしがすっかり夢中になっていたら、
突然、彼が『穂多琉もきれいだね』なんて
言い出すから…どうしようかと思った。
思い出してもドキドキするくらい…。
パレードのことより
彼のことが気になって仕方がなかった。",,untranslated,
DATA5.BIN#2064275,DATA5.BIN,2064275,对话,"って、ひょっとして、
わたしをドキドキさせて楽しんでいるのかしらね？
何だか悔しい…。",,untranslated,
DATA5.BIN#2064373,DATA5.BIN,2064373,对话,"と遊園地でナイトパレードを見たの。
そうしたら、パレードに出ていた、
素敵な王子様がわたしにウィンクしてくれたの。
思わず彼にそのことを言ったら、
『なんだって",,untranslated,
DATA5.BIN#2064530,DATA5.BIN,2064530,对话,"@』なんて大声出すから、
驚いちゃった。
そんなにびっくりしたのかしら？
それとも…ヤキモチ、妬いてくれたのかな。
だとしたら、ちょっとうれしい…。",,untranslated,
DATA5.BIN#2064687,DATA5.BIN,2064687,对话,"と遊園地でナイトパレードを見たの。
このパレードが終わったら、
もう帰らなくちゃいけないんだなって
思ったら、急に寂しくなってきちゃった。
そうしたら、『また一緒に来ようね』って
彼が言ってくれた…。
わたしと同じことを彼も思っていてくれて…
うれしかった。
約束が実現する日を、
心待ちにしてしまいそう。",,untranslated,
DATA5.BIN#2064998,DATA5.BIN,2064998,对话,"と海へ潮干狩りに行った。
まだ少し海水が冷たくて、
ちょっとイヤだなと思っていたんだけど、",,untranslated,
DATA5.BIN#2065092,DATA5.BIN,2065092,对话,"が『日差しが暖かいから平気』
って言うの。
確かにとても良い天気だったし、
潮干狩りに夢中になっていたら、
海水の冷たさなんて気にならなくなって、
むしろ気持いいとまで思えるようになったの。",,untranslated,
DATA5.BIN#2065283,DATA5.BIN,2065283,对话,"の言葉がなかったら、
きっとわたし、ずっとゆううつな気分だったと思う。
楽しいって思える一日になったのは、",,untranslated,
DATA5.BIN#2065393,DATA5.BIN,2065393,菜单,のおかげね…。,,untranslated,
DATA5.BIN#2065421,DATA5.BIN,2065421,对话,と海へ潮干狩りに行った時、,,untranslated,
DATA5.BIN#2065453,DATA5.BIN,2065453,对话,"のズボンに泥がついてしまったの。
なのに、彼は全然気にならないみたいで、
もう潮干狩りに夢中。
…",,untranslated,
DATA5.BIN#2065553,DATA5.BIN,2065553,对话,"って、ああいう汚れって
気にならないものなのかしら？
ああいう何気ないところにも、
普段の生活ぶりが出るっていうじゃない。
…ということは、
彼って、お部屋を散らかしていても、
平気なんて言うタイプなのかも。
…だとしたら、ちょっとイヤだな。
きれい好きな人の方が、
何事にもきちんとしていると思うもの。",,untranslated,
DATA5.BIN#2065862,DATA5.BIN,2065862,对话,"と海へ泳ぎに行った時、
ものすごく砂が熱くなっていて、
裸足になれなかったの。
困っていたら、",,untranslated,
DATA5.BIN#2065958,DATA5.BIN,2065958,对话,"が、
『おんぶしてあげようか』って言い出して……
ちょっと困った。
からかってただけだと思いたいんだけど、
もしかしたら、本気でそうする
つもりだったのかしら？
さすがに、ちょっと恥ずかしいな…。",,untranslated,
DATA5.BIN#2066258,DATA5.BIN,2066258,对话,"が、
『おんぶしてあげようか』って言いだして……
ちょっと困った。
からかってただけだと思いたいんだけど、
もしかしたら、本気でそうする
つもりだったのかしら？
さすがに、ちょっと恥ずかしくって
気持ちだけで充分って言っておいた。
でも……。
顔が真っ赤だったの、気づかれなかったかな？",,untranslated,
DATA5.BIN#2066549,DATA5.BIN,2066549,对话,"と海で夕日を眺めたの。
…今でも目に焼きついているくらい、
きれいな眺めだったな…。
そうしたらね、",,untranslated,
DATA5.BIN#2066651,DATA5.BIN,2066651,对话,"が、突然、
『今日のこと、忘れない』なんて言うから、
本当に驚いちゃった…。
そんな風に思ってくれるなんて、
思ってもみなかったから。
わたしも、ずっと忘れないと思う。
すてきな一日を",,untranslated,
DATA5.BIN#2066834,DATA5.BIN,2066834,对话,"と過ごせて、
良かったな。",,untranslated,
DATA5.BIN#2066873,DATA5.BIN,2066873,对话,"と港を歩いたの。
散歩するのにぴったりな天気で、
気持ちが良いねって言っていたら、
彼、『退屈』ですって。
わたしと散歩することがそんなに退屈なら、
無理して一緒にいることないじゃない。
せっかく遠出したのに、
あんなこと言うなんてひどい。
自分を否定されているみたいで、
すごくショックだった…。",,untranslated,
DATA5.BIN#2067176,DATA5.BIN,2067176,对话,"と、海辺を散歩したの。
あの人との思い出がいっぱい詰まった海を
眺めていると、嫌でも実感してしまうの。
もうどこにもあの人はいないんだって。
そんなこと、わかり切っているのに…ね。
わたし、つい思い出に浸ってしまって、",,untranslated,
DATA5.BIN#2067395,DATA5.BIN,2067395,对话,"に悪いことをしてしまったわ。
でも、",,untranslated,
DATA5.BIN#2067435,DATA5.BIN,2067435,对话,"、イヤな顔ひとつしないで、
切ない気持ちになるのもわかるって
言ってくれたの。",,untranslated,
DATA5.BIN#2067517,DATA5.BIN,2067517,对话,"の優しい気遣いが伝わってきて
…泣きたくなるくらいうれしかった。
彼と一緒にあの海へ行って、
よかったのかもしれないな…。",,untranslated,
DATA5.BIN#2067650,DATA5.BIN,2067650,对话,"と山の牧場に行った時、
昔、乗馬をしたことがあるって話をしたの。
そうしたら、彼、『高尚な趣味だね』
なんて冷めた口調で言われて、絶句しちゃった。
そんな風に受け取られるなんて思わなかったから。",,untranslated,
DATA5.BIN#2067846,DATA5.BIN,2067846,对话,"の一言で、
彼とわたしの間に分厚い壁ができてしまって、
ものすごく気まずくなってしまった。
…どうしてあんなこと言うんだろう？",,untranslated,
DATA5.BIN#2067978,DATA5.BIN,2067978,菜单,ちょっと足を伸ばして、,,untranslated,
DATA5.BIN#2068005,DATA5.BIN,2068005,对话,"と
山の湖に行ってきたの。
とても静かなところで、
心が安まる良い所だったな。
なのに、",,untranslated,
DATA5.BIN#2068094,DATA5.BIN,2068094,对话,"ってば、
『静かすぎて落ち着かない』なんて言うの。
わたし、",,untranslated,
DATA5.BIN#2068157,DATA5.BIN,2068157,对话,"のそういうところ、
ちょっと理解できないの。
…ごみごみしたところにいるより、
よっぽどいいと思うんだけど。",,untranslated,
DATA5.BIN#2068276,DATA5.BIN,2068276,对话,"と紅葉を見に行った時、
リスを見かけたの。
すぐに隠れてしまったから、
ほんの一瞬だけだったけど。
でもね、",,untranslated,
DATA5.BIN#2068385,DATA5.BIN,2068385,对话,"にそのことを言ったら、
『見間違いでしょ』って信じてくれないの。
…リスに会えてうれしかったけど、",,untranslated,
DATA5.BIN#2068487,DATA5.BIN,2068487,对话,"のあの一言で、台無し。
あんなこと言う人だったなんて、
知らなかった…。",,untranslated,
DATA5.BIN#2068680,DATA5.BIN,2068680,对话,"にそのことを言ったら、
『見間違いでしょ』って信じてくれないの。
わたしって、そんなに信用できないのかな。",,untranslated,
DATA5.BIN#2068790,DATA5.BIN,2068790,对话,"にとってわたしは、
その程度……なのかな。
だとしたら、すごく……つらい。",,untranslated,
DATA5.BIN#2068876,DATA5.BIN,2068876,对话,"と紅葉狩りに行った時、
歩き疲れたってちょっと
愚痴をこぼしてしまったの。
そうしたら、",,untranslated,
DATA5.BIN#2068966,DATA5.BIN,2068966,对话,"……、
『先に行くよ』だって。
それはないんじゃないのって思った。
少しも休ませてくれないなんて、ひどい。
男の人と女の人は、歩幅が
かなり違うってこと、知らないのかしら？
だとしても、思いやりがないと思うの。
あんなに冷たい人だとは思わなかった…。",,untranslated,
DATA5.BIN#2069218,DATA5.BIN,2069218,对话,ゲームショウへ行ってきたわ…。,,untranslated,
DATA5.BIN#2069254,DATA5.BIN,2069254,对话,"と一緒じゃなかったら、
絶対に行かないタイプの
イベントなんだけど…、
もしかしたら、何か新しい発見があるかも
なんて少しだけ期待もしてた。
だけど、行ったのは失敗だったわ。
会場に一歩足を踏み入れたら、
ものすごい音なんだもの。
なのに、",,untranslated,
DATA5.BIN#2069491,DATA5.BIN,2069491,对话,"は
『この良さがわからないなんて損だ』なんて
言うの。
…自分勝手な人。
もう二度と行きたくない。
少しでも期待した自分が馬鹿だったわ。",,untranslated,
DATA5.BIN#2069636,DATA5.BIN,2069636,对话,"と一緒に、
コミックソサイエティへ行った。
まさか、会場にまで行くことになるなんて、
思ってもみなかったけど…。
活気に溢れていて、にぎやかだったんだけど、
予想以上に大勢の人がいて、
圧倒されちゃった。
でも、『こういうの興味があるんだ』って",,untranslated,
DATA5.BIN#2069879,DATA5.BIN,2069879,对话,"を驚かせてしまったみたい。
…わたしの作った曲を委託販売してもらって
いるって",,untranslated,
DATA5.BIN#2069960,DATA5.BIN,2069960,对话,"に言ったら、
どんな顔、したかしら？
…恥ずかしいから言えなかったけど。",,untranslated,
DATA5.BIN#2070044,DATA5.BIN,2070044,对话,"と動物園へ行ったんだけど…
正直、行かなければよかったかもしれない。
だって、",,untranslated,
DATA5.BIN#2070125,DATA5.BIN,2070125,对话,"、
動物は苦手だって言うんだもの。
それじゃ、いったい、動物園へ
何をしに行ったのか、わからないじゃない。
わたし一人楽しんだって、
仕方がないと思うんだけどな。
ずっと気まずい空気で、本当に、
息が詰まりそうだった…。",,untranslated,
DATA5.BIN#2070352,DATA5.BIN,2070352,对话,"とイヌねこランドへ行ったの。
子犬や子猫がたくさんいて、
もう全部抱きしめたくなるくらい、
かわいかったな。
だけど、",,untranslated,
DATA5.BIN#2070471,DATA5.BIN,2070471,对话,"…あの子たちのこと、
『かわいいとは思えない』って言うの。
…信じられない。",,untranslated,
DATA5.BIN#2070551,DATA5.BIN,2070551,对话,"って、動物嫌いなのかしら。
だとしたら、なぜ一緒にあんな所へ
行ったのかな？
無理をすることないのにね…。",,untranslated,
DATA5.BIN#2070797,DATA5.BIN,2070797,对话,"、
『たまにはこうやって過ごす時間も必要だよ』
だって。
……不思議ね……。
彼にそう言われたら、わたし、
なんだかすごくホッとしたの。
もっと",,untranslated,
DATA5.BIN#2070940,DATA5.BIN,2070940,对话,"と一緒に過ごせば、
わたし……癒されるかもしれない。
そうだったらいいのにな……。",,untranslated,
DATA5.BIN#2071029,DATA5.BIN,2071029,对话,"最初は、学校のクリスマスパーティーに
参加しようなんて考えてもいなかった。
でも…行ってみてよかった。",,untranslated,
DATA5.BIN#2071135,DATA5.BIN,2071135,对话,"に会えたから…。
それに、想像していたよりも、
素敵な雰囲気のパーティーだったしね。
家族でホームパーティーも悪くないけど、
こうやってにぎやかに過ごすのも、
悪くないなって思った。
思い出に残るクリスマスになりそう。",,untranslated,
DATA5.BIN#2071356,DATA5.BIN,2071356,菜单,クリスマスは、,,untranslated,
DATA5.BIN#2071375,DATA5.BIN,2071375,对话,"の誕生日。
わたし、彼の驚いた顔が見たくて、
誕生日プレゼントを用意したの。
それなのに、彼、パーティーに来てなかった…。
どうしようって悩んだけど、
やっぱり当日にプレゼントを
手渡ししたかったから、
思いきって彼の家へ持って行くことにしたの。
彼、すごく喜んでくれた。
その笑顔を見たら、
寒さなんてすっかり吹き飛んじゃった。
勇気を出して、本当によかったな。",,untranslated,
DATA5.BIN#2071737,DATA5.BIN,2071737,对话,"まさか、こんなに楽しいクリスマスを
過ごせる日が来るなんて、
思ってもみなかった…。",,untranslated,
DATA5.BIN#2071825,DATA5.BIN,2071825,对话,"と二人で過ごした、
はじめてのクリスマスは、
…すごくすごく楽しかった。
最高の相性だと鐘が鳴る仕掛けがあるなんて
知らないまま、二人でクリスマスの鐘の
オブジェをくぐったの…。
その時に鳴り響いた、あの祝福の鐘…。
今でも耳に残ってる。
夢を見ているみたいだったな…。
あの鐘の音が、ただの偶然だったとしても、
うれしかったな…。
わたし、今年のクリスマスはきっと忘れない。",,untranslated,
DATA5.BIN#2072199,DATA5.BIN,2072199,菜单,今年の初詣は、,,untranslated,
DATA5.BIN#2072218,DATA5.BIN,2072218,对话,"と一緒だった…。
何をお願いすればいいのか、
ずっと悩んでいたんだけど、",,untranslated,
DATA5.BIN#2072294,DATA5.BIN,2072294,对话,"が何か真剣な顔で
お願いごとをしているのを見ていたら…、
今年もこんな風に、",,untranslated,
DATA5.BIN#2072374,DATA5.BIN,2072374,对话,"と一緒にいられる時間が
たくさんあったら楽しいかもしれない…
なんて思ってしまった…。
それが今年のわたしのお願い事に
なるのかもしれないな…。",,untranslated,
DATA5.BIN#2072523,DATA5.BIN,2072523,菜单,今年の初詣は,,untranslated,
DATA5.BIN#2072540,DATA5.BIN,2072540,对话,"と一緒だった。
なにをお願いすればいいのか、
ずっと悩んでいて、結局…、
『良い一年になりますように』っていう、
漠然としたお願いになっちゃった…。",,untranslated,
DATA5.BIN#2072690,DATA5.BIN,2072690,对话,"は、何だか真剣な顔で
お願い事をしていたけど…。
あんなに熱心に、何をお願いしたのかしらね？
ちょっと気になるな…。",,untranslated,
DATA5.BIN#2072829,DATA5.BIN,2072829,对话,"と行ってきた。
あまり気は進まなかったけど…。
だって、わたしがお願いしたいことは、
神様でも叶えられないことだって、
実感しに行くようなものだものね…。
それに、案の定、たくさんの人込みで、
お正月早々、気疲れしたし…。
無理して行って失敗だったな。",,untranslated,
DATA5.BIN#2073088,DATA5.BIN,2073088,对话,"と一緒に初詣に行ってきた。
…去年よりも一日でもたくさん、",,untranslated,
DATA5.BIN#2073151,DATA5.BIN,2073151,对话,"のそばで、
笑っていられたらいいな…ってお願いした。
欲張りなお願いだったかしらね…？",,untranslated,
DATA5.BIN#2073241,DATA5.BIN,2073241,对话,"はどんなお願い事をしたのかしら。
真剣な表情だったから、
ちょっと気になるな…。",,untranslated,
DATA5.BIN#2073333,DATA5.BIN,2073333,对话,"と一緒に初詣に行ってきた。
…去年よりも一日でもたくさん、
笑っていられたらいいな…ってお願いした。",,untranslated,
DATA5.BIN#2073529,DATA5.BIN,2073529,对话,"と一緒に初詣に行ってきた。
あまり気は進まなかったけど…。
だって、わたし、神様にお願いしたいことなんて、
何もないんだもの…。",,untranslated,
DATA5.BIN#2073660,DATA5.BIN,2073660,对话,"は真剣にお願い事、
していたみたいだったけどね。
…こういうことに冷めてしまった自分を、
わざわざ確かめに行ったみたいで、
…ちょっと嫌だったな。
無理して行かなければよかったのかもしれない。",,untranslated,
DATA5.BIN#2073856,DATA5.BIN,2073856,菜单,今年は、,,untranslated,
DATA5.BIN#2073869,DATA5.BIN,2073869,菜单,と一緒に初詣に行った。,,untranslated,
DATA5.BIN#2073897,DATA5.BIN,2073897,对话,"と一緒にいられる時間が、
もっとたくさんありますようにって、
お祈りしてきた。
…叶うといいな。",,untranslated,
DATA5.BIN#2074012,DATA5.BIN,2074012,对话,"と一緒に初詣に行った。
無事に進路が決まりますように……なんて、
ありきたりなお願いをしてきた。",,untranslated,
DATA5.BIN#2074112,DATA5.BIN,2074112,对话,"は何だか真剣に
願をかけていたけど…、
いったい、どんなお願い事をしたのかしらね？
ちょっと気になるな…。",,untranslated,
DATA5.BIN#2074237,DATA5.BIN,2074237,对话,"と一緒に初詣に行った。
気分転換になればと思ったけど、
行かなければよかったかもしれないな。
卒業前の大事な時期に、
ただ疲れに行ったっていう感じなんだもの。
…ちょっと失敗。",,untranslated,
DATA5.BIN#2074417,DATA5.BIN,2074417,对话,"チョコを作ってみたものの、
渡そうかどうかってギリギリまで悩んでたの。
だけど…",,untranslated,
DATA5.BIN#2074500,DATA5.BIN,2074500,对话,"の顔を見たら、
もう夢中でチョコを差し出してた。
受け取ってくれてうれしかったな。",,untranslated,
DATA5.BIN#2074589,DATA5.BIN,2074589,对话,今年のバレンタインデーは、,,untranslated,
DATA5.BIN#2074621,DATA5.BIN,2074621,对话,"に手作りチョコを渡した。
受け取ってもらえないんじゃないかって、
不安だったけど、",,untranslated,
DATA5.BIN#2074707,DATA5.BIN,2074707,对话,"は笑顔で答えてくれた。
思い切って、あげてよかったな。",,untranslated,
DATA5.BIN#2074769,DATA5.BIN,2074769,菜单,バレンタインデーに、,,untranslated,
DATA5.BIN#2074795,DATA5.BIN,2074795,对话,"に手作りのチョコを渡した…。
笑顔で受け取ってもらえてよかったな。
でも…",,untranslated,
DATA5.BIN#2074872,DATA5.BIN,2074872,对话,"は、どんな風に思ったかしら？
手作りのチョコなんて、
誰にでも渡すものじゃないものね…。
考えただけで恥ずかしくて…、
しばらく、",,untranslated,
DATA5.BIN#2075003,DATA5.BIN,2075003,对话,"の顔、
まともに見られないかもしれないな。",,untranslated,
DATA5.BIN#2075066,DATA5.BIN,2075066,对话,"を待って、
一緒に帰ったの。
だって、",,untranslated,
DATA5.BIN#2075107,DATA5.BIN,2075107,对话,"の誕生日だったから…。
用意してきたプレゼントを渡したら、",,untranslated,
DATA5.BIN#2075170,DATA5.BIN,2075170,对话,"、驚いてたけど、
喜んでくれたみたい。恥ずかしかったけど、
思い切って渡してみてよかったな。",,untranslated,
DATA5.BIN#2075269,DATA5.BIN,2075269,对话,"今年の誕生日は、驚かされてばかり。
学校で",,untranslated,
DATA5.BIN#2075315,DATA5.BIN,2075315,对话,"が突然、
わたしにプレゼントをくれたんだもの。
彼、わたしの誕生日をちゃんと覚えててくれたのね。
それだけでもうれしかったのに、
プレゼントも素敵だったし…。
わたしのこと、気にしてくれているってこと、
伝わってきて…うれしかったな。",,untranslated,
DATA5.BIN#2075552,DATA5.BIN,2075552,对话,"今年の誕生日は、うれしいことがあったの。
学校で",,untranslated,
DATA5.BIN#2075604,DATA5.BIN,2075604,对话,"が突然、
わたしにプレゼントをくれたんだもの。
わたしの趣味にはちょっと合わない
プレゼントだったけど…。
でもね、わたしの誕生日を、
ちゃんと覚えててくれたっていう
その気持ちだけで、充分うれしかった。",,untranslated,
DATA5.BIN#2075811,DATA5.BIN,2075811,对话,今年の誕生日は、びっくりする事があったの。,,untranslated,
DATA5.BIN#2075859,DATA5.BIN,2075859,对话,"が、学校で突然、
プレゼントをくれるんだもの。
彼、わたしの誕生日、
ちゃんと覚えててくれたのね…。
それに、プレゼントも、素敵だったし…。
うれしかったな。",,untranslated,
DATA5.BIN#2076069,DATA5.BIN,2076069,对话,"が、学校で突然、
プレゼントをくれるんだもの。
わたしの趣味には、ちょっと合わない
プレゼントだったけど、わたしの誕生日を、
ちゃんと覚えててくれたんだってことが、
すごくうれしかったな…。",,untranslated,
DATA5.BIN#2076311,DATA5.BIN,2076311,对话,"が、学校で突然、
プレゼントをくれるんだもの。
彼、わたしの誕生日、
ちゃんと覚えててくれたのね。
それに、プレゼントも素敵だったし…。",,untranslated,
DATA5.BIN#2076449,DATA5.BIN,2076449,对话,"がこんな風に気遣ってくれるなんて、
思ってもみなかったから、
本当にうれしかった…。",,untranslated,
DATA5.BIN#2076588,DATA5.BIN,2076588,对话,"、わたしの誕生日、
ちゃんと覚えててくれたのね。
うれしかったな…。
わたしの趣味には、ちょっと合わない
プレゼントだったのが、
ちょっと残念だったけど。",,untranslated,
DATA5.BIN#2076746,DATA5.BIN,2076746,对话,今年の誕生日は、うれしいことばかり。,,untranslated,
DATA5.BIN#2076788,DATA5.BIN,2076788,对话,"も同じ誕生日だから、
わたし、彼にプレゼントを用意しておいたの。
彼に手渡したら、すごく喜んでくれた。
おまけに、彼もわたしにプレゼントをくれたの。
わたしの誕生日、ちゃんと覚えててくれたのね。
もううれしくてうれしくて…。
ありがとう、",,untranslated,
DATA5.BIN#2077078,DATA5.BIN,2077078,对话,"も同じ誕生日だから、
彼に手渡したら、すごく喜んでくれたの。
おまけに、彼もわたしにプレゼントをくれた。
わたしの誕生日、ちゃんと覚えててくれたのね。
もううれしくてうれしくて…。
彼のくれたプレゼントは、
ちょっとわたしの趣味には、
合わなかったけど…ね。
ありがとう、",,untranslated,
DATA5.BIN#2077363,DATA5.BIN,2077363,对话,"の誕生日はお休みの日だったから、
わたし、プレゼントを持って、
彼の家まで行ったの…。
せっかくのお誕生日だもの、
やっぱり当日に手渡ししたいものね。
彼、すごく喜んでくれて…、
勇気を出して行ってよかったって思った。",,untranslated,
DATA5.BIN#2077584,DATA5.BIN,2077584,对话,"今年の誕生日は、思いがけないことがあった。
急に",,untranslated,
DATA5.BIN#2077636,DATA5.BIN,2077636,对话,"が電話してきて、プレゼントを
持ってきてくれたんだもの。
わたしの誕生日、ちゃんと覚えていてくれたのね。
わたし、うれしくてうれしくて…、
彼をお部屋に招待しちゃった。",,untranslated,
DATA5.BIN#2077806,DATA5.BIN,2077806,对话,"って、時々こういう風に、
考えもつかないことをしてくれるから…、
だから、きっと…一緒にいて楽しいのよね。",,untranslated,
DATA5.BIN#2077916,DATA5.BIN,2077916,对话,"、プレゼント、ありがとう。
すごくうれしかった…。",,untranslated,
DATA5.BIN#2078026,DATA5.BIN,2078026,对话,"が電話してきて、プレゼントを
持ってきてくれたんだもの。
わたしの誕生日、ちゃんと覚えていてくれたのね。",,untranslated,
DATA5.BIN#2078134,DATA5.BIN,2078134,对话,"の気持ちがうれしくて、
つい、彼をお部屋に招待しちゃった。",,untranslated,
DATA5.BIN#2078197,DATA5.BIN,2078197,对话,"って、時々こういう風に、
考えもつかないことをするから…、
だから、きっと…一緒にいて楽しいのよね。
プレゼントしてくれたものは、ちょっと
わたしの趣味には合わなかったけど…。
きっと、彼なりに一生懸命選んでくれたのよね。
感謝しなくちゃ。",,untranslated,
DATA5.BIN#2078440,DATA5.BIN,2078440,对话,"今年の誕生日は、思いがけないことが
あって…うれしかったな。
急に",,untranslated,
DATA5.BIN#2078509,DATA5.BIN,2078509,对话,"が電話してきて、プレゼントを
わざわざ持ってきてくれたんだもの。
わたしの誕生日、ちゃんと覚えていてくれたのね。
プレゼントも素敵だったし…。
ふふふ、うれしかったな。",,untranslated,
DATA5.BIN#2078734,DATA5.BIN,2078734,对话,"が電話してきて、プレゼントを
わざわざ持ってきてくれたんだもの。
わたしの誕生日、ちゃんと覚えていてくれたのね。
わたしの趣味には、ちょっと合わない
プレゼントだったけど、
その気持ち、うれしかったな…。",,untranslated,
DATA5.BIN#2078942,DATA5.BIN,2078942,对话,"今年の誕生日は、思いがけない事があったの。
急に",,untranslated,
DATA5.BIN#2078994,DATA5.BIN,2078994,对话,"が電話してきて、プレゼントを
持ってきてくれたんだもの。
彼、わたしの誕生日、
ちゃんと覚えててくれたのね。
それに、プレゼントも、素敵なもので…。",,untranslated,
DATA5.BIN#2079287,DATA5.BIN,2079287,对话,"が電話してきて、プレゼントを
持ってきてくれたんだもの。
彼、わたしの誕生日、
ちゃんと覚えててくれたのね。
うれしかったな…。
わたしの趣味には、ちょっと合わない
プレゼントだったのが、
ちょっと残念だったけど。",,untranslated,
DATA5.BIN#2079545,DATA5.BIN,2079545,对话,"も同じ誕生日だから、
わたし、彼にプレゼントを用意しておいたの。
だけど、お休みの日だったから、
わたし…勇気を出して、プレゼントを持って、
彼の家まで行ったの…。
せっかくのお誕生日だもの、
やっぱり当日に手渡ししたいものね。
彼、すごく喜んでくれた。
おまけに、彼もわたしにプレゼントをくれたの。
わたしの誕生日、ちゃんと覚えててくれたのね。
もううれしくてうれしくて…。
ありがとう、",,untranslated,
DATA5.BIN#2079982,DATA5.BIN,2079982,对话,"も同じ誕生日だから、
わたし、彼にプレゼントを用意しておいたの。
だけど、お休みの日だったから、
わたし…勇気を出して、プレゼントを持って、
彼の家まで行ったの…。
せっかくのお誕生日だもの、
やっぱり当日に手渡ししたいものね。
彼、すごく喜んでくれた。
おまけに、彼もわたしにプレゼントをくれたの。
わたしの誕生日、ちゃんと覚えててくれたのね。
彼のくれたプレゼントは、
ちょっとわたしの趣味には、
合わなかったけど…、気持ちはうれしかったな。",,untranslated,
DATA5.BIN#2080425,DATA5.BIN,2080425,对话,"今日から修学旅行…。
まだまだ先のことだと思っていたけど、
本当にこの日が来ちゃったのね…。
せっかくの機会だから、
精いっぱい楽しみたいな。
機会があったら、",,untranslated,
DATA5.BIN#2080585,DATA5.BIN,2080585,对话,"と一緒に
行動できたら…うれしいな。",,untranslated,
DATA5.BIN#2080629,DATA5.BIN,2080629,对话,"修学旅行２日目は阿寒湖へ行った。
静かな湖面の下には、たくさんの
マリモがいるのね……って",,untranslated,
DATA5.BIN#2080723,DATA5.BIN,2080723,对话,"に言ったら、
『マリモでキャッチボールだ！』ですって。",,untranslated,
DATA5.BIN#2080782,DATA5.BIN,2080782,对话,"って…ひどいこと考えるのね。
冗談にしても、全然、笑えなかったわ…。
もう、がっかり…。",,untranslated,
DATA5.BIN#2080877,DATA5.BIN,2080877,对话,"修学旅行２日目は日光東照宮へ行った。
陽明門の素晴らしい彫刻に、
思わずため息をついていたら、",,untranslated,
DATA5.BIN#2080975,DATA5.BIN,2080975,对话,"が『逆に、中に興味がわくよね』
なんて言い出すの。
本当に、それくらい手の込んだ、
素晴らしい門だものね。
本当、",,untranslated,
DATA5.BIN#2081090,DATA5.BIN,2081090,对话,"の考え方って、
意外性があって面白いな。",,untranslated,
DATA5.BIN#2081138,DATA5.BIN,2081138,对话,"修学旅行２日目は清水寺へ行った。
確かに景色は素晴らしいんだけど…
高い所にいるって考えるだけで
なんだか足がすくんじゃうの。",,untranslated,
DATA5.BIN#2081267,DATA5.BIN,2081267,对话,"、そんなわたしに
気づいたみたいで、
『大丈夫？』って優しく気遣ってくれた。
…うれしかったな。",,untranslated,
DATA5.BIN#2081369,DATA5.BIN,2081369,对话,"修学旅行２日目は琉球村へ行った。
昔の沖縄の村がそのまま再現されていて、
アットホームな雰囲気のところだったな。
なのに",,untranslated,
DATA5.BIN#2081491,DATA5.BIN,2081491,对话,"、
『昔の生活ってずいぶん不便だったんだね』
ですって。
わたしには、自然と仲良く
共存していた素敵な暮らしに
思えたけど…。
でも、",,untranslated,
DATA5.BIN#2081624,DATA5.BIN,2081624,对话,"にはこんな考え方、
理解できないのかな…。",,untranslated,
DATA5.BIN#2081674,DATA5.BIN,2081674,对话,"修学旅行３日目は牧場へ行った。
たくさんの馬がいてかわいかった…。
乗馬だけじゃなくて、
馬車にも乗れるのねって言ったら、",,untranslated,
DATA5.BIN#2081799,DATA5.BIN,2081799,对话,"が『一緒に乗りに行こう』って
誘ってくれて、うれしかったな。
だってわたし…、",,untranslated,
DATA5.BIN#2081881,DATA5.BIN,2081881,对话,"と馬車に揺られたら、
きっと楽しい思い出になるだろうなって
思っていたから。
ふふ、楽しかったな…。",,untranslated,
DATA5.BIN#2081987,DATA5.BIN,2081987,对话,"修学旅行３日目は国会議事堂を見学したの。
ここがこの国の政治の中心なのね…
って眺めていたら、",,untranslated,
DATA5.BIN#2082084,DATA5.BIN,2082084,对话,"が、
『俺たちには縁がない場所だね』なんて
言うから驚いちゃった。
今はそれでもいいかもしれないけど、
２０歳になったら、
そうは言ってられないってこと、
わかってるのかしら？
そういうところは、ちゃんとしてる人
なんじゃないかって思っていたから、
…ちょっと、ガッカリ。",,untranslated,
DATA5.BIN#2082356,DATA5.BIN,2082356,对话,"修学旅行３日目は奈良公園に行った。
鹿にお煎餅をあげると
お辞儀をしてくれるのよね。
その仕草がたまらなくかわいくて、
思わずニコニコしちゃった。
そうしたら、",,untranslated,
DATA5.BIN#2082516,DATA5.BIN,2082516,对话,"、
『あのおせんべい、おいしいのかな』なんて
言うから……もうなんて反応していいのか、
困っちゃった。
だから、『気になるなら食べてみたら』って
意地悪しちゃった。
彼、冷や汗かいてたっけ。
ちょっと悪いことしちゃったかしら？",,untranslated,
DATA5.BIN#2082744,DATA5.BIN,2082744,对话,"修学旅行３日目は阿蘇の草千里を見学したの。
広々としていて、本当に素敵な眺めだったな。
心が洗われるっていうか…。",,untranslated,
DATA5.BIN#2082862,DATA5.BIN,2082862,对话,"も、『空気がおいしい』って、
大きく深呼吸していて、
わたしも一緒になっておいしい空気、
たくさん浴びてきたわ。
…のんびりした時間を過ごせて、よかった…。",,untranslated,
DATA5.BIN#2083023,DATA5.BIN,2083023,菜单,修学旅行４日目は…,,untranslated,
DATA5.BIN#2083046,DATA5.BIN,2083046,对话,"と一緒に
原宿の竹下通りを歩いたの。
…テレビで見たとおり、
ゴチャゴチャしていて、人がたくさんいて、
逃げ出したいって思っちゃった。
でも、",,untranslated,
DATA5.BIN#2083188,DATA5.BIN,2083188,对话,"が
『これもいい思い出になるよ』って…。
うん……そうかもしれないわね。
こういう機会でもない限り、
行こうなんて、わたし、絶対思わないと思うし。
そう考えたら、ちょっとだけ、
気分転換できたわ。
…",,untranslated,
DATA5.BIN#2083386,DATA5.BIN,2083386,对话,と一緒に行って、よかった。,,untranslated,
DATA5.BIN#2083444,DATA5.BIN,2083444,对话,"と一緒に
夜景を見に行ったの。
…もう言葉にできないくらい、きれいな眺めで、
見ていたら不安になっちゃった…。
こんなにたくさんの灯りの下に、
たくさんの人たちの生活があるのに、わたしは
こんなところで、一人だけ取り残されちゃっている
みたいだな……なんて。
だけど、隣に",,untranslated,
DATA5.BIN#2083713,DATA5.BIN,2083713,对话,"がいて、
わたしに笑いかけてくれるの。
ただ、それだけのことなんだけど…、
地面に足が着いたような、不思議な気分になった。
そうしたら無性にうれしくなってきて、
時間が止まればいいのにって思ってしまった…。
そんなことを一瞬でも考えるなんて、
自分で自分に驚いてしまったけど。
…でも、一緒にあの時間を過ごせて良かったと思う。
またいつか、",,untranslated,
DATA5.BIN#2084049,DATA5.BIN,2084049,对话,"と一緒に
夜景を眺めることがあったら…、
きっと素敵だろうな。",,untranslated,
DATA5.BIN#2084118,DATA5.BIN,2084118,对话,"ずっと思ってた。
『もうあんなつらい思いは二度としたくない』って。
でも、彼にこの気持ちを伝えずに
二度と会えなくなってしまったら…
もっと後悔するだろうから。
こんな風に前向きに考えられるようになったのも
彼のおかげ。
だから、たとえどんな結果になろうとも、
わたしは逃げたりなんてしない。
勇気を…出して…。",,untranslated,
DATA5.BIN#2084430,DATA5.BIN,2084430,对话,"わたしの作った音楽を公開するページを
作ってみたの。
誰に聞かせるあてもなく、ただ作っているだけだと、
どうしても、独りよがりになってしまうから。
だから、誰か、不特定多数の人に見てもらって…
評価してもらったらどう？
そう…わたしに勧めてくれたのはあの人だった…。
だから、あの人がいなくなっても、
このページを閉じることはできない。
だって、あの人がわたしに残してくれたものだから。
…いろんな人が、『月の雫』を見にきてくれたわ。
でも、反応をしてくれた人はいなかった。
わたしの作る曲は…誰の心にも響かないのかな、
なんて弱気になりかけた頃、
初めて、感想のメールが届いたの。
差出人は、",,untranslated,
DATA5.BIN#2085014,DATA5.BIN,2085014,对话,"て人。
わたし、嬉しくて大急ぎでお返事を書いちゃった。",,untranslated,
DATA5.BIN#2085081,DATA5.BIN,2085081,对话,"んから、返事が来たの。
わたしと同じように、クラシックに
興味があるんですって。
趣味が合って、何だかうれしい。",,untranslated,
DATA5.BIN#2085204,DATA5.BIN,2085204,对话,"んから、返事が来たの。
『ピアノ曲が好きなの？』だって。
そうそう、そうなの。
レパートリーもショパンの曲が多いし、
曲作りはピアノがメインだし。
……ああ、",,untranslated,
DATA5.BIN#2085362,DATA5.BIN,2085362,对话,"んの
メールを読んでいたら、
久しぶりに弾いてみたくなってきた。
お返事のメールを書いたら、弾いてみようかな。",,untranslated,
DATA5.BIN#2085487,DATA5.BIN,2085487,对话,"んからメールが来た。
わたしのページ、
マメにチェックしてくれているのね。
何だかうれしいな…。
それにね、",,untranslated,
DATA5.BIN#2085596,DATA5.BIN,2085596,对话,"んも
読書が好きなんだって。
わたしと一緒ね。
何だか親近感がわいてきちゃった…。",,untranslated,
DATA5.BIN#2085689,DATA5.BIN,2085689,对话,"んのお勧めしてくれた
ジャンルの本をさっそく探して読んでみた。
すごく面白くって、思わず夜更かししちゃった。
最近、この系統の本って読んでなかったから、
何だか新鮮だったな。",,untranslated,
DATA5.BIN#2085865,DATA5.BIN,2085865,对话,"んとメールをしていると、
わたしの好きなものを
再確認できるみたいで、面白いな。
またメールくれないかな？",,untranslated,
DATA5.BIN#2085982,DATA5.BIN,2085982,对话,"んって、
ページを更新するとすぐに反応してくれるのね。
いつも気にしてくれているのかな？
それだったら、また張り切って
更新しなくっちゃね。",,untranslated,
DATA5.BIN#2086138,DATA5.BIN,2086138,对话,"んからの
メールを読むのがすごく楽しみ。
だけど…日記の話題を書いた時のお返事は
ちょっと……って思った。",,untranslated,
DATA5.BIN#2086247,DATA5.BIN,2086247,对话,"んってば、
『いつも三日坊主で終わる』って言うんだもの。
ということは、",,untranslated,
DATA5.BIN#2086322,DATA5.BIN,2086322,对话,"んは
あまり根気のあるタイプじゃないってこと？
じゃあ…わたしのページも、
いつか飽きてしまって、
見にきてくれなくなっちゃうのかな？
だとしたら…寂しい。
そんなの嫌だな…。",,untranslated,
DATA5.BIN#2086501,DATA5.BIN,2086501,菜单,良かった…。,,untranslated,
DATA5.BIN#2086519,DATA5.BIN,2086519,对话,"んからお返事が来たの。
日記に詩を書いてみることもある…なんて
つい包み隠さず書いてしまったから、
引かれちゃうんじゃないかって、
不安だったの。
『乙女チックな趣味だな～』なんて思われたら
嫌だものね。
やきもきしていたら、",,untranslated,
DATA5.BIN#2086744,DATA5.BIN,2086744,对话,"んからの返事に、
『その詩に曲をつけてみたら』なんて
書いてあったの。
…驚いた。
だって、そんなこと考えたこともなかったから。",,untranslated,
DATA5.BIN#2086874,DATA5.BIN,2086874,对话,"んって不思議な人。
わたしの投げたボールを素直に受け止めてくれて、
思いがけない変化球で投げかえしてくれるの。",,untranslated,
DATA5.BIN#2086988,DATA5.BIN,2086988,对话,"んって…
どんな人なのかしらね？
ちょっと興味がわいてきたな。",,untranslated,
DATA5.BIN#2087057,DATA5.BIN,2087057,对话,ページを更新したら、案の定、,,untranslated,
DATA5.BIN#2087091,DATA5.BIN,2087091,对话,"んからメールが来たわ。
わたしの新曲を楽しみにしてくれているのかな
……なんて期待してしまう。
でも、そんなこと単刀直入に聞くのが怖いから、
今朝、見た変な夢の話を書いたの。
だって、他に無難な話題を思いつかなかったから。
そうしたら",,untranslated,
DATA5.BIN#2087324,DATA5.BIN,2087324,对话,"ん、
わたしの話に合わせてくれたの。",,untranslated,
DATA5.BIN#2087365,DATA5.BIN,2087365,对话,"んって、優しい人なのね…。
この人の言うことなら、素直に受け止めることが
できそうって思ってしまった。
うーん……わたし、どうしちゃったんだろう？
会ったこともない人を、
こんな風に思うなんて、変よね…。
でも、何となくだけど、この人のことは
信頼できそうだなって感じたの。",,untranslated,
DATA5.BIN#2087641,DATA5.BIN,2087641,对话,"すごく悩んだ。
悩んで悩んで…でも、答えが出せないの。
誰に相談しても、最終的には、
わたし自身が決めなくちゃいけないこと。
そのことも分かってるんだけど…。
それで…思い切って、",,untranslated,
DATA5.BIN#2087821,DATA5.BIN,2087821,对话,"んに
相談してみたの。手術をするっていう話。
でも、こんな重い話をいきなりされたら、",,untranslated,
DATA5.BIN#2087909,DATA5.BIN,2087909,对话,"んがいくら優しい人でも、
驚いてしまうよね。
返事だってしてくれないかもしれない…。
そんな風に思っていたら、すぐに返事が来たの。
そこには、とても力強い言葉が書いてあった。
わたしの迷い…不思議と消えてしまっていたわ。",,untranslated,
DATA5.BIN#2088130,DATA5.BIN,2088130,对话,"んの返事は、
わたしの心にもあったありきたりな言葉だったのに、
差出人が",,untranslated,
DATA5.BIN#2088205,DATA5.BIN,2088205,对话,"んっていうだけで、
…こんなに効果があるのね。……変なの。
わたし…これで勇気が出てきたわ。
怖いけど、でも…がんばって、手術、受けてみる。",,untranslated,
DATA5.BIN#2088351,DATA5.BIN,2088351,菜单,退院後、初めて,,untranslated,
DATA5.BIN#2088370,DATA5.BIN,2088370,对话,"んから
メールが来たから、お礼の気持ちも込めて
無事退院したことを連絡したの。",,untranslated,
DATA5.BIN#2088452,DATA5.BIN,2088452,对话,"んの言葉がなければ、
手術を受ける勇気なんて出なかったもの。
でも、うれしさのあまり、ついうっかり、
事故のことを書いてしまった…。
あんなこと書いたら、誰だって気になるわよね。
…あんな悲しいこと、もう二度と
思い出したくはないけど、",,untranslated,
DATA5.BIN#2088688,DATA5.BIN,2088688,对话,"んは、
わたしの背中をポンって押してくれた、
恩人だものね…。
ちゃんとお返事しなくっちゃ。",,untranslated,
DATA5.BIN#2088786,DATA5.BIN,2088786,对话,"わたしのページが、
誰かにイタズラされてしまったの。
どうしよう…って慌てていたら、",,untranslated,
DATA5.BIN#2088874,DATA5.BIN,2088874,对话,"んが撃退用のプログラムを
送ってくれたの！
それがもう、効果てきめん！",,untranslated,
DATA5.BIN#2088948,DATA5.BIN,2088948,对话,"んってすごいわ！
使いこなすまでにはちょっと時間、
かかりそうだけど、これならページも
復元できそう。
本当によかった…。
それもこれも、全部、",,untranslated,
DATA5.BIN#2089093,DATA5.BIN,2089093,对话,"んのお陰。
助けてもらえてうれしかったな…。",,untranslated,
DATA5.BIN#2089145,DATA5.BIN,2089145,对话,"泣き出しそうになったりしたけど、
何とか",,untranslated,
DATA5.BIN#2089189,DATA5.BIN,2089189,对话,"んに
メールを書いたの。
でも…やっぱり事故のことを思い出してきて…、
中途半端なメールを送ってしまった。
そうしたら、",,untranslated,
DATA5.BIN#2089310,DATA5.BIN,2089310,对话,"ん、
わたしのこと優しく気遣ってくれる
返事をくれて…、
わたし、結局、泣いてしまった…。
こんなこと、",,untranslated,
DATA5.BIN#2089415,DATA5.BIN,2089415,对话,"んには
言えないけど…ね。
今度はこんな悲しい話題じゃなくて、
もっと楽しいメールを、",,untranslated,
DATA5.BIN#2089504,DATA5.BIN,2089504,菜单,んとやりとりしたいな。,,untranslated,
DATA5.BIN#2089540,DATA5.BIN,2089540,对话,"んからメールが届いたの。
あんな悲しいメールを送ってしまったのに、
相変わらず、わたしのページを
チェックしてくれているんだなって思って、
すごくうれしかった…。
それで、今度は明るい月夜見でいなくちゃ
って思って、お菓子の話題にしてみたの。
そうしたら、",,untranslated,
DATA5.BIN#2089794,DATA5.BIN,2089794,对话,"ん…、
『自分でもプリンを作ってみたら？』だって。
うん、面白そうね！
お菓子関係のサイトを見てみれば、
作り方、載ってるよね？
さっそく探しにいかなくっちゃ…って
ヤル気が出てきたの。
わたしの空元気に合わせてくれているのかも
しれないけど、それでも…うれしかったの。
…やっぱり",,untranslated,
DATA5.BIN#2090072,DATA5.BIN,2090072,菜单,"んって、
不思議な人。",,untranslated,
DATA5.BIN#2090107,DATA5.BIN,2090107,对话,"んからメールが届いた。
相変わらず、わたしのページを
チェックしてくれているんだなって思って、
すごくうれしかった…。
それで、今度は明るい月夜見でいなくちゃ
って思って、お菓子の話題にしてみたの。
そうしたら、",,untranslated,
DATA5.BIN#2090318,DATA5.BIN,2090318,对话,"ん、
『甘いものばかり食べてると太る』だなんて
返事をしてくるの！
『なにソレ』って思わず声に出しちゃった。
聞こえるわけないけどね。
だって、一生懸命、話を明るくしようって
がんばったのに…わかってくれてないって思って…。
せめて、相づちだけでもいいから、
話を合わせてくれたらよかったのに…。",,untranslated,
DATA5.BIN#2090620,DATA5.BIN,2090620,对话,"んからメールが来たの。
メールの着信音が聞こえたから、
もしかしたらって思ってすぐにチェックしたら、
やっぱり……ね。
ふふふ、うれしかったな。",,untranslated,
DATA5.BIN#2090766,DATA5.BIN,2090766,对话,"んって、どんな人なのかな？
知りたいけど、ズバリ聞いてしまうのも、
気が引けちゃって……。
だから、どんなサイトを普段見ているのかって
質問してみたの。
それだけでもどんな人なのか、わかるじゃない？
そうしたら……『通販のできるページ』だって。
わたしと一緒じゃない！
もうびっくり。
偶然にしては出来すぎって思ってしまうくらい。
どうしよう。
もっともっと",,untranslated,
DATA5.BIN#2091118,DATA5.BIN,2091118,对话,"んのこと、
知りたくなってきちゃった……。",,untranslated,
DATA5.BIN#2091319,DATA5.BIN,2091319,对话,"んって、どんな人なのかな？
知りたいけど、ズバリ聞いてしまうのも、
気が引けちゃって……。
だから、どんなサイトを普段見ているのかって
質問してみたの。
それだけでもどんな人なのか、わかるじゃない？
そうしたら……『教えられないよ』だって。
ガッカリ。
隠すほどのことでもないと思うんだけどな。
それとも、わたしには想像できない世界を
見ているのかな？
…何だか",,untranslated,
DATA5.BIN#2091675,DATA5.BIN,2091675,对话,"んのこと、
わからなくなってきちゃった…。",,untranslated,
DATA5.BIN#2091730,DATA5.BIN,2091730,对话,"んからのメールを、
心待ちにしている自分に気がついてしまったの。
だって、話がすごく合って楽しいし…。
…メールをやりとりするたびに、",,untranslated,
DATA5.BIN#2091867,DATA5.BIN,2091867,对话,"んのことを
もっともっと知りたくなってしまう。
会ったこともない人なのにね。
…わたしがこういう気持ちでいるってこと、",,untranslated,
DATA5.BIN#2091988,DATA5.BIN,2091988,对话,"んに
伝えてみようって思った。
和泉穂多琉だったら言えないことだけど、
月夜見なら言えることだと思うから…。",,untranslated,
DATA5.BIN#2092107,DATA5.BIN,2092107,对话,"んからメールの返事が来た。
うちの犬のことで、心配させて、
悪いことしちゃったな……って
思っていたら、",,untranslated,
DATA5.BIN#2092213,DATA5.BIN,2092213,对话,"んてば、
『月夜見さんは恋してないの？』なんて
聞いてくるから……絶句しちゃった。
そんなこと聞いて、どうするつもりなんだろう？
直接聞いてみたいけど、メールじゃできないし。
ああもう…もどかしいな…。",,untranslated,
DATA5.BIN#2092424,DATA5.BIN,2092424,对话,"んからメールが来たの。
近所に見つけた喫茶店の話題を書いたら、
『どこに住んでいるの？』って
聞かれてしまった…。
そんなこと、聞いてどうするんだろう？
言えるわけないじゃない。
だって、言ってしまったら、これまでのこと、
全部、台無しになってしまうって
…そう思うんだもの。
だから、今回はもう、
お返事するのをやめにした。
ごめんなさい、",,untranslated,
DATA5.BIN#2092778,DATA5.BIN,2092778,对话,"んのメールを読んで、
驚いちゃった。
だって、",,untranslated,
DATA5.BIN#2092827,DATA5.BIN,2092827,对话,"んの住んでいる
ところと、もえぎの市って、
とてもよく似ているみたいなんだもの。
近所にあるスポットだって、そっくり。
で、でも…、大きな街だったら、
このくらいの共通点はあるわよね。
…気にしないことにしよう。",,untranslated,
DATA5.BIN#2093039,DATA5.BIN,2093039,对话,"んとは、
今のままの関係でいたいから…。",,untranslated,
DATA5.BIN#2093092,DATA5.BIN,2093092,对话,"んにメールを書いた。
『新曲はどうでしたか？』って。
わたしの正直な気持ちを音楽にしたものなの。
だから、一番に",,untranslated,
DATA5.BIN#2093206,DATA5.BIN,2093206,对话,"んに
聞いてもらって、その感想を聞いてみたかった。
そうしたら…",,untranslated,
DATA5.BIN#2093273,DATA5.BIN,2093273,对话,"ん、
『心に響く』って書いてきてくれた。
……嬉しくて、泣き出しそうになってしまった。
わたしの気持ちが",,untranslated,
DATA5.BIN#2093379,DATA5.BIN,2093379,对话,"んの心に
届いたんだなって思えてきて……。
ふふふ、そんなこと、あるわけないのにね。
わたし、このメールで、",,untranslated,
DATA5.BIN#2093490,DATA5.BIN,2093490,对话,"んとのメールは
お休みしようって決めた。
一人でじっくり考えてみたかったの。
月夜見はちょっとお休みして、和泉穂多琉として、
自分の気持ちを整理する時間が欲しい…。
だから…",,untranslated,
DATA5.BIN#2093664,DATA5.BIN,2093664,对话,"ん、
わがまま言ってごめんなさい。",,untranslated,
DATA5.BIN#2093706,DATA5.BIN,2093706,对话,"屋上から景色を見ながら、
物思いにふけっていたの。
…この広い世界のどこを探しても、
あの人はもういない…。
ずっと一緒だって、
二人でそう約束したのに、なぜ…。
そんなことを、ぼんやり考えていたら、
すぐ近くに",,untranslated,
DATA5.BIN#2093916,DATA5.BIN,2093916,对话,"がいて…。
本当に、声をかけられるまで気がつかなかったの。
なんだか、心の中を見透かされたような気がして、
とっても恥ずかしかった。
でも、これって声をかけられた相手が",,untranslated,
DATA5.BIN#2094086,DATA5.BIN,2094086,对话,"だったから…？
ううん…まさか……ね。",,untranslated,
DATA5.BIN#2094137,DATA5.BIN,2094137,对话,"にお願いして、
文化祭の準備を手伝ってもらったの。
そうしたら、彼、張り切り過ぎて、
ケガしちゃって…。
たいしたこともなかったから
よかったけど、
悪いことしちゃったかしら。
でも、",,untranslated,
DATA5.BIN#2094319,DATA5.BIN,2094319,对话,"が協力してくれて、
助かったわ。
素敵な文化祭になるといいな…。",,untranslated,
DATA5.BIN#2094390,DATA5.BIN,2094390,对话,"また手術することになった。
…この前の手術は成功したけれど、
完全にケガが治ったっていうわけでは
なかったから…再手術。
今度の手術も成功するかどうかは、
五分五分なんだって。
……だから、",,untranslated,
DATA5.BIN#2094579,DATA5.BIN,2094579,对话,"に
ちゃんと言っておこうって思った。
ううん……違う。
本当はね、",,untranslated,
DATA5.BIN#2094647,DATA5.BIN,2094647,对话,"に背中を
押してもらいたかったの。
笑顔で、『大丈夫だよ』って。
それで…ケガのことを話したら、",,untranslated,
DATA5.BIN#2094746,DATA5.BIN,2094746,对话,"、力強く励ましてくれた。
事故のことを話したのに、驚いた素振りも見せずに。
……わたし、がんばって手術に耐えてみせる。
もっともっと、あなたのそばで笑っていたいから。",,untranslated,
DATA5.BIN#2094918,DATA5.BIN,2094918,对话,"手術が成功して、リハビリも終わり、
無事に退院したわたしが
真っ先に行ったのは…学校だった。
一日でも早く、彼に会いたかったから。
そうして、久しぶりに",,untranslated,
DATA5.BIN#2095072,DATA5.BIN,2095072,对话,"に会ったら…すごくほっとした。
それまで無我夢中でいたけど、
彼の顔を見てやっと、
『ああ、無事に帰って来られたんだな』
って実感したの。
だから、彼にありがとうって言ったら、",,untranslated,
DATA5.BIN#2095249,DATA5.BIN,2095249,对话,"…きょとんとしてたっけ。
…本当によかった。",,untranslated,
DATA5.BIN#2095298,DATA5.BIN,2095298,对话,"がいてくれて。
彼がいなかったら、
今のわたしはいなかったと思うもの。
大げさでもなんでもなく、ね。",,untranslated,
DATA5.BIN#2095409,DATA5.BIN,2095409,对话,"と映画を見に行った。
『せつなくて…』っていう映画。
わたし、どんな映画なのか、
全然知らないまま行ってしまって、
…ものすごく後悔した。
まさか、あんなにわたしの遭った事故と、
よく似た話だったなんて。
もう二度と思い出したくもないことを、
無理矢理、目の前に突きつけられたみたいで…
すごく辛かった。痛みを思いだしてしまった。
…せっかく記憶の彼方に押しやろうと
していたのに…。
でも、一緒に行った",,untranslated,
DATA5.BIN#2095806,DATA5.BIN,2095806,对话,"には
全然関係のないことよね。
だから、少し気分が落ち着いてから、",,untranslated,
DATA5.BIN#2095876,DATA5.BIN,2095876,对话,"に電話をして謝ったの。
…怒ってはいなかったけど、
やっぱり驚いてたみたい…。
ごめんなさい、",,untranslated,
DATA5.BIN#2095983,DATA5.BIN,2095983,菜单,わたし、,,untranslated,
DATA5.BIN#2095996,DATA5.BIN,2095996,对话,"に謝らなくちゃ。
……どうかしてたの。",,untranslated,
DATA5.BIN#2096039,DATA5.BIN,2096039,对话,"と一緒に、
動物園のイヌねこランドへ行った時、
わたし、なぜか",,untranslated,
DATA5.BIN#2096104,DATA5.BIN,2096104,菜单,"をあの人と
間違えて、",,untranslated,
DATA5.BIN#2096130,DATA5.BIN,2096130,对话,"が知るはずもない
思い出話をしてしまったの。
あれから、ずっと自問自答してるの。
あの人はもういないって、嫌ってほど、
痛いほど、わかってるはずなのに、
なぜ、彼とあの人を混同してしまったの？
わたし、",,untranslated,
DATA5.BIN#2096331,DATA5.BIN,2096331,对话,"にあの人を重ねてた？
二人は似ても似つかないのに、どうして？
……ずっとこの繰り返しで、
答えは出てこないまま。
もう、自分で自分が分からない…。",,untranslated,
DATA5.BIN#2096482,DATA5.BIN,2096482,对话,"久しぶりに学校に来た。
でも、気持ちはちっとも晴れなくて…。
気を紛らわせるために、
音楽室でただピアノを弾いていたの。
夢中で弾いていたから、人が来たことも
気づかなくって。",,untranslated,
DATA5.BIN#2096659,DATA5.BIN,2096659,对话,"…だったかしら？
ピアノが鳴ってるから来ただけ、なんて
言っていたけれど、だったらなんで
わざわざ名前を聞いてきたりするの？
ちょっと嫌な気分だった。
わたしのことは、そっとしておいてほしいのに…。",,untranslated,
DATA5.BIN#2116044,DATA5.BIN,2116044,菜单,33ァ本w,,untranslated,
DATA5.BIN#2117865,DATA5.BIN,2117865,菜单,}篝33ァ,,untranslated,
DATA5.BIN#2119220,DATA5.BIN,2119220,菜单,撈鄒髯P?33ァ,,untranslated,
DATA5.BIN#2122763,DATA5.BIN,2122763,菜单,>囮僉ら(,,untranslated,
DATA5.BIN#2123644,DATA5.BIN,2123644,菜单,"33ァ殻1?
`8",,untranslated,
DATA5.BIN#2123726,DATA5.BIN,2123726,菜单,廖だ&?,,untranslated,
DATA5.BIN#2123832,DATA5.BIN,2123832,菜单,O紬>33ァ^袞>,,untranslated,
DATA5.BIN#2126673,DATA5.BIN,2126673,菜单,@だ機l,,untranslated,
DATA5.BIN#2127569,DATA5.BIN,2127569,菜单,紙>ぅu,,untranslated,
DATA5.BIN#2128142,DATA5.BIN,2128142,菜单,廖]じ>,,untranslated,
DATA5.BIN#2130540,DATA5.BIN,2130540,菜单,囮僉ヵd,,untranslated,
DATA5.BIN#2136334,DATA5.BIN,2136334,菜单,廖メi>,,untranslated,
DATA5.BIN#2137332,DATA5.BIN,2137332,菜单,モ$?慱,,untranslated,
DATA5.BIN#2137484,DATA5.BIN,2137484,菜单,33ァ澆$,,untranslated,
DATA5.BIN#2138364,DATA5.BIN,2138364,菜单,33ァ蘢5?,,untranslated,
DATA5.BIN#2138818,DATA5.BIN,2138818,菜单,慇ワ5?+,,untranslated,
DATA5.BIN#2941541,DATA5.BIN,2941541,菜单,輩G闃と繩,,untranslated,
DATA5.BIN#2941853,DATA5.BIN,2941853,菜单,ミG浚姑%>,,untranslated,
DATA5.BIN#2942334,DATA5.BIN,2942334,菜单,エ0R愴宗,,untranslated,
DATA5.BIN#2942368,DATA5.BIN,2942368,菜单,.Yエ(~敞稗,,untranslated,
DATA5.BIN#2942380,DATA5.BIN,2942380,菜单,冫エ%笶,,untranslated,
DATA5.BIN#2945724,DATA5.BIN,2945724,菜单,氈滅@ハE,,untranslated,
DATA5.BIN#2974059,DATA5.BIN,2974059,菜单,は裂0歔,,untranslated,
DATA5.BIN#2978228,DATA5.BIN,2978228,菜单,殿=ⅲの,,untranslated,
DATA5.BIN#3413864,DATA5.BIN,3413864,对话,システムデータのセーブには 112KB 以上,,untranslated,
DATA5.BIN#3413904,DATA5.BIN,3413904,对话,ゲームデータのセーブには 160KB 以上,,untranslated,
DATA5.BIN#3413944,DATA5.BIN,3413944,对话,このままゲームを開始しますか？,,untranslated,
DATA5.BIN#3414048,DATA5.BIN,3414048,对话,システムデータを読み込みません。,,untranslated,
DATA5.BIN#3414088,DATA5.BIN,3414088,对话,システムデータの読み込みに,,untranslated,
DATA5.BIN#3414122,DATA5.BIN,3414122,菜单,しました。,,untranslated,
DATA5.BIN#3414136,DATA5.BIN,3414136,对话,"MEMORY CARD 差込口２のメモリーカード（PS2）
からシステムデータを読み込みました。",,untranslated,
DATA5.BIN#3414224,DATA5.BIN,3414224,对话,"MEMORY CARD 差込口１のメモリーカード（PS2）
からシステムデータを読み込みました。",,untranslated,
DATA5.BIN#3414312,DATA5.BIN,3414312,对话,"メモリーカード（PS2）のデータを読み込んで
います。",,untranslated,
DATA5.BIN#3414368,DATA5.BIN,3414368,对话,メモリーカード（PS2）をチェックしています。,,untranslated,
DATA5.BIN#3414416,DATA5.BIN,3414416,对话,"システムデータをロードせずにゲームを開始します。
よろしいですか？",,untranslated,
DATA5.BIN#3414840,DATA5.BIN,3414840,系统文本,"%s%s
%sの空き容量
が必要です。　%s",,untranslated,
DATA5.BIN#3414880,DATA5.BIN,3414880,系统文本,"%s%sの空き容量
が必要です。　%s",,untranslated,
DATA5.BIN#3614679,DATA5.BIN,3614679,菜单,"%
ジ7戞R",,untranslated,
DATA5.BIN#3616642,DATA5.BIN,3616642,对话,"メモリーカード(PS2)を抜き差し
　　　しないで下さい。",,untranslated,
DATA5.BIN#3616760,DATA5.BIN,3616760,对话,"のメモリーカード(PS2)の
空き容量が足りません。ゲームデータのセーブ
には 160KB 以上の空き容量が必要です。",,untranslated,
DATA5.BIN#3616872,DATA5.BIN,3616872,对话,"のメモリーカード(PS2)の、
システムデータをセーブするのに必要な空き容量
が足りません。システムデータのセーブには、
 112KB 以上の空き容量が必要です。",,untranslated,
DATA5.BIN#3617024,DATA5.BIN,3617024,对话,"のメモリーカード(PS2)
がフォーマットされていません。",,untranslated,
DATA5.BIN#3618424,DATA5.BIN,3618424,对话,"全てのオプション設定を
初期状態に戻します。",,untranslated,
DATA5.BIN#3618472,DATA5.BIN,3618472,菜单,質問ウィンドウ,,untranslated,
DATA5.BIN#3618504,DATA5.BIN,3618504,对话,現在は質問ウィンドウ表示。,,untranslated,
DATA5.BIN#3618536,DATA5.BIN,3618536,对话,現在の文字表示速度‥‥‥‥,,untranslated,
DATA5.BIN#3618600,DATA5.BIN,3618600,对话,瞬間表示です。‥‥‥‥‥‥,,untranslated,
DATA5.BIN#3618896,DATA5.BIN,3618896,菜单,テニス部,,untranslated,
DATA5.BIN#3618936,DATA5.BIN,3618936,菜单,サッカー部,,untranslated,
DATA5.BIN#3619104,DATA5.BIN,3619104,菜单,空き容量不足です。,,untranslated,
DATA5.BIN#3619128,DATA5.BIN,3619128,对话,メモリーカード(PS2)のチェック中です。,,untranslated,
DATA5.BIN#3619168,DATA5.BIN,3619168,对话,システムデータを更新しますか？,,untranslated,
DATA5.BIN#3619200,DATA5.BIN,3619200,对话,システムデータを作成しますか？,,untranslated,
DATA5.BIN#3619232,DATA5.BIN,3619232,对话,システムデータを作成しています。,,untranslated,
DATA5.BIN#3619272,DATA5.BIN,3619272,对话,システムデータを更新しています。,,untranslated,
DATA5.BIN#3619312,DATA5.BIN,3619312,菜单,フォーマットしました。,,untranslated,
DATA5.BIN#3619336,DATA5.BIN,3619336,菜单,フォーマットしますか？,,untranslated,
DATA5.BIN#3619360,DATA5.BIN,3619360,菜单,フォーマットしています。,,untranslated,
DATA5.BIN#3619392,DATA5.BIN,3619392,菜单,ＥＶＳをロードしますか？,,untranslated,
DATA5.BIN#3619426,DATA5.BIN,3619426,对话,システムデータの作成に失敗しました。,,untranslated,
DATA5.BIN#3619504,DATA5.BIN,3619504,对话,このまま、コピーを続けますか？,,untranslated,
DATA5.BIN#3619536,DATA5.BIN,3619536,对话,このまま、セーブを続けますか？,,untranslated,
DATA5.BIN#3619568,DATA5.BIN,3619568,菜单,削除しました。,,untranslated,
DATA5.BIN#3619584,DATA5.BIN,3619584,菜单,コピーしました。,,untranslated,
DATA5.BIN#3619608,DATA5.BIN,3619608,菜单,ロードしました,,untranslated,
DATA5.BIN#3619624,DATA5.BIN,3619624,菜单,ロードしました。,,untranslated,
DATA5.BIN#3619648,DATA5.BIN,3619648,对话,"セーブしました（ゲームデータのみ）。
ゲームを続けますか？",,untranslated,
DATA5.BIN#3619712,DATA5.BIN,3619712,对话,"セーブしました。
ゲームを続けますか？",,untranslated,
DATA5.BIN#3619752,DATA5.BIN,3619752,对话,↑このデータを削除しますか？,,untranslated,
DATA5.BIN#3619784,DATA5.BIN,3619784,菜单,↑このデータに,,untranslated,
DATA5.BIN#3619808,DATA5.BIN,3619808,菜单,コピーしますか？,,untranslated,
DATA5.BIN#3619832,DATA5.BIN,3619832,菜单,↑ここにコピーしますか？,,untranslated,
DATA5.BIN#3619864,DATA5.BIN,3619864,对话,↑このデータをロードしますか？,,untranslated,
DATA5.BIN#3619896,DATA5.BIN,3619896,菜单,↑ここにセーブしますか？,,untranslated,
DATA5.BIN#3619952,DATA5.BIN,3619952,菜单,しますか？,,untranslated,
DATA5.BIN#3619968,DATA5.BIN,3619968,对话,最初からゲームを始めますか？,,untranslated,
DATA5.BIN#3620000,DATA5.BIN,3620000,菜单,どこにコピーしますか？,,untranslated,
DATA5.BIN#3620024,DATA5.BIN,3620024,对话,どのデータをコピーしますか？,,untranslated,
DATA5.BIN#3620056,DATA5.BIN,3620056,对话,どのデータを削除しますか？,,untranslated,
DATA5.BIN#3620088,DATA5.BIN,3620088,对话,どのデータをロードしますか？,,untranslated,
DATA5.BIN#3620120,DATA5.BIN,3620120,菜单,どこにセーブしますか？,,untranslated,
DATA5.BIN#3620144,DATA5.BIN,3620144,对话,ファイルをチェック中です。,,untranslated,
DATA5.BIN#3620210,DATA5.BIN,3620210,菜单,データが壊れています。,,untranslated,
DATA5.BIN#3620242,DATA5.BIN,3620242,菜单,削除に失敗しました。,,untranslated,
DATA5.BIN#3620264,DATA5.BIN,3620264,菜单,データを削除しています。,,untranslated,
DATA5.BIN#3620298,DATA5.BIN,3620298,菜单,コピーに失敗しました。,,untranslated,
DATA5.BIN#3620328,DATA5.BIN,3620328,对话,データをコピーしています。,,untranslated,
DATA5.BIN#3620362,DATA5.BIN,3620362,菜单,ロードに失敗しました。,,untranslated,
DATA5.BIN#3620392,DATA5.BIN,3620392,对话,データをロードしています。,,untranslated,
DATA5.BIN#3620426,DATA5.BIN,3620426,菜单,セーブに失敗しました。,,untranslated,
DATA5.BIN#3620456,DATA5.BIN,3620456,对话,データをセーブしています。,,untranslated,
DATA5.BIN#3620488,DATA5.BIN,3620488,菜单,データを削除します。,,untranslated,
DATA5.BIN#3620512,DATA5.BIN,3620512,菜单,データをコピーします。,,untranslated,
DATA5.BIN#3620536,DATA5.BIN,3620536,菜单,データをロードします。,,untranslated,
DATA5.BIN#3620560,DATA5.BIN,3620560,对话,↑このデータをセーブします。,,untranslated,
DATA5.BIN#3620592,DATA5.BIN,3620592,对话,最初からゲームを始めます。,,untranslated,
DATA5.BIN#3620928,DATA5.BIN,3620928,系统文本,ときめきメモリアル３ゲームデータ%d,,untranslated,
DATA5.BIN#3621152,DATA5.BIN,3621152,菜单,データが壊れています,,untranslated,
DATA5.BIN#3621322,DATA5.BIN,3621322,菜单,%cあだな：%s,,untranslated,
DATA5.BIN#3621520,DATA5.BIN,3621520,菜单,ストレス,,untranslated,
DATA5.BIN#3621946,DATA5.BIN,3621946,菜单,モードＡ,,untranslated,
DATA5.BIN#3621962,DATA5.BIN,3621962,菜单,モードＢ,,untranslated,
DATA5.BIN#3621992,DATA5.BIN,3621992,菜单,モーションスキップ,,untranslated,
DATA5.BIN#3622016,DATA5.BIN,3622016,菜单,コマンド実行速度,,untranslated,
DATA5.BIN#3622208,DATA5.BIN,3622208,菜单,コントローラ振動,,untranslated,
DATA5.BIN#3622232,DATA5.BIN,3622232,菜单,マウスボタン,,untranslated,
DATA5.BIN#3622248,DATA5.BIN,3622248,菜单,カーソル移動モード,,untranslated,
DATA5.BIN#3622272,DATA5.BIN,3622272,菜单,カーソル移動速度,,untranslated,
DATA5.BIN#3622346,DATA5.BIN,3622346,菜单,マウスライク,,untranslated,
DATA5.BIN#3622466,DATA5.BIN,3622466,菜单,モノラル,,untranslated,
DATA5.BIN#3622482,DATA5.BIN,3622482,菜单,ステレオ,,untranslated,
DATA5.BIN#3737872,DATA5.BIN,3737872,对话,この読み方に該当する候補はありません。,,untranslated,
DATA5.BIN#3858528,DATA5.BIN,3858528,菜单,捏嘖ピ都,,untranslated,
DATA5.BIN#3863350,DATA5.BIN,3863350,菜单,叛fネ?,,untranslated,
DATA5.BIN#3871997,DATA5.BIN,3871997,菜单,璋>'ダ?',,untranslated,
DATA5.BIN#3903312,DATA5.BIN,3903312,菜单,っゃゅょ,,untranslated,
DATA5.BIN#3903328,DATA5.BIN,3903328,菜单,わん　ー～,,untranslated,
DATA5.BIN#3903352,DATA5.BIN,3903352,菜单,ぁぃぅぇぉ,,untranslated,
DATA5.BIN#3903368,DATA5.BIN,3903368,菜单,っゃゅょゎ,,untranslated,
DATA5.BIN#3903384,DATA5.BIN,3903384,菜单,ぱぴぷぺぽ,,untranslated,
DATA5.BIN#3903400,DATA5.BIN,3903400,菜单,ばびぶべぼ,,untranslated,
DATA5.BIN#3903416,DATA5.BIN,3903416,菜单,だぢづでど,,untranslated,
DATA5.BIN#3903432,DATA5.BIN,3903432,菜单,ざじずぜぞ,,untranslated,
DATA5.BIN#3903448,DATA5.BIN,3903448,菜单,がぎぐげご,,untranslated,
DATA5.BIN#3903464,DATA5.BIN,3903464,菜单,わゐゑをん,,untranslated,
DATA5.BIN#3903480,DATA5.BIN,3903480,菜单,らりるれろ,,untranslated,
DATA5.BIN#3903496,DATA5.BIN,3903496,菜单,や　ゆ　よ,,untranslated,
DATA5.BIN#3903512,DATA5.BIN,3903512,菜单,まみむめも,,untranslated,
DATA5.BIN#3903528,DATA5.BIN,3903528,菜单,はひふへほ,,untranslated,
DATA5.BIN#3903544,DATA5.BIN,3903544,菜单,なにぬねの,,untranslated,
DATA5.BIN#3903560,DATA5.BIN,3903560,菜单,たちつてと,,untranslated,
DATA5.BIN#3903576,DATA5.BIN,3903576,菜单,さしすせそ,,untranslated,
DATA5.BIN#3903592,DATA5.BIN,3903592,菜单,かきくけこ,,untranslated,
DATA5.BIN#3903608,DATA5.BIN,3903608,菜单,あいうえお,,untranslated,
DATA5.BIN#3904176,DATA5.BIN,3904176,菜单,ー～ヴヵヶ,,untranslated,
DATA5.BIN#3904192,DATA5.BIN,3904192,菜单,ァィゥェォ,,untranslated,
DATA5.BIN#3904208,DATA5.BIN,3904208,菜单,ッャュョヮ,,untranslated,
DATA5.BIN#3904224,DATA5.BIN,3904224,菜单,パピプペポ,,untranslated,
DATA5.BIN#3904240,DATA5.BIN,3904240,菜单,バビブベボ,,untranslated,
DATA5.BIN#3904256,DATA5.BIN,3904256,菜单,ダヂヅデド,,untranslated,
DATA5.BIN#3904272,DATA5.BIN,3904272,菜单,ザジズゼゾ,,untranslated,
DATA5.BIN#3904288,DATA5.BIN,3904288,菜单,ガギグゲゴ,,untranslated,
DATA5.BIN#3904304,DATA5.BIN,3904304,菜单,ワヰヱヲン,,untranslated,
DATA5.BIN#3904320,DATA5.BIN,3904320,菜单,ラリルレロ,,untranslated,
DATA5.BIN#3904336,DATA5.BIN,3904336,菜单,ヤ　ユ　ヨ,,untranslated,
DATA5.BIN#3904352,DATA5.BIN,3904352,菜单,マミムメモ,,untranslated,
DATA5.BIN#3904368,DATA5.BIN,3904368,菜单,ハヒフヘホ,,untranslated,
DATA5.BIN#3904384,DATA5.BIN,3904384,菜单,ナニヌネノ,,untranslated,
DATA5.BIN#3904400,DATA5.BIN,3904400,菜单,タチツテト,,untranslated,
DATA5.BIN#3904416,DATA5.BIN,3904416,菜单,サシスセソ,,untranslated,
DATA5.BIN#3904432,DATA5.BIN,3904432,菜单,カキクケコ,,untranslated,
DATA5.BIN#3904448,DATA5.BIN,3904448,菜单,アイウエオ,,untranslated,
DATA5.BIN#3904992,DATA5.BIN,3904992,对话,、。，．・：；？！゛゜´｀¨＾￣＿ヽヾゝゞ〃仝々〆〇ー―‐／＼～∥｜…‥‘’“”（）〔〕［］｛｝〈〉《》「」【】＋－±×÷＝≠＜＞≦≧∞∴♂♀°′″℃￥＄￠￡％＃＆＊＠§☆★○●◎◇◆□■△▲▽▼※〒→←↑↓〓∈∋⊆⊇⊂⊃∪∩∧∨￢⇒⇔∀∃∠⊥⌒∂∇≡≒≪≫√∽∝∵∫∬Å‰♯♭♪†‡¶◯ΑΒΓΔΕΖΗΘΙΚΛΜΝΞΟΠΡΣΤΥΦΧΨΩαβγδεζηθικλμνξοπρστυφχψωАБВГДЕЁЖЗИЙКЛМНОПРСТУФХЦЧШЩЪЫЬЭЮЯабвгдеёжзийклмнопрстуфхцчшщъыьэюя,,untranslated,
DATA5.BIN#3905560,DATA5.BIN,3905560,菜单,よょヨョ,,untranslated,
DATA5.BIN#3905576,DATA5.BIN,3905576,菜单,ゆゅユュ,,untranslated,
DATA5.BIN#3905592,DATA5.BIN,3905592,菜单,やゃヤャ,,untranslated,
DATA5.BIN#3905648,DATA5.BIN,3905648,菜单,ほぼぽホボポ,,untranslated,
DATA5.BIN#3905664,DATA5.BIN,3905664,菜单,へべぺヘベペ,,untranslated,
DATA5.BIN#3905680,DATA5.BIN,3905680,菜单,ふぶぷフブプ,,untranslated,
DATA5.BIN#3905696,DATA5.BIN,3905696,菜单,ひびぴヒビピ,,untranslated,
DATA5.BIN#3905712,DATA5.BIN,3905712,菜单,はばぱハバパ,,untranslated,
DATA5.BIN#3905768,DATA5.BIN,3905768,菜单,とどトド,,untranslated,
DATA5.BIN#3905784,DATA5.BIN,3905784,菜单,てでテデ,,untranslated,
DATA5.BIN#3905800,DATA5.BIN,3905800,菜单,つづっツヅッ,,untranslated,
DATA5.BIN#3905816,DATA5.BIN,3905816,菜单,ちぢチヂ,,untranslated,
DATA5.BIN#3905832,DATA5.BIN,3905832,菜单,ただタダ,,untranslated,
DATA5.BIN#3905848,DATA5.BIN,3905848,菜单,そぞソゾ,,untranslated,
DATA5.BIN#3905864,DATA5.BIN,3905864,菜单,せぜセゼ,,untranslated,
DATA5.BIN#3905880,DATA5.BIN,3905880,菜单,すずスズ,,untranslated,
DATA5.BIN#3905896,DATA5.BIN,3905896,菜单,しじシジ,,untranslated,
DATA5.BIN#3905912,DATA5.BIN,3905912,菜单,さざサザ,,untranslated,
DATA5.BIN#3905928,DATA5.BIN,3905928,菜单,こごコゴ,,untranslated,
DATA5.BIN#3905944,DATA5.BIN,3905944,菜单,けげケゲヶ,,untranslated,
DATA5.BIN#3905960,DATA5.BIN,3905960,菜单,くぐクグ,,untranslated,
DATA5.BIN#3905976,DATA5.BIN,3905976,菜单,きぎキギ,,untranslated,
DATA5.BIN#3905992,DATA5.BIN,3905992,菜单,かがカガヵ,,untranslated,
DATA5.BIN#3906008,DATA5.BIN,3906008,菜单,おぉをオォヲ,,untranslated,
DATA5.BIN#3906024,DATA5.BIN,3906024,菜单,えぇゑエェヱ,,untranslated,
DATA5.BIN#3906040,DATA5.BIN,3906040,菜单,うぅウヴゥ,,untranslated,
DATA5.BIN#3906056,DATA5.BIN,3906056,菜单,いぃゐイィヰ,,untranslated,
DATA5.BIN#3906072,DATA5.BIN,3906072,菜单,あぁアァ,,untranslated,
DATA5.BIN#3906096,DATA5.BIN,3906096,菜单,あだ名：,,untranslated,
DATA5.BIN#3906296,DATA5.BIN,3906296,菜单,ＥＶＳを作成しますか？,,untranslated,
DATA5.BIN#3906336,DATA5.BIN,3906336,菜单,あだ名：%s,,untranslated,
DATA5.BIN#3938456,DATA5.BIN,3938456,菜单,ぼうじょう,,untranslated,
DATA5.BIN#3938480,DATA5.BIN,3938480,菜单,べっちゃく,,untranslated,
DATA5.BIN#3938496,DATA5.BIN,3938496,菜单,べっしょ,,untranslated,
DATA5.BIN#3938528,DATA5.BIN,3938528,菜单,ばんどう,,untranslated,
DATA5.BIN#3938568,DATA5.BIN,3938568,菜单,どしょう,,untranslated,
DATA5.BIN#3938584,DATA5.BIN,3938584,菜单,どうまえ,,untranslated,
DATA5.BIN#3938624,DATA5.BIN,3938624,菜单,だんじょう,,untranslated,
DATA5.BIN#3938656,DATA5.BIN,3938656,菜单,だいもと,,untranslated,
DATA5.BIN#3938672,DATA5.BIN,3938672,菜单,だいどうじ,,untranslated,
DATA5.BIN#3938688,DATA5.BIN,3938688,菜单,だいとう,,untranslated,
DATA5.BIN#3938704,DATA5.BIN,3938704,菜单,だいじょう,,untranslated,
DATA5.BIN#3938720,DATA5.BIN,3938720,菜单,だいかい,,untranslated,
DATA5.BIN#3938736,DATA5.BIN,3938736,菜单,ぜんぽうじ,,untranslated,
DATA5.BIN#3938752,DATA5.BIN,3938752,菜单,ぜにたに,,untranslated,
DATA5.BIN#3938792,DATA5.BIN,3938792,菜单,じんざい,,untranslated,
DATA5.BIN#3938816,DATA5.BIN,3938816,菜单,じょうほうじ,,untranslated,
DATA5.BIN#3938832,DATA5.BIN,3938832,菜单,じょうとく,,untranslated,
DATA5.BIN#3938848,DATA5.BIN,3938848,菜单,じょうじま,,untranslated,
DATA5.BIN#3938864,DATA5.BIN,3938864,菜单,じゅうもんじ,,untranslated,
DATA5.BIN#3938888,DATA5.BIN,3938888,菜单,ざこうじ,,untranslated,
DATA5.BIN#3938920,DATA5.BIN,3938920,菜单,ごみょう,,untranslated,
DATA5.BIN#3938952,DATA5.BIN,3938952,菜单,ごとうだ,,untranslated,
DATA5.BIN#3938976,DATA5.BIN,3938976,菜单,ごちょう,,untranslated,
DATA5.BIN#3938992,DATA5.BIN,3938992,菜单,ごじょう,,untranslated,
DATA5.BIN#3939024,DATA5.BIN,3939024,菜单,ごうとくじ,,untranslated,
DATA5.BIN#3939064,DATA5.BIN,3939064,菜单,ぐしけん,,untranslated,
DATA5.BIN#3939096,DATA5.BIN,3939096,菜单,わらしな,,untranslated,
DATA5.BIN#3939136,DATA5.BIN,3939136,菜单,わたらい,,untranslated,
DATA5.BIN#3939160,DATA5.BIN,3939160,菜单,わたぬき,,untranslated,
DATA5.BIN#3939176,DATA5.BIN,3939176,菜单,わたなべ,,untranslated,
DATA5.BIN#3939256,DATA5.BIN,3939256,菜单,わくもと,,untranslated,
DATA5.BIN#3939304,DATA5.BIN,3939304,菜单,わきさか,,untranslated,
DATA5.BIN#3939320,DATA5.BIN,3939320,菜单,わがつま,,untranslated,
DATA5.BIN#3939344,DATA5.BIN,3939344,菜单,わかやま,,untranslated,
DATA5.BIN#3939360,DATA5.BIN,3939360,菜单,わかまつ,,untranslated,
DATA5.BIN#3939376,DATA5.BIN,3939376,菜单,わかばやし,,untranslated,
DATA5.BIN#3939392,DATA5.BIN,3939392,菜单,わかつき,,untranslated,
DATA5.BIN#3939408,DATA5.BIN,3939408,菜单,わかすぎ,,untranslated,
DATA5.BIN#3939432,DATA5.BIN,3939432,菜单,わかおうじ,,untranslated,
DATA5.BIN#3939448,DATA5.BIN,3939448,菜单,ろくのへ,,untranslated,
DATA5.BIN#3939464,DATA5.BIN,3939464,菜单,ろくじょう,,untranslated,
DATA5.BIN#3939480,DATA5.BIN,3939480,菜单,ろくごう,,untranslated,
DATA5.BIN#3939496,DATA5.BIN,3939496,菜单,れいぜい,,untranslated,
DATA5.BIN#3939512,DATA5.BIN,3939512,菜单,りゅうじん,,untranslated,
DATA5.BIN#3939528,DATA5.BIN,3939528,菜单,よりみつ,,untranslated,
DATA5.BIN#3939544,DATA5.BIN,3939544,菜单,よりふじ,,untranslated,
DATA5.BIN#3939576,DATA5.BIN,3939576,菜单,よねやま,,untranslated,
DATA5.BIN#3939592,DATA5.BIN,3939592,菜单,よねまる,,untranslated,
DATA5.BIN#3939608,DATA5.BIN,3939608,菜单,よねはら,,untranslated,
DATA5.BIN#3939640,DATA5.BIN,3939640,菜单,よねざわ,,untranslated,
DATA5.BIN#3939656,DATA5.BIN,3939656,菜单,よねざき,,untranslated,
DATA5.BIN#3939672,DATA5.BIN,3939672,菜单,よねくら,,untranslated,
DATA5.BIN#3939688,DATA5.BIN,3939688,菜单,よねおか,,untranslated,
DATA5.BIN#3939704,DATA5.BIN,3939704,菜单,よなみね,,untranslated,
DATA5.BIN#3939736,DATA5.BIN,3939736,菜单,よつもと,,untranslated,
DATA5.BIN#3939752,DATA5.BIN,3939752,菜单,よつくら,,untranslated,
DATA5.BIN#3939776,DATA5.BIN,3939776,菜单,よしやま,,untranslated,
DATA5.BIN#3939792,DATA5.BIN,3939792,菜单,よしもと,,untranslated,
DATA5.BIN#3939808,DATA5.BIN,3939808,菜单,よしむら,,untranslated,
DATA5.BIN#3939824,DATA5.BIN,3939824,菜单,よしみね,,untranslated,
DATA5.BIN#3939840,DATA5.BIN,3939840,菜单,よしまつ,,untranslated,
DATA5.BIN#3939856,DATA5.BIN,3939856,菜单,よしはら,,untranslated,
DATA5.BIN#3939880,DATA5.BIN,3939880,菜单,よしどめ,,untranslated,
DATA5.BIN#3939896,DATA5.BIN,3939896,菜单,よしとみ,,untranslated,
DATA5.BIN#3939920,DATA5.BIN,3939920,菜单,よしざわ,,untranslated,
DATA5.BIN#3939936,DATA5.BIN,3939936,菜单,よしかわ,,untranslated,
DATA5.BIN#3939952,DATA5.BIN,3939952,菜单,よしおか,,untranslated,
DATA5.BIN#3939968,DATA5.BIN,3939968,菜单,よしいけ,,untranslated,
DATA5.BIN#3939992,DATA5.BIN,3939992,菜单,よこやま,,untranslated,
DATA5.BIN#3940008,DATA5.BIN,3940008,菜单,よこみぞ,,untranslated,
DATA5.BIN#3940064,DATA5.BIN,3940064,菜单,ようろう,,untranslated,
DATA5.BIN#3940104,DATA5.BIN,3940104,菜单,ゆずりはら,,untranslated,
DATA5.BIN#3940176,DATA5.BIN,3940176,菜单,やまよし,,untranslated,
DATA5.BIN#3940192,DATA5.BIN,3940192,菜单,やまもり,,untranslated,
DATA5.BIN#3940208,DATA5.BIN,3940208,菜单,やまもと,,untranslated,
DATA5.BIN#3940224,DATA5.BIN,3940224,菜单,やまむら,,untranslated,
DATA5.BIN#3940240,DATA5.BIN,3940240,菜单,やまみち,,untranslated,
DATA5.BIN#3940264,DATA5.BIN,3940264,菜单,やまのべ,,untranslated,
DATA5.BIN#3940280,DATA5.BIN,3940280,菜单,やまのうち,,untranslated,
DATA5.BIN#3940296,DATA5.BIN,3940296,菜单,やまのい,,untranslated,
DATA5.BIN#3940328,DATA5.BIN,3940328,菜单,やまなし,,untranslated,
DATA5.BIN#3940344,DATA5.BIN,3940344,菜单,やまなか,,untranslated,
DATA5.BIN#3940384,DATA5.BIN,3940384,菜单,やまたか,,untranslated,
DATA5.BIN#3940408,DATA5.BIN,3940408,菜单,やましな,,untranslated,
DATA5.BIN#3940424,DATA5.BIN,3940424,菜单,やました,,untranslated,
DATA5.BIN#3940440,DATA5.BIN,3940440,菜单,やまざき,,untranslated,
DATA5.BIN#3940456,DATA5.BIN,3940456,菜单,やまさき,,untranslated,
DATA5.BIN#3940472,DATA5.BIN,3940472,菜单,やまこし,,untranslated,
DATA5.BIN#3940488,DATA5.BIN,3940488,菜单,やまぐち,,untranslated,
DATA5.BIN#3940504,DATA5.BIN,3940504,菜单,やまぎわ,,untranslated,
DATA5.BIN#3940520,DATA5.BIN,3940520,菜单,やまぎし,,untranslated,
DATA5.BIN#3940544,DATA5.BIN,3940544,菜单,やまがみ,,untranslated,
DATA5.BIN#3940560,DATA5.BIN,3940560,菜单,やまがた,,untranslated,
DATA5.BIN#3940584,DATA5.BIN,3940584,菜单,やまかわ,,untranslated,
DATA5.BIN#3940600,DATA5.BIN,3940600,菜单,やまおか,,untranslated,
DATA5.BIN#3940616,DATA5.BIN,3940616,菜单,やまうら,,untranslated,
DATA5.BIN#3940632,DATA5.BIN,3940632,菜单,やまうち,,untranslated,
DATA5.BIN#3940648,DATA5.BIN,3940648,菜单,やまいり,,untranslated,
DATA5.BIN#3940712,DATA5.BIN,3940712,菜单,やなはら,,untranslated,
DATA5.BIN#3940744,DATA5.BIN,3940744,菜单,やなぎはら,,untranslated,
DATA5.BIN#3940760,DATA5.BIN,3940760,菜单,やなぎだ,,untranslated,
DATA5.BIN#3940776,DATA5.BIN,3940776,菜单,やなぎさわ,,untranslated,
DATA5.BIN#3940800,DATA5.BIN,3940800,菜单,やながわ,,untranslated,
DATA5.BIN#3940848,DATA5.BIN,3940848,菜单,やすんば,,untranslated,
DATA5.BIN#3940864,DATA5.BIN,3940864,菜单,やすまつ,,untranslated,
DATA5.BIN#3940880,DATA5.BIN,3940880,菜单,やすふく,,untranslated,
DATA5.BIN#3940904,DATA5.BIN,3940904,菜单,やすおか,,untranslated,
DATA5.BIN#3940984,DATA5.BIN,3940984,菜单,やくまる,,untranslated,
DATA5.BIN#3941000,DATA5.BIN,3941000,菜单,やくしまる,,untranslated,
DATA5.BIN#3941016,DATA5.BIN,3941016,菜单,やくしじ,,untranslated,
DATA5.BIN#3941032,DATA5.BIN,3941032,菜单,やぎゅう,,untranslated,
DATA5.BIN#3941048,DATA5.BIN,3941048,菜单,やぎぬま,,untranslated,
DATA5.BIN#3941064,DATA5.BIN,3941064,菜单,やぎした,,untranslated,
DATA5.BIN#3941080,DATA5.BIN,3941080,菜单,やぎさわ,,untranslated,
DATA5.BIN#3941120,DATA5.BIN,3941120,菜单,やえがし,,untranslated,
DATA5.BIN#3941160,DATA5.BIN,3941160,菜单,もろぼし,,untranslated,
DATA5.BIN#3941176,DATA5.BIN,3941176,菜单,もろはし,,untranslated,
DATA5.BIN#3941192,DATA5.BIN,3941192,菜单,もろずみ,,untranslated,
DATA5.BIN#3941208,DATA5.BIN,3941208,菜单,もろおか,,untranslated,
DATA5.BIN#3941232,DATA5.BIN,3941232,菜单,もりやま,,untranslated,
DATA5.BIN#3941256,DATA5.BIN,3941256,菜单,もりもと,,untranslated,
DATA5.BIN#3941272,DATA5.BIN,3941272,菜单,もりみつ,,untranslated,
DATA5.BIN#3941288,DATA5.BIN,3941288,菜单,もりなが,,untranslated,
DATA5.BIN#3941312,DATA5.BIN,3941312,菜单,もりぞの,,untranslated,
DATA5.BIN#3941328,DATA5.BIN,3941328,菜单,もりずみ,,untranslated,
DATA5.BIN#3941344,DATA5.BIN,3941344,菜单,もりしま,,untranslated,
DATA5.BIN#3941360,DATA5.BIN,3941360,菜单,もりした,,untranslated,
DATA5.BIN#3941376,DATA5.BIN,3941376,菜单,もりさわ,,untranslated,
DATA5.BIN#3941392,DATA5.BIN,3941392,菜单,もりぐち,,untranslated,
DATA5.BIN#3941408,DATA5.BIN,3941408,菜单,もりかわ,,untranslated,
DATA5.BIN#3941424,DATA5.BIN,3941424,菜单,もりおか,,untranslated,
DATA5.BIN#3941440,DATA5.BIN,3941440,菜单,もりいずみ,,untranslated,
DATA5.BIN#3941464,DATA5.BIN,3941464,菜单,もものい,,untranslated,
DATA5.BIN#3941496,DATA5.BIN,3941496,菜单,もみやま,,untranslated,
DATA5.BIN#3941520,DATA5.BIN,3941520,菜单,もとやま,,untranslated,
DATA5.BIN#3941536,DATA5.BIN,3941536,菜单,もとむら,,untranslated,
DATA5.BIN#3941552,DATA5.BIN,3941552,菜单,もとばやし,,untranslated,
DATA5.BIN#3941568,DATA5.BIN,3941568,菜单,もとはし,,untranslated,
DATA5.BIN#3941600,DATA5.BIN,3941600,菜单,もとおり,,untranslated,
DATA5.BIN#3941632,DATA5.BIN,3941632,菜单,もちづき,,untranslated,
DATA5.BIN#3941712,DATA5.BIN,3941712,菜单,むろやま,,untranslated,
DATA5.BIN#3941728,DATA5.BIN,3941728,菜单,むろもと,,untranslated,
DATA5.BIN#3941760,DATA5.BIN,3941760,菜单,むらやま,,untranslated,
DATA5.BIN#3941776,DATA5.BIN,3941776,菜单,むらまつ,,untranslated,
DATA5.BIN#3941792,DATA5.BIN,3941792,菜单,むらはし,,untranslated,
DATA5.BIN#3941808,DATA5.BIN,3941808,菜单,むらたけ,,untranslated,
DATA5.BIN#3941840,DATA5.BIN,3941840,菜单,むらこし,,untranslated,
DATA5.BIN#3941856,DATA5.BIN,3941856,菜单,むらかみ,,untranslated,
DATA5.BIN#3941872,DATA5.BIN,3941872,菜单,むらかた,,untranslated,
DATA5.BIN#3941912,DATA5.BIN,3941912,菜单,むねかた,,untranslated,
DATA5.BIN#3941928,DATA5.BIN,3941928,菜单,むなかた,,untranslated,
DATA5.BIN#3941968,DATA5.BIN,3941968,菜单,むこうやま,,untranslated,
DATA5.BIN#3941984,DATA5.BIN,3941984,菜单,むぐるま,,untranslated,
DATA5.BIN#3942008,DATA5.BIN,3942008,菜单,むかいやま,,untranslated,
DATA5.BIN#3942024,DATA5.BIN,3942024,菜单,むかいで,,untranslated,
DATA5.BIN#3942048,DATA5.BIN,3942048,菜单,みょうちん,,untranslated,
DATA5.BIN#3942064,DATA5.BIN,3942064,菜单,みょうじん,,untranslated,
DATA5.BIN#3942080,DATA5.BIN,3942080,菜单,みやわき,,untranslated,
DATA5.BIN#3942096,DATA5.BIN,3942096,菜单,みやもと,,untranslated,
DATA5.BIN#3942112,DATA5.BIN,3942112,菜单,みやむら,,untranslated,
DATA5.BIN#3942128,DATA5.BIN,3942128,菜单,みやまえ,,untranslated,
DATA5.BIN#3942152,DATA5.BIN,3942152,菜单,みやにし,,untranslated,
DATA5.BIN#3942176,DATA5.BIN,3942176,菜单,みやたけ,,untranslated,
DATA5.BIN#3942200,DATA5.BIN,3942200,菜单,みやじま,,untranslated,
DATA5.BIN#3942216,DATA5.BIN,3942216,菜单,みやした,,untranslated,
DATA5.BIN#3942232,DATA5.BIN,3942232,菜单,みやざわ,,untranslated,
DATA5.BIN#3942248,DATA5.BIN,3942248,菜单,みやざき,,untranslated,
DATA5.BIN#3942264,DATA5.BIN,3942264,菜单,みやさか,,untranslated,
DATA5.BIN#3942288,DATA5.BIN,3942288,菜单,みやがわ,,untranslated,
DATA5.BIN#3942304,DATA5.BIN,3942304,菜单,みやおか,,untranslated,
DATA5.BIN#3942320,DATA5.BIN,3942320,菜单,みやうち,,untranslated,
DATA5.BIN#3942336,DATA5.BIN,3942336,菜单,みやいり,,untranslated,
DATA5.BIN#3942400,DATA5.BIN,3942400,菜单,みねまつ,,untranslated,
DATA5.BIN#3942416,DATA5.BIN,3942416,菜单,みなもと,,untranslated,
DATA5.BIN#3942432,DATA5.BIN,3942432,菜单,みなみの,,untranslated,
DATA5.BIN#3942456,DATA5.BIN,3942456,菜单,みなづき,,untranslated,
DATA5.BIN#3942480,DATA5.BIN,3942480,菜单,みながわ,,untranslated,
DATA5.BIN#3942496,DATA5.BIN,3942496,菜单,みなかた,,untranslated,
DATA5.BIN#3942520,DATA5.BIN,3942520,菜单,みどりかわ,,untranslated,
DATA5.BIN#3942560,DATA5.BIN,3942560,菜单,みつなか,,untranslated,
DATA5.BIN#3942576,DATA5.BIN,3942576,菜单,みつどう,,untranslated,
DATA5.BIN#3942592,DATA5.BIN,3942592,菜单,みつくり,,untranslated,
DATA5.BIN#3942616,DATA5.BIN,3942616,菜单,みつかわ,,untranslated,
DATA5.BIN#3942632,DATA5.BIN,3942632,菜单,みついし,,untranslated,
DATA5.BIN#3942656,DATA5.BIN,3942656,菜单,みちした,,untranslated,
DATA5.BIN#3942672,DATA5.BIN,3942672,菜单,みちがみ,,untranslated,
DATA5.BIN#3942688,DATA5.BIN,3942688,菜单,みたむら,,untranslated,
DATA5.BIN#3942728,DATA5.BIN,3942728,菜单,みぞぶち,,untranslated,
DATA5.BIN#3942744,DATA5.BIN,3942744,菜单,みぞはた,,untranslated,
DATA5.BIN#3942760,DATA5.BIN,3942760,菜单,みぞぐち,,untranslated,
DATA5.BIN#3942784,DATA5.BIN,3942784,菜单,みずもと,,untranslated,
DATA5.BIN#3942800,DATA5.BIN,3942800,菜单,みずまち,,untranslated,
DATA5.BIN#3942816,DATA5.BIN,3942816,菜单,みずはら,,untranslated,
DATA5.BIN#3942840,DATA5.BIN,3942840,菜单,みずぬま,,untranslated,
DATA5.BIN#3942856,DATA5.BIN,3942856,菜单,みずなし,,untranslated,
DATA5.BIN#3942872,DATA5.BIN,3942872,菜单,みずたに,,untranslated,
DATA5.BIN#3942896,DATA5.BIN,3942896,菜单,みずしま,,untranslated,
DATA5.BIN#3942912,DATA5.BIN,3942912,菜单,みずぐち,,untranslated,
DATA5.BIN#3942928,DATA5.BIN,3942928,菜单,みずおち,,untranslated,
DATA5.BIN#3942952,DATA5.BIN,3942952,菜单,みしょう,,untranslated,
DATA5.BIN#3942968,DATA5.BIN,3942968,菜单,みしゅく,,untranslated,
DATA5.BIN#3943016,DATA5.BIN,3943016,菜单,みきはら,,untranslated,
DATA5.BIN#3943056,DATA5.BIN,3943056,菜单,まんねん,,untranslated,
DATA5.BIN#3943080,DATA5.BIN,3943080,菜单,まんざい,,untranslated,
DATA5.BIN#3943096,DATA5.BIN,3943096,菜单,まるやま,,untranslated,
DATA5.BIN#3943112,DATA5.BIN,3943112,菜单,まるはし,,untranslated,
DATA5.BIN#3943136,DATA5.BIN,3943136,菜单,まるおか,,untranslated,
DATA5.BIN#3943200,DATA5.BIN,3943200,菜单,まつゆき,,untranslated,
DATA5.BIN#3943216,DATA5.BIN,3943216,菜单,まつやま,,untranslated,
DATA5.BIN#3943232,DATA5.BIN,3943232,菜单,まつもと,,untranslated,
DATA5.BIN#3943248,DATA5.BIN,3943248,菜单,まつむら,,untranslated,
DATA5.BIN#3943264,DATA5.BIN,3943264,菜单,まつみや,,untranslated,
DATA5.BIN#3943280,DATA5.BIN,3943280,菜单,まつまえ,,untranslated,
DATA5.BIN#3943296,DATA5.BIN,3943296,菜单,まつふじ,,untranslated,
DATA5.BIN#3943312,DATA5.BIN,3943312,菜单,まつばら,,untranslated,
DATA5.BIN#3943328,DATA5.BIN,3943328,菜单,まつばやし,,untranslated,
DATA5.BIN#3943344,DATA5.BIN,3943344,菜单,まつはな,,untranslated,
DATA5.BIN#3943360,DATA5.BIN,3943360,菜单,まつなみ,,untranslated,
DATA5.BIN#3943376,DATA5.BIN,3943376,菜单,まつなが,,untranslated,
DATA5.BIN#3943392,DATA5.BIN,3943392,菜单,まつなか,,untranslated,
DATA5.BIN#3943408,DATA5.BIN,3943408,菜单,まつだいら,,untranslated,
DATA5.BIN#3943432,DATA5.BIN,3943432,菜单,まつしま,,untranslated,
DATA5.BIN#3943448,DATA5.BIN,3943448,菜单,まつした,,untranslated,
DATA5.BIN#3943464,DATA5.BIN,3943464,菜单,まつざわ,,untranslated,
DATA5.BIN#3943480,DATA5.BIN,3943480,菜单,まつざき,,untranslated,
DATA5.BIN#3943496,DATA5.BIN,3943496,菜单,まつざか,,untranslated,
DATA5.BIN#3943512,DATA5.BIN,3943512,菜单,まつくら,,untranslated,
DATA5.BIN#3943536,DATA5.BIN,3943536,菜单,まつかわ,,untranslated,
DATA5.BIN#3943552,DATA5.BIN,3943552,菜单,まつかた,,untranslated,
DATA5.BIN#3943568,DATA5.BIN,3943568,菜单,まつおか,,untranslated,
DATA5.BIN#3943592,DATA5.BIN,3943592,菜单,まつうら,,untranslated,
DATA5.BIN#3943624,DATA5.BIN,3943624,菜单,まちぐち,,untranslated,
DATA5.BIN#3943648,DATA5.BIN,3943648,菜单,まだらめ,,untranslated,
DATA5.BIN#3943672,DATA5.BIN,3943672,菜单,ますやま,,untranslated,
DATA5.BIN#3943688,DATA5.BIN,3943688,菜单,ますぶち,,untranslated,
DATA5.BIN#3943736,DATA5.BIN,3943736,菜单,ますおか,,untranslated,
DATA5.BIN#3943800,DATA5.BIN,3943800,菜单,まさくに,,untranslated,
DATA5.BIN#3943816,DATA5.BIN,3943816,菜单,まさおか,,untranslated,
DATA5.BIN#3943840,DATA5.BIN,3943840,菜单,まくはり,,untranslated,
DATA5.BIN#3943856,DATA5.BIN,3943856,菜单,まきむら,,untranslated,
DATA5.BIN#3943872,DATA5.BIN,3943872,菜单,まきはら,,untranslated,
DATA5.BIN#3943928,DATA5.BIN,3943928,菜单,まえやま,,untranslated,
DATA5.BIN#3943944,DATA5.BIN,3943944,菜单,まえばやし,,untranslated,
DATA5.BIN#3943960,DATA5.BIN,3943960,菜单,まえはら,,untranslated,
DATA5.BIN#3943992,DATA5.BIN,3943992,菜单,まえしま,,untranslated,
DATA5.BIN#3944008,DATA5.BIN,3944008,菜单,まえざわ,,untranslated,
DATA5.BIN#3944024,DATA5.BIN,3944024,菜单,まえかわ,,untranslated,
DATA5.BIN#3944056,DATA5.BIN,3944056,菜单,ほんどう,,untranslated,
DATA5.BIN#3944080,DATA5.BIN,3944080,菜单,ほんじょう,,untranslated,
DATA5.BIN#3944096,DATA5.BIN,3944096,菜单,ほんごう,,untranslated,
DATA5.BIN#3944120,DATA5.BIN,3944120,菜单,ほりぐち,,untranslated,
DATA5.BIN#3944136,DATA5.BIN,3944136,菜单,ほりかわ,,untranslated,
DATA5.BIN#3944168,DATA5.BIN,3944168,菜单,ほりうち,,untranslated,
DATA5.BIN#3944216,DATA5.BIN,3944216,菜单,ほっかい,,untranslated,
DATA5.BIN#3944232,DATA5.BIN,3944232,菜单,ほそやま,,untranslated,
DATA5.BIN#3944272,DATA5.BIN,3944272,菜单,ほそぬま,,untranslated,
DATA5.BIN#3944296,DATA5.BIN,3944296,菜单,ほそじま,,untranslated,
DATA5.BIN#3944312,DATA5.BIN,3944312,菜单,ほそがい,,untranslated,
DATA5.BIN#3944328,DATA5.BIN,3944328,菜单,ほそかわ,,untranslated,
DATA5.BIN#3944368,DATA5.BIN,3944368,菜单,ほしかわ,,untranslated,
DATA5.BIN#3944384,DATA5.BIN,3944384,菜单,ほしあい,,untranslated,
DATA5.BIN#3944432,DATA5.BIN,3944432,菜单,ほうりゅうじ,,untranslated,
DATA5.BIN#3944456,DATA5.BIN,3944456,菜单,ほうじょう,,untranslated,
DATA5.BIN#3944512,DATA5.BIN,3944512,菜单,ふるやま,,untranslated,
DATA5.BIN#3944536,DATA5.BIN,3944536,菜单,ふるもと,,untranslated,
DATA5.BIN#3944552,DATA5.BIN,3944552,菜单,ふるはた,,untranslated,
DATA5.BIN#3944568,DATA5.BIN,3944568,菜单,ふるはし,,untranslated,
DATA5.BIN#3944600,DATA5.BIN,3944600,菜单,ふるさわ,,untranslated,
DATA5.BIN#3944616,DATA5.BIN,3944616,菜单,ふるさと,,untranslated,
DATA5.BIN#3944632,DATA5.BIN,3944632,菜单,ふるごおり,,untranslated,
DATA5.BIN#3944648,DATA5.BIN,3944648,菜单,ふるくぼ,,untranslated,
DATA5.BIN#3944664,DATA5.BIN,3944664,菜单,ふるかわ,,untranslated,
DATA5.BIN#3944680,DATA5.BIN,3944680,菜单,ふるうち,,untranslated,
DATA5.BIN#3944696,DATA5.BIN,3944696,菜单,ふるいち,,untranslated,
DATA5.BIN#3944728,DATA5.BIN,3944728,菜单,ふなはし,,untranslated,
DATA5.BIN#3944760,DATA5.BIN,3944760,菜单,ふなくぼ,,untranslated,
DATA5.BIN#3944792,DATA5.BIN,3944792,菜单,ふたむら,,untranslated,
DATA5.BIN#3944808,DATA5.BIN,3944808,菜单,ふたがみ,,untranslated,
DATA5.BIN#3944832,DATA5.BIN,3944832,菜单,ふじわら,,untranslated,
DATA5.BIN#3944848,DATA5.BIN,3944848,菜单,ふじやま,,untranslated,
DATA5.BIN#3944864,DATA5.BIN,3944864,菜单,ふじもり,,untranslated,
DATA5.BIN#3944880,DATA5.BIN,3944880,菜单,ふじもと,,untranslated,
DATA5.BIN#3944896,DATA5.BIN,3944896,菜单,ふじまる,,untranslated,
DATA5.BIN#3944920,DATA5.BIN,3944920,菜单,ふじなわ,,untranslated,
DATA5.BIN#3944936,DATA5.BIN,3944936,菜单,ふじなみ,,untranslated,
DATA5.BIN#3944952,DATA5.BIN,3944952,菜单,ふじなか,,untranslated,
DATA5.BIN#3944968,DATA5.BIN,3944968,菜单,ふじたに,,untranslated,
DATA5.BIN#3944992,DATA5.BIN,3944992,菜单,ふじしろ,,untranslated,
DATA5.BIN#3945008,DATA5.BIN,3945008,菜单,ふじしま,,untranslated,
DATA5.BIN#3945024,DATA5.BIN,3945024,菜单,ふじさわ,,untranslated,
DATA5.BIN#3945040,DATA5.BIN,3945040,菜单,ふじさき,,untranslated,
DATA5.BIN#3945056,DATA5.BIN,3945056,菜单,ふじかわ,,untranslated,
DATA5.BIN#3945072,DATA5.BIN,3945072,菜单,ふじかた,,untranslated,
DATA5.BIN#3945088,DATA5.BIN,3945088,菜单,ふじおか,,untranslated,
DATA5.BIN#3945104,DATA5.BIN,3945104,菜单,ふじえだ,,untranslated,
DATA5.BIN#3945152,DATA5.BIN,3945152,菜单,ふくよし,,untranslated,
DATA5.BIN#3945168,DATA5.BIN,3945168,菜单,ふくやま,,untranslated,
DATA5.BIN#3945184,DATA5.BIN,3945184,菜单,ふくもと,,untranslated,
DATA5.BIN#3945200,DATA5.BIN,3945200,菜单,ふくみつ,,untranslated,
DATA5.BIN#3945224,DATA5.BIN,3945224,菜单,ふくにし,,untranslated,
DATA5.BIN#3945240,DATA5.BIN,3945240,菜单,ふくなが,,untranslated,
DATA5.BIN#3945256,DATA5.BIN,3945256,菜单,ふくどめ,,untranslated,
DATA5.BIN#3945288,DATA5.BIN,3945288,菜单,ふくたけ,,untranslated,
DATA5.BIN#3945304,DATA5.BIN,3945304,菜单,ふくしま,,untranslated,
DATA5.BIN#3945320,DATA5.BIN,3945320,菜单,ふくざわ,,untranslated,
DATA5.BIN#3945336,DATA5.BIN,3945336,菜单,ふくおか,,untranslated,
DATA5.BIN#3945368,DATA5.BIN,3945368,菜单,ふかまち,,untranslated,
DATA5.BIN#3945392,DATA5.BIN,3945392,菜单,ふかざわ,,untranslated,
DATA5.BIN#3945432,DATA5.BIN,3945432,菜单,ひろはた,,untranslated,
DATA5.BIN#3945448,DATA5.BIN,3945448,菜单,ひろはし,,untranslated,
DATA5.BIN#3945488,DATA5.BIN,3945488,菜单,ひろすえ,,untranslated,
DATA5.BIN#3945504,DATA5.BIN,3945504,菜单,ひろさわ,,untranslated,
DATA5.BIN#3945536,DATA5.BIN,3945536,菜单,ひらやま,,untranslated,
DATA5.BIN#3945552,DATA5.BIN,3945552,菜单,ひらもと,,untranslated,
DATA5.BIN#3945568,DATA5.BIN,3945568,菜单,ひらみつ,,untranslated,
DATA5.BIN#3945592,DATA5.BIN,3945592,菜单,ひらばやし,,untranslated,
DATA5.BIN#3945608,DATA5.BIN,3945608,菜单,ひらはら,,untranslated,
DATA5.BIN#3945632,DATA5.BIN,3945632,菜单,ひらぬま,,untranslated,
DATA5.BIN#3945664,DATA5.BIN,3945664,菜单,ひらしま,,untranslated,
DATA5.BIN#3945680,DATA5.BIN,3945680,菜单,ひらさわ,,untranslated,
DATA5.BIN#3945704,DATA5.BIN,3945704,菜单,ひらかわ,,untranslated,
DATA5.BIN#3945720,DATA5.BIN,3945720,菜单,ひらおか,,untranslated,
DATA5.BIN#3945736,DATA5.BIN,3945736,菜单,ひらいわ,,untranslated,
DATA5.BIN#3945752,DATA5.BIN,3945752,菜单,ひらいし,,untranslated,
DATA5.BIN#3945784,DATA5.BIN,3945784,菜单,ひょうどう,,untranslated,
DATA5.BIN#3945800,DATA5.BIN,3945800,菜单,ひゅうが,,untranslated,
DATA5.BIN#3945816,DATA5.BIN,3945816,菜单,ひゃくたけ,,untranslated,
DATA5.BIN#3945856,DATA5.BIN,3945856,菜单,ひのもと,,untranslated,
DATA5.BIN#3945896,DATA5.BIN,3945896,菜单,ひでしま,,untranslated,
DATA5.BIN#3945944,DATA5.BIN,3945944,菜单,ひじかた,,untranslated,
DATA5.BIN#3945960,DATA5.BIN,3945960,菜单,ひしぬま,,untranslated,
DATA5.BIN#3945984,DATA5.BIN,3945984,菜单,ひしかり,,untranslated,
DATA5.BIN#3946000,DATA5.BIN,3946000,菜单,ひさまつ,,untranslated,
DATA5.BIN#3946048,DATA5.BIN,3946048,菜单,ひきはら,,untranslated,
DATA5.BIN#3946072,DATA5.BIN,3946072,菜单,ひがしやま,,untranslated,
DATA5.BIN#3946088,DATA5.BIN,3946088,菜单,ひがしの,,untranslated,
DATA5.BIN#3946104,DATA5.BIN,3946104,菜单,ひがしだ,,untranslated,
DATA5.BIN#3946120,DATA5.BIN,3946120,菜单,ひがしくに,,untranslated,
DATA5.BIN#3946136,DATA5.BIN,3946136,菜单,ひがしお,,untranslated,
DATA5.BIN#3946200,DATA5.BIN,3946200,菜单,ひえぬき,,untranslated,
DATA5.BIN#3946240,DATA5.BIN,3946240,菜单,はるやま,,untranslated,
DATA5.BIN#3946288,DATA5.BIN,3946288,菜单,はらしま,,untranslated,
DATA5.BIN#3946304,DATA5.BIN,3946304,菜单,はらぐち,,untranslated,
DATA5.BIN#3946320,DATA5.BIN,3946320,菜单,はらおか,,untranslated,
DATA5.BIN#3946344,DATA5.BIN,3946344,菜单,はやみず,,untranslated,
DATA5.BIN#3946376,DATA5.BIN,3946376,菜单,はやしや,,untranslated,
DATA5.BIN#3946392,DATA5.BIN,3946392,菜单,はやしば,,untranslated,
DATA5.BIN#3946408,DATA5.BIN,3946408,菜单,はやしの,,untranslated,
DATA5.BIN#3946424,DATA5.BIN,3946424,菜单,はやしだ,,untranslated,
DATA5.BIN#3946448,DATA5.BIN,3946448,菜单,はやさか,,untranslated,
DATA5.BIN#3946464,DATA5.BIN,3946464,菜单,はやかわ,,untranslated,
DATA5.BIN#3946488,DATA5.BIN,3946488,菜单,はまやま,,untranslated,
DATA5.BIN#3946504,DATA5.BIN,3946504,菜单,はまもと,,untranslated,
DATA5.BIN#3946520,DATA5.BIN,3946520,菜单,はまむら,,untranslated,
DATA5.BIN#3946544,DATA5.BIN,3946544,菜单,はまにし,,untranslated,
DATA5.BIN#3946576,DATA5.BIN,3946576,菜单,はまたに,,untranslated,
DATA5.BIN#3946592,DATA5.BIN,3946592,菜单,はましま,,untranslated,
DATA5.BIN#3946608,DATA5.BIN,3946608,菜单,はまざき,,untranslated,
DATA5.BIN#3946624,DATA5.BIN,3946624,菜单,はまぐち,,untranslated,
DATA5.BIN#3946648,DATA5.BIN,3946648,菜单,はまうず,,untranslated,
DATA5.BIN#3946664,DATA5.BIN,3946664,菜单,はまいえ,,untranslated,
DATA5.BIN#3946696,DATA5.BIN,3946696,菜单,はにゅうだ,,untranslated,
DATA5.BIN#3946712,DATA5.BIN,3946712,菜单,はにゅう,,untranslated,
DATA5.BIN#3946744,DATA5.BIN,3946744,菜单,はなもと,,untranslated,
DATA5.BIN#3946760,DATA5.BIN,3946760,菜单,はなむら,,untranslated,
DATA5.BIN#3946776,DATA5.BIN,3946776,菜单,はなぶさ,,untranslated,
DATA5.BIN#3946800,DATA5.BIN,3946800,菜单,はなざわ,,untranslated,
DATA5.BIN#3946816,DATA5.BIN,3946816,菜单,はなおか,,untranslated,
DATA5.BIN#3946832,DATA5.BIN,3946832,菜单,はとやま,,untranslated,
DATA5.BIN#3946856,DATA5.BIN,3946856,菜单,はっぽう,,untranslated,
DATA5.BIN#3946872,DATA5.BIN,3946872,菜单,はっとり,,untranslated,
DATA5.BIN#3946904,DATA5.BIN,3946904,菜单,はちすか,,untranslated,
DATA5.BIN#3946920,DATA5.BIN,3946920,菜单,はちじょう,,untranslated,
DATA5.BIN#3946944,DATA5.BIN,3946944,菜单,はたやま,,untranslated,
DATA5.BIN#3946968,DATA5.BIN,3946968,菜单,はたなか,,untranslated,
DATA5.BIN#3946984,DATA5.BIN,3946984,菜单,はたざき,,untranslated,
DATA5.BIN#3947000,DATA5.BIN,3947000,菜单,はたけやま,,untranslated,
DATA5.BIN#3947016,DATA5.BIN,3947016,菜单,はたけだ,,untranslated,
DATA5.BIN#3947064,DATA5.BIN,3947064,菜单,はせくら,,untranslated,
DATA5.BIN#3947080,DATA5.BIN,3947080,菜单,はせがわ,,untranslated,
DATA5.BIN#3947096,DATA5.BIN,3947096,菜单,はすもと,,untranslated,
DATA5.BIN#3947112,DATA5.BIN,3947112,菜单,はすぬま,,untranslated,
DATA5.BIN#3947136,DATA5.BIN,3947136,菜单,はしもと,,untranslated,
DATA5.BIN#3947168,DATA5.BIN,3947168,菜单,はしづめ,,untranslated,
DATA5.BIN#3947184,DATA5.BIN,3947184,菜单,はしぐち,,untranslated,
DATA5.BIN#3947200,DATA5.BIN,3947200,菜单,はしかわ,,untranslated,
DATA5.BIN#3947232,DATA5.BIN,3947232,菜单,はこだて,,untranslated,
DATA5.BIN#3947264,DATA5.BIN,3947264,菜单,はぎわら,,untranslated,
DATA5.BIN#3947328,DATA5.BIN,3947328,菜单,のまもと,,untranslated,
DATA5.BIN#3947360,DATA5.BIN,3947360,菜单,ののやま,,untranslated,
DATA5.BIN#3947536,DATA5.BIN,3947536,菜单,ぬまざわ,,untranslated,
DATA5.BIN#3947552,DATA5.BIN,3947552,菜单,ぬまさわ,,untranslated,
DATA5.BIN#3947640,DATA5.BIN,3947640,菜单,にほんまつ,,untranslated,
DATA5.BIN#3947672,DATA5.BIN,3947672,菜单,にのみや,,untranslated,
DATA5.BIN#3947712,DATA5.BIN,3947712,菜单,にじょう,,untranslated,
DATA5.BIN#3947736,DATA5.BIN,3947736,菜单,にしわき,,untranslated,
DATA5.BIN#3947752,DATA5.BIN,3947752,菜单,にしやま,,untranslated,
DATA5.BIN#3947768,DATA5.BIN,3947768,菜单,にしもり,,untranslated,
DATA5.BIN#3947784,DATA5.BIN,3947784,菜单,にしもと,,untranslated,
DATA5.BIN#3947800,DATA5.BIN,3947800,菜单,にしむら,,untranslated,
DATA5.BIN#3947832,DATA5.BIN,3947832,菜单,にしとみ,,untranslated,
DATA5.BIN#3947856,DATA5.BIN,3947856,菜单,にしじま,,untranslated,
DATA5.BIN#3947872,DATA5.BIN,3947872,菜单,にしざわ,,untranslated,
DATA5.BIN#3947888,DATA5.BIN,3947888,菜单,にしこおり,,untranslated,
DATA5.BIN#3947904,DATA5.BIN,3947904,菜单,にしぐち,,untranslated,
DATA5.BIN#3947920,DATA5.BIN,3947920,菜单,にしきこうじ,,untranslated,
DATA5.BIN#3947936,DATA5.BIN,3947936,菜单,にしきおり,,untranslated,
DATA5.BIN#3947952,DATA5.BIN,3947952,菜单,にしかわ,,untranslated,
DATA5.BIN#3947968,DATA5.BIN,3947968,菜单,にしかた,,untranslated,
DATA5.BIN#3947984,DATA5.BIN,3947984,菜单,にしうら,,untranslated,
DATA5.BIN#3948016,DATA5.BIN,3948016,菜单,にがわら,,untranslated,
DATA5.BIN#3948040,DATA5.BIN,3948040,菜单,にかいどう,,untranslated,
DATA5.BIN#3948088,DATA5.BIN,3948088,菜单,にいはま,,untranslated,
DATA5.BIN#3948104,DATA5.BIN,3948104,菜单,にいぬま,,untranslated,
DATA5.BIN#3948144,DATA5.BIN,3948144,菜单,にいぜき,,untranslated,
DATA5.BIN#3948160,DATA5.BIN,3948160,菜单,にいがき,,untranslated,
DATA5.BIN#3948200,DATA5.BIN,3948200,菜单,なんじょう,,untranslated,
DATA5.BIN#3948240,DATA5.BIN,3948240,菜单,なるかみ,,untranslated,
DATA5.BIN#3948256,DATA5.BIN,3948256,菜单,なりまつ,,untranslated,
DATA5.BIN#3948280,DATA5.BIN,3948280,菜单,なりあい,,untranslated,
DATA5.BIN#3948296,DATA5.BIN,3948296,菜单,ならはら,,untranslated,
DATA5.BIN#3948312,DATA5.BIN,3948312,菜单,ならざき,,untranslated,
DATA5.BIN#3948328,DATA5.BIN,3948328,菜单,ならさき,,untranslated,
DATA5.BIN#3948344,DATA5.BIN,3948344,菜单,ならさか,,untranslated,
DATA5.BIN#3948360,DATA5.BIN,3948360,菜单,ならおか,,untranslated,
DATA5.BIN#3948392,DATA5.BIN,3948392,菜单,なみこし,,untranslated,
DATA5.BIN#3948408,DATA5.BIN,3948408,菜单,なみかわ,,untranslated,
DATA5.BIN#3948424,DATA5.BIN,3948424,菜单,なみおか,,untranslated,
DATA5.BIN#3948440,DATA5.BIN,3948440,菜单,なまため,,untranslated,
DATA5.BIN#3948464,DATA5.BIN,3948464,菜单,なべやま,,untranslated,
DATA5.BIN#3948560,DATA5.BIN,3948560,菜单,なきじん,,untranslated,
DATA5.BIN#3948576,DATA5.BIN,3948576,菜单,ながやま,,untranslated,
DATA5.BIN#3948600,DATA5.BIN,3948600,菜单,ながもと,,untranslated,
DATA5.BIN#3948616,DATA5.BIN,3948616,菜单,ながもち,,untranslated,
DATA5.BIN#3948632,DATA5.BIN,3948632,菜单,ながみね,,untranslated,
DATA5.BIN#3948648,DATA5.BIN,3948648,菜单,ながまつ,,untranslated,
DATA5.BIN#3948664,DATA5.BIN,3948664,菜单,ながはら,,untranslated,
DATA5.BIN#3948680,DATA5.BIN,3948680,菜单,ながはま,,untranslated,
DATA5.BIN#3948704,DATA5.BIN,3948704,菜单,ながぬま,,untranslated,
DATA5.BIN#3948720,DATA5.BIN,3948720,菜单,ながなわ,,untranslated,
DATA5.BIN#3948736,DATA5.BIN,3948736,菜单,ながとも,,untranslated,
DATA5.BIN#3948752,DATA5.BIN,3948752,菜单,ながとみ,,untranslated,
DATA5.BIN#3948792,DATA5.BIN,3948792,菜单,ながしま,,untranslated,
DATA5.BIN#3948808,DATA5.BIN,3948808,菜单,ながさわ,,untranslated,
DATA5.BIN#3948824,DATA5.BIN,3948824,菜单,ながさき,,untranslated,
DATA5.BIN#3948840,DATA5.BIN,3948840,菜单,ながさか,,untranslated,
DATA5.BIN#3948856,DATA5.BIN,3948856,菜单,ながくら,,untranslated,
DATA5.BIN#3948872,DATA5.BIN,3948872,菜单,ながおか,,untranslated,
DATA5.BIN#3948904,DATA5.BIN,3948904,菜单,なかやま,,untranslated,
DATA5.BIN#3948920,DATA5.BIN,3948920,菜单,なかもと,,untranslated,
DATA5.BIN#3948936,DATA5.BIN,3948936,菜单,なかむら,,untranslated,
DATA5.BIN#3948952,DATA5.BIN,3948952,菜单,なかみつ,,untranslated,
DATA5.BIN#3948968,DATA5.BIN,3948968,菜单,なかみち,,untranslated,
DATA5.BIN#3948984,DATA5.BIN,3948984,菜单,なかまき,,untranslated,
DATA5.BIN#3949008,DATA5.BIN,3949008,菜单,なかばやし,,untranslated,
DATA5.BIN#3949024,DATA5.BIN,3949024,菜单,なかはら,,untranslated,
DATA5.BIN#3949040,DATA5.BIN,3949040,菜单,なかはち,,untranslated,
DATA5.BIN#3949056,DATA5.BIN,3949056,菜单,なかはた,,untranslated,
DATA5.BIN#3949072,DATA5.BIN,3949072,菜单,なかのいん,,untranslated,
DATA5.BIN#3949104,DATA5.BIN,3949104,菜单,なかにし,,untranslated,
DATA5.BIN#3949120,DATA5.BIN,3949120,菜单,なかとみ,,untranslated,
DATA5.BIN#3949136,DATA5.BIN,3949136,菜单,なかとう,,untranslated,
DATA5.BIN#3949152,DATA5.BIN,3949152,菜单,なかつかさ,,untranslated,
DATA5.BIN#3949168,DATA5.BIN,3949168,菜单,なかつか,,untranslated,
DATA5.BIN#3949200,DATA5.BIN,3949200,菜单,なかたに,,untranslated,
DATA5.BIN#3949216,DATA5.BIN,3949216,菜单,なかたけ,,untranslated,
DATA5.BIN#3949240,DATA5.BIN,3949240,菜单,なかすじ,,untranslated,
DATA5.BIN#3949256,DATA5.BIN,3949256,菜单,なかじょう,,untranslated,
DATA5.BIN#3949272,DATA5.BIN,3949272,菜单,なかじま,,untranslated,
DATA5.BIN#3949288,DATA5.BIN,3949288,菜单,なかざわ,,untranslated,
DATA5.BIN#3949304,DATA5.BIN,3949304,菜单,なかざと,,untranslated,
DATA5.BIN#3949320,DATA5.BIN,3949320,菜单,なかざき,,untranslated,
DATA5.BIN#3949336,DATA5.BIN,3949336,菜单,なかさか,,untranslated,
DATA5.BIN#3949352,DATA5.BIN,3949352,菜单,なかごみ,,untranslated,
DATA5.BIN#3949368,DATA5.BIN,3949368,菜单,なかがわ,,untranslated,
DATA5.BIN#3949384,DATA5.BIN,3949384,菜单,なかがき,,untranslated,
DATA5.BIN#3949400,DATA5.BIN,3949400,菜单,なかおか,,untranslated,
DATA5.BIN#3949424,DATA5.BIN,3949424,菜单,なかうち,,untranslated,
DATA5.BIN#3949440,DATA5.BIN,3949440,菜单,なかうえ,,untranslated,
DATA5.BIN#3949456,DATA5.BIN,3949456,菜单,なかいち,,untranslated,
DATA5.BIN#3949472,DATA5.BIN,3949472,菜单,なかいえ,,untranslated,
DATA5.BIN#3949504,DATA5.BIN,3949504,菜单,ないとう,,untranslated,
DATA5.BIN#3949520,DATA5.BIN,3949520,菜单,とりやま,,untranslated,
DATA5.BIN#3949536,DATA5.BIN,3949536,菜单,とりごえ,,untranslated,
DATA5.BIN#3949560,DATA5.BIN,3949560,菜单,とよはら,,untranslated,
DATA5.BIN#3949576,DATA5.BIN,3949576,菜单,とよなが,,untranslated,
DATA5.BIN#3949592,DATA5.BIN,3949592,菜单,とよとみ,,untranslated,
DATA5.BIN#3949624,DATA5.BIN,3949624,菜单,とよしま,,untranslated,
DATA5.BIN#3949640,DATA5.BIN,3949640,菜单,とよかわ,,untranslated,
DATA5.BIN#3949680,DATA5.BIN,3949680,菜单,ともさわ,,untranslated,
DATA5.BIN#3949696,DATA5.BIN,3949696,菜单,ともくに,,untranslated,
DATA5.BIN#3949728,DATA5.BIN,3949728,菜单,とみやま,,untranslated,
DATA5.BIN#3949744,DATA5.BIN,3949744,菜单,とみなが,,untranslated,
DATA5.BIN#3949768,DATA5.BIN,3949768,菜单,とみざわ,,untranslated,
DATA5.BIN#3949784,DATA5.BIN,3949784,菜单,とみさき,,untranslated,
DATA5.BIN#3949808,DATA5.BIN,3949808,菜单,とみおか,,untranslated,
DATA5.BIN#3949832,DATA5.BIN,3949832,菜单,とまべち,,untranslated,
DATA5.BIN#3949888,DATA5.BIN,3949888,菜单,とどろき,,untranslated,
DATA5.BIN#3949920,DATA5.BIN,3949920,菜单,とっとり,,untranslated,
DATA5.BIN#3949936,DATA5.BIN,3949936,菜单,とちのき,,untranslated,
DATA5.BIN#3949960,DATA5.BIN,3949960,菜单,とだやま,,untranslated,
DATA5.BIN#3949992,DATA5.BIN,3949992,菜单,としよし,,untranslated,
DATA5.BIN#3950048,DATA5.BIN,3950048,菜单,とくやま,,untranslated,
DATA5.BIN#3950064,DATA5.BIN,3950064,菜单,とくまる,,untranslated,
DATA5.BIN#3950088,DATA5.BIN,3950088,菜单,とくひら,,untranslated,
DATA5.BIN#3950104,DATA5.BIN,3950104,菜单,とくのう,,untranslated,
DATA5.BIN#3950120,DATA5.BIN,3950120,菜单,とくなが,,untranslated,
DATA5.BIN#3950136,DATA5.BIN,3950136,菜单,とくだいじ,,untranslated,
DATA5.BIN#3950176,DATA5.BIN,3950176,菜单,ときくに,,untranslated,
DATA5.BIN#3950216,DATA5.BIN,3950216,菜单,とかしき,,untranslated,
DATA5.BIN#3950232,DATA5.BIN,3950232,菜单,とおやま,,untranslated,
DATA5.BIN#3950248,DATA5.BIN,3950248,菜单,とうやま,,untranslated,
DATA5.BIN#3950272,DATA5.BIN,3950272,菜单,とうどう,,untranslated,
DATA5.BIN#3950288,DATA5.BIN,3950288,菜单,とうじょう,,untranslated,
DATA5.BIN#3950304,DATA5.BIN,3950304,菜单,とうごう,,untranslated,
DATA5.BIN#3950328,DATA5.BIN,3950328,菜单,とうくら,,untranslated,
DATA5.BIN#3950352,DATA5.BIN,3950352,菜单,とうかい,,untranslated,
DATA5.BIN#3950368,DATA5.BIN,3950368,菜单,といずみ,,untranslated,
DATA5.BIN#3950392,DATA5.BIN,3950392,菜单,てんぱく,,untranslated,
DATA5.BIN#3950408,DATA5.BIN,3950408,菜单,てんどう,,untranslated,
DATA5.BIN#3950432,DATA5.BIN,3950432,菜单,てらやま,,untranslated,
DATA5.BIN#3950448,DATA5.BIN,3950448,菜单,てらもと,,untranslated,
DATA5.BIN#3950472,DATA5.BIN,3950472,菜单,てらにし,,untranslated,
DATA5.BIN#3950496,DATA5.BIN,3950496,菜单,てらしま,,untranslated,
DATA5.BIN#3950520,DATA5.BIN,3950520,菜单,てらさわ,,untranslated,
DATA5.BIN#3950536,DATA5.BIN,3950536,菜单,てらぐち,,untranslated,
DATA5.BIN#3950552,DATA5.BIN,3950552,菜单,てらおか,,untranslated,
DATA5.BIN#3950576,DATA5.BIN,3950576,菜单,てらうち,,untranslated,
DATA5.BIN#3950640,DATA5.BIN,3950640,菜单,つるもと,,untranslated,
DATA5.BIN#3950664,DATA5.BIN,3950664,菜单,つるまき,,untranslated,
DATA5.BIN#3950680,DATA5.BIN,3950680,菜单,つるはら,,untranslated,
DATA5.BIN#3950696,DATA5.BIN,3950696,菜单,つるがや,,untranslated,
DATA5.BIN#3950712,DATA5.BIN,3950712,菜单,つりたに,,untranslated,
DATA5.BIN#3950752,DATA5.BIN,3950752,菜单,つぼやま,,untranslated,
DATA5.BIN#3950816,DATA5.BIN,3950816,菜单,つなしま,,untranslated,
DATA5.BIN#3950864,DATA5.BIN,3950864,菜单,つちもち,,untranslated,
DATA5.BIN#3950880,DATA5.BIN,3950880,菜单,つちみかど,,untranslated,
DATA5.BIN#3950904,DATA5.BIN,3950904,菜单,つちかね,,untranslated,
DATA5.BIN#3950928,DATA5.BIN,3950928,菜单,つじもと,,untranslated,
DATA5.BIN#3950992,DATA5.BIN,3950992,菜单,つきおか,,untranslated,
DATA5.BIN#3951040,DATA5.BIN,3951040,菜单,つかもと,,untranslated,
DATA5.BIN#3951056,DATA5.BIN,3951056,菜单,つかはら,,untranslated,
DATA5.BIN#3951120,DATA5.BIN,3951120,菜单,ちょうなん,,untranslated,
DATA5.BIN#3951136,DATA5.BIN,3951136,菜单,ちょうし,,untranslated,
DATA5.BIN#3951152,DATA5.BIN,3951152,菜单,ちょうさ,,untranslated,
DATA5.BIN#3951168,DATA5.BIN,3951168,菜单,ちゅうばち,,untranslated,
DATA5.BIN#3951184,DATA5.BIN,3951184,菜单,ちゅうじょう,,untranslated,
DATA5.BIN#3951256,DATA5.BIN,3951256,菜单,ちごどう,,untranslated,
DATA5.BIN#3951336,DATA5.BIN,3951336,菜单,たまやま,,untranslated,
DATA5.BIN#3951352,DATA5.BIN,3951352,菜单,たまにし,,untranslated,
DATA5.BIN#3951368,DATA5.BIN,3951368,菜单,たまこし,,untranslated,
DATA5.BIN#3951392,DATA5.BIN,3951392,菜单,たまがわ,,untranslated,
DATA5.BIN#3951408,DATA5.BIN,3951408,菜单,たまおき,,untranslated,
DATA5.BIN#3951464,DATA5.BIN,3951464,菜单,たねむら,,untranslated,
DATA5.BIN#3951480,DATA5.BIN,3951480,菜单,たねがしま,,untranslated,
DATA5.BIN#3951504,DATA5.BIN,3951504,菜单,たにもと,,untranslated,
DATA5.BIN#3951528,DATA5.BIN,3951528,菜单,たにざき,,untranslated,
DATA5.BIN#3951544,DATA5.BIN,3951544,菜单,たにぐち,,untranslated,
DATA5.BIN#3951560,DATA5.BIN,3951560,菜单,たにがわ,,untranslated,
DATA5.BIN#3951576,DATA5.BIN,3951576,菜单,たにがき,,untranslated,
DATA5.BIN#3951592,DATA5.BIN,3951592,菜单,たにかわ,,untranslated,
DATA5.BIN#3951608,DATA5.BIN,3951608,菜单,たにおか,,untranslated,
DATA5.BIN#3951640,DATA5.BIN,3951640,菜单,たなばた,,untranslated,
DATA5.BIN#3951664,DATA5.BIN,3951664,菜单,たないけ,,untranslated,
DATA5.BIN#3951680,DATA5.BIN,3951680,菜单,たどころ,,untranslated,
DATA5.BIN#3951696,DATA5.BIN,3951696,菜单,たてやま,,untranslated,
DATA5.BIN#3951712,DATA5.BIN,3951712,菜单,たてまつ,,untranslated,
DATA5.BIN#3951728,DATA5.BIN,3951728,菜单,たてばやし,,untranslated,
DATA5.BIN#3951752,DATA5.BIN,3951752,菜单,たてしな,,untranslated,
DATA5.BIN#3951768,DATA5.BIN,3951768,菜单,たておか,,untranslated,
DATA5.BIN#3951784,DATA5.BIN,3951784,菜单,たていし,,untranslated,
DATA5.BIN#3951832,DATA5.BIN,3951832,菜单,たちもり,,untranslated,
DATA5.BIN#3951848,DATA5.BIN,3951848,菜单,たちばな,,untranslated,
DATA5.BIN#3951864,DATA5.BIN,3951864,菜单,たちはら,,untranslated,
DATA5.BIN#3951944,DATA5.BIN,3951944,菜单,たけやま,,untranslated,
DATA5.BIN#3951960,DATA5.BIN,3951960,菜单,たけやす,,untranslated,
DATA5.BIN#3951976,DATA5.BIN,3951976,菜单,たけもり,,untranslated,
DATA5.BIN#3951992,DATA5.BIN,3951992,菜单,たけもと,,untranslated,
DATA5.BIN#3952008,DATA5.BIN,3952008,菜单,たけむら,,untranslated,
DATA5.BIN#3952032,DATA5.BIN,3952032,菜单,たけばやし,,untranslated,
DATA5.BIN#3952048,DATA5.BIN,3952048,菜单,たけはら,,untranslated,
DATA5.BIN#3952064,DATA5.BIN,3952064,菜单,たけのした,,untranslated,
DATA5.BIN#3952080,DATA5.BIN,3952080,菜单,たけのうち,,untranslated,
DATA5.BIN#3952096,DATA5.BIN,3952096,菜单,たけなか,,untranslated,
DATA5.BIN#3952128,DATA5.BIN,3952128,菜单,たけしま,,untranslated,
DATA5.BIN#3952144,DATA5.BIN,3952144,菜单,たけした,,untranslated,
DATA5.BIN#3952160,DATA5.BIN,3952160,菜单,たけざわ,,untranslated,
DATA5.BIN#3952176,DATA5.BIN,3952176,菜单,たけうち,,untranslated,
DATA5.BIN#3952192,DATA5.BIN,3952192,菜单,たけいち,,untranslated,
DATA5.BIN#3952208,DATA5.BIN,3952208,菜单,たけいし,,untranslated,
DATA5.BIN#3952248,DATA5.BIN,3952248,菜单,たくさり,,untranslated,
DATA5.BIN#3952264,DATA5.BIN,3952264,菜单,たきわき,,untranslated,
DATA5.BIN#3952280,DATA5.BIN,3952280,菜单,たきもと,,untranslated,
DATA5.BIN#3952304,DATA5.BIN,3952304,菜单,たきしま,,untranslated,
DATA5.BIN#3952320,DATA5.BIN,3952320,菜单,たきざわ,,untranslated,
DATA5.BIN#3952336,DATA5.BIN,3952336,菜单,たきぐち,,untranslated,
DATA5.BIN#3952352,DATA5.BIN,3952352,菜单,たきがわ,,untranslated,
DATA5.BIN#3952392,DATA5.BIN,3952392,菜单,たがしら,,untranslated,
DATA5.BIN#3952416,DATA5.BIN,3952416,菜单,たかやま,,untranslated,
DATA5.BIN#3952432,DATA5.BIN,3952432,菜单,たかやなぎ,,untranslated,
DATA5.BIN#3952448,DATA5.BIN,3952448,菜单,たかやす,,untranslated,
DATA5.BIN#3952464,DATA5.BIN,3952464,菜单,たかもり,,untranslated,
DATA5.BIN#3952480,DATA5.BIN,3952480,菜单,たかむら,,untranslated,
DATA5.BIN#3952496,DATA5.BIN,3952496,菜单,たかみや,,untranslated,
DATA5.BIN#3952512,DATA5.BIN,3952512,菜单,たかみね,,untranslated,
DATA5.BIN#3952536,DATA5.BIN,3952536,菜单,たかまつ,,untranslated,
DATA5.BIN#3952560,DATA5.BIN,3952560,菜单,たかひら,,untranslated,
DATA5.BIN#3952576,DATA5.BIN,3952576,菜单,たかばやし,,untranslated,
DATA5.BIN#3952592,DATA5.BIN,3952592,菜单,たかはま,,untranslated,
DATA5.BIN#3952608,DATA5.BIN,3952608,菜单,たかはた,,untranslated,
DATA5.BIN#3952624,DATA5.BIN,3952624,菜单,たかはし,,untranslated,
DATA5.BIN#3952648,DATA5.BIN,3952648,菜单,たかねざわ,,untranslated,
DATA5.BIN#3952664,DATA5.BIN,3952664,菜单,たかなべ,,untranslated,
DATA5.BIN#3952680,DATA5.BIN,3952680,菜单,たかなし,,untranslated,
DATA5.BIN#3952696,DATA5.BIN,3952696,菜单,たかとり,,untranslated,
DATA5.BIN#3952712,DATA5.BIN,3952712,菜单,たかつじ,,untranslated,
DATA5.BIN#3952728,DATA5.BIN,3952728,菜单,たかつき,,untranslated,
DATA5.BIN#3952744,DATA5.BIN,3952744,菜单,たかつかさ,,untranslated,
DATA5.BIN#3952760,DATA5.BIN,3952760,菜单,たかつか,,untranslated,
DATA5.BIN#3952776,DATA5.BIN,3952776,菜单,たかちほ,,untranslated,
DATA5.BIN#3952816,DATA5.BIN,3952816,菜单,たかすぎ,,untranslated,
DATA5.BIN#3952840,DATA5.BIN,3952840,菜单,たかしま,,untranslated,
DATA5.BIN#3952856,DATA5.BIN,3952856,菜单,たかしな,,untranslated,
DATA5.BIN#3952872,DATA5.BIN,3952872,菜单,たかざわ,,untranslated,
DATA5.BIN#3952888,DATA5.BIN,3952888,菜单,たかさご,,untranslated,
DATA5.BIN#3952904,DATA5.BIN,3952904,菜单,たかさき,,untranslated,
DATA5.BIN#3952920,DATA5.BIN,3952920,菜单,たかくら,,untranslated,
DATA5.BIN#3952952,DATA5.BIN,3952952,菜单,たかがみ,,untranslated,
DATA5.BIN#3952968,DATA5.BIN,3952968,菜单,たかがき,,untranslated,
DATA5.BIN#3952984,DATA5.BIN,3952984,菜单,たかおか,,untranslated,
DATA5.BIN#3953008,DATA5.BIN,3953008,菜单,たかえす,,untranslated,
DATA5.BIN#3953024,DATA5.BIN,3953024,菜单,たかいち,,untranslated,
DATA5.BIN#3953040,DATA5.BIN,3953040,菜单,たかいし,,untranslated,
DATA5.BIN#3953080,DATA5.BIN,3953080,菜单,そめかわ,,untranslated,
DATA5.BIN#3953104,DATA5.BIN,3953104,菜单,そのやま,,untranslated,
DATA5.BIN#3953144,DATA5.BIN,3953144,菜单,そでおか,,untranslated,
DATA5.BIN#3953216,DATA5.BIN,3953216,菜单,そえじま,,untranslated,
DATA5.BIN#3953232,DATA5.BIN,3953232,菜单,そうとめ,,untranslated,
DATA5.BIN#3953272,DATA5.BIN,3953272,菜单,せんどう,,untranslated,
DATA5.BIN#3953288,DATA5.BIN,3953288,菜单,せんとう,,untranslated,
DATA5.BIN#3953312,DATA5.BIN,3953312,菜单,せんしゅう,,untranslated,
DATA5.BIN#3953328,DATA5.BIN,3953328,菜单,せんごく,,untranslated,
DATA5.BIN#3953352,DATA5.BIN,3953352,菜单,せりざわ,,untranslated,
DATA5.BIN#3953376,DATA5.BIN,3953376,菜单,せのうえ,,untranslated,
DATA5.BIN#3953400,DATA5.BIN,3953400,菜单,せとぐち,,untranslated,
DATA5.BIN#3953424,DATA5.BIN,3953424,菜单,せつはら,,untranslated,
DATA5.BIN#3953464,DATA5.BIN,3953464,菜单,せきもと,,untranslated,
DATA5.BIN#3953480,DATA5.BIN,3953480,菜单,せきみず,,untranslated,
DATA5.BIN#3953512,DATA5.BIN,3953512,菜单,せきぐち,,untranslated,
DATA5.BIN#3953600,DATA5.BIN,3953600,菜单,すみよし,,untranslated,
DATA5.BIN#3953624,DATA5.BIN,3953624,菜单,すみとも,,untranslated,
DATA5.BIN#3953656,DATA5.BIN,3953656,菜单,すみかわ,,untranslated,
DATA5.BIN#3953688,DATA5.BIN,3953688,菜单,すなむら,,untranslated,
DATA5.BIN#3953704,DATA5.BIN,3953704,菜单,すながわ,,untranslated,
DATA5.BIN#3953752,DATA5.BIN,3953752,菜单,すずむら,,untranslated,
DATA5.BIN#3953784,DATA5.BIN,3953784,菜单,すけがわ,,untranslated,
DATA5.BIN#3953800,DATA5.BIN,3953800,菜单,すぎやま,,untranslated,
DATA5.BIN#3953816,DATA5.BIN,3953816,菜单,すぎもと,,untranslated,
DATA5.BIN#3953832,DATA5.BIN,3953832,菜单,すぎむら,,untranslated,
DATA5.BIN#3953864,DATA5.BIN,3953864,菜单,すぎした,,untranslated,
DATA5.BIN#3953880,DATA5.BIN,3953880,菜单,すぎざき,,untranslated,
DATA5.BIN#3953912,DATA5.BIN,3953912,菜单,すぎうら,,untranslated,
DATA5.BIN#3953936,DATA5.BIN,3953936,菜单,すがわら,,untranslated,
DATA5.BIN#3953968,DATA5.BIN,3953968,菜单,すがむら,,untranslated,
DATA5.BIN#3953992,DATA5.BIN,3953992,菜单,すがぬま,,untranslated,
DATA5.BIN#3954008,DATA5.BIN,3954008,菜单,すがなみ,,untranslated,
DATA5.BIN#3954032,DATA5.BIN,3954032,菜单,すえよし,,untranslated,
DATA5.BIN#3954048,DATA5.BIN,3954048,菜单,すえなが,,untranslated,
DATA5.BIN#3954064,DATA5.BIN,3954064,菜单,すえつぐ,,untranslated,
DATA5.BIN#3954080,DATA5.BIN,3954080,菜单,すえたけ,,untranslated,
DATA5.BIN#3954096,DATA5.BIN,3954096,菜单,すいばら,,untranslated,
DATA5.BIN#3954120,DATA5.BIN,3954120,菜单,しんめん,,untranslated,
DATA5.BIN#3954136,DATA5.BIN,3954136,菜单,しんぽう,,untranslated,
DATA5.BIN#3954152,DATA5.BIN,3954152,菜单,しんどう,,untranslated,
DATA5.BIN#3954176,DATA5.BIN,3954176,菜单,しんたに,,untranslated,
DATA5.BIN#3954192,DATA5.BIN,3954192,菜单,しんじょう,,untranslated,
DATA5.BIN#3954208,DATA5.BIN,3954208,菜单,しんざと,,untranslated,
DATA5.BIN#3954224,DATA5.BIN,3954224,菜单,しんがい,,untranslated,
DATA5.BIN#3954240,DATA5.BIN,3954240,菜单,しんかわ,,untranslated,
DATA5.BIN#3954256,DATA5.BIN,3954256,菜单,しんかい,,untranslated,
DATA5.BIN#3954272,DATA5.BIN,3954272,菜单,しろやま,,untranslated,
DATA5.BIN#3954312,DATA5.BIN,3954312,菜单,しろいし,,untranslated,
DATA5.BIN#3954328,DATA5.BIN,3954328,菜单,しらゆき,,untranslated,
DATA5.BIN#3954344,DATA5.BIN,3954344,菜单,しらとり,,untranslated,
DATA5.BIN#3954360,DATA5.BIN,3954360,菜单,しらくら,,untranslated,
DATA5.BIN#3954376,DATA5.BIN,3954376,菜单,しらかわ,,untranslated,
DATA5.BIN#3954392,DATA5.BIN,3954392,菜单,しらかべ,,untranslated,
DATA5.BIN#3954408,DATA5.BIN,3954408,菜单,しらいし,,untranslated,
DATA5.BIN#3954432,DATA5.BIN,3954432,菜单,しょうりん,,untranslated,
DATA5.BIN#3954448,DATA5.BIN,3954448,菜单,しょうだい,,untranslated,
DATA5.BIN#3954464,DATA5.BIN,3954464,菜单,しょうじ,,untranslated,
DATA5.BIN#3954480,DATA5.BIN,3954480,菜单,しょうがき,,untranslated,
DATA5.BIN#3954496,DATA5.BIN,3954496,菜单,しゅどう,,untranslated,
DATA5.BIN#3954512,DATA5.BIN,3954512,菜单,しゅとう,,untranslated,
DATA5.BIN#3954528,DATA5.BIN,3954528,菜单,しゅくや,,untranslated,
DATA5.BIN#3954544,DATA5.BIN,3954544,菜单,しもやま,,untranslated,
DATA5.BIN#3954560,DATA5.BIN,3954560,菜单,しももと,,untranslated,
DATA5.BIN#3954576,DATA5.BIN,3954576,菜单,しもむら,,untranslated,
DATA5.BIN#3954592,DATA5.BIN,3954592,菜单,しもまえ,,untranslated,
DATA5.BIN#3954608,DATA5.BIN,3954608,菜单,しもひら,,untranslated,
DATA5.BIN#3954624,DATA5.BIN,3954624,菜单,しもつま,,untranslated,
DATA5.BIN#3954640,DATA5.BIN,3954640,菜单,しもだて,,untranslated,
DATA5.BIN#3954664,DATA5.BIN,3954664,菜单,しもぞの,,untranslated,
DATA5.BIN#3954680,DATA5.BIN,3954680,菜单,しもじょう,,untranslated,
DATA5.BIN#3954704,DATA5.BIN,3954704,菜单,しもさか,,untranslated,
DATA5.BIN#3954720,DATA5.BIN,3954720,菜单,しもこうべ,,untranslated,
DATA5.BIN#3954736,DATA5.BIN,3954736,菜单,しもかわ,,untranslated,
DATA5.BIN#3954752,DATA5.BIN,3954752,菜单,しもいで,,untranslated,
DATA5.BIN#3954784,DATA5.BIN,3954784,菜单,しまむら,,untranslated,
DATA5.BIN#3954800,DATA5.BIN,3954800,菜单,しまぶくろ,,untranslated,
DATA5.BIN#3954816,DATA5.BIN,3954816,菜单,しまばら,,untranslated,
DATA5.BIN#3954832,DATA5.BIN,3954832,菜单,しまにし,,untranslated,
DATA5.BIN#3954872,DATA5.BIN,3954872,菜单,しまじり,,untranslated,
DATA5.BIN#3954888,DATA5.BIN,3954888,菜单,しまざき,,untranslated,
DATA5.BIN#3954904,DATA5.BIN,3954904,菜单,しまくら,,untranslated,
DATA5.BIN#3954920,DATA5.BIN,3954920,菜单,しまがわ,,untranslated,
DATA5.BIN#3954936,DATA5.BIN,3954936,菜单,しまおか,,untranslated,
DATA5.BIN#3954960,DATA5.BIN,3954960,菜单,しぶさわ,,untranslated,
DATA5.BIN#3954976,DATA5.BIN,3954976,菜单,しぶかわ,,untranslated,
DATA5.BIN#3954992,DATA5.BIN,3954992,菜单,しばやま,,untranslated,
DATA5.BIN#3955008,DATA5.BIN,3955008,菜单,しばみや,,untranslated,
DATA5.BIN#3955040,DATA5.BIN,3955040,菜单,しのやま,,untranslated,
DATA5.BIN#3955056,DATA5.BIN,3955056,菜单,しのみや,,untranslated,
DATA5.BIN#3955080,DATA5.BIN,3955080,菜单,しのはら,,untranslated,
DATA5.BIN#3955104,DATA5.BIN,3955104,菜单,しのざき,,untranslated,
DATA5.BIN#3955136,DATA5.BIN,3955136,菜单,しながわ,,untranslated,
DATA5.BIN#3955152,DATA5.BIN,3955152,菜单,しちのへ,,untranslated,
DATA5.BIN#3955192,DATA5.BIN,3955192,菜单,しずくいし,,untranslated,
DATA5.BIN#3955208,DATA5.BIN,3955208,菜单,しじょう,,untranslated,
DATA5.BIN#3955232,DATA5.BIN,3955232,菜单,しげもり,,untranslated,
DATA5.BIN#3955248,DATA5.BIN,3955248,菜单,しげまつ,,untranslated,
DATA5.BIN#3955272,DATA5.BIN,3955272,菜单,しげくに,,untranslated,
DATA5.BIN#3955288,DATA5.BIN,3955288,菜单,しげおか,,untranslated,
DATA5.BIN#3955320,DATA5.BIN,3955320,菜单,しおやま,,untranslated,
DATA5.BIN#3955376,DATA5.BIN,3955376,菜单,しおざわ,,untranslated,
DATA5.BIN#3955392,DATA5.BIN,3955392,菜单,しおざき,,untranslated,
DATA5.BIN#3955408,DATA5.BIN,3955408,菜单,しおかわ,,untranslated,
DATA5.BIN#3955456,DATA5.BIN,3955456,菜单,さんのみや,,untranslated,
DATA5.BIN#3955472,DATA5.BIN,3955472,菜单,さんじょう,,untranslated,
DATA5.BIN#3955496,DATA5.BIN,3955496,菜单,さわむら,,untranslated,
DATA5.BIN#3955520,DATA5.BIN,3955520,菜单,さわはら,,untranslated,
DATA5.BIN#3955552,DATA5.BIN,3955552,菜单,さるわたり,,untranslated,
DATA5.BIN#3955568,DATA5.BIN,3955568,菜单,さるはし,,untranslated,
DATA5.BIN#3955600,DATA5.BIN,3955600,菜单,さめじま,,untranslated,
DATA5.BIN#3955648,DATA5.BIN,3955648,菜单,さとむら,,untranslated,
DATA5.BIN#3955672,DATA5.BIN,3955672,菜单,さだもり,,untranslated,
DATA5.BIN#3955688,DATA5.BIN,3955688,菜单,さだおか,,untranslated,
DATA5.BIN#3955728,DATA5.BIN,3955728,菜单,さじょう,,untranslated,
DATA5.BIN#3955760,DATA5.BIN,3955760,菜单,さしなか,,untranslated,
DATA5.BIN#3955776,DATA5.BIN,3955776,菜单,ささやま,,untranslated,
DATA5.BIN#3955792,DATA5.BIN,3955792,菜单,ささはら,,untranslated,
DATA5.BIN#3955816,DATA5.BIN,3955816,菜单,ささぬま,,untranslated,
DATA5.BIN#3955832,DATA5.BIN,3955832,菜单,ささなみ,,untranslated,
DATA5.BIN#3955864,DATA5.BIN,3955864,菜单,ささおか,,untranslated,
DATA5.BIN#3955920,DATA5.BIN,3955920,菜单,さくらば,,untranslated,
DATA5.BIN#3955936,DATA5.BIN,3955936,菜单,さくらだ,,untranslated,
DATA5.BIN#3955952,DATA5.BIN,3955952,菜单,さくらぎ,,untranslated,
DATA5.BIN#3955968,DATA5.BIN,3955968,菜单,さくらい,,untranslated,
DATA5.BIN#3956008,DATA5.BIN,3956008,菜单,さきやま,,untranslated,
DATA5.BIN#3956040,DATA5.BIN,3956040,菜单,さがやま,,untranslated,
DATA5.BIN#3956064,DATA5.BIN,3956064,菜单,さかより,,untranslated,
DATA5.BIN#3956080,DATA5.BIN,3956080,菜单,さかやなぎ,,untranslated,
DATA5.BIN#3956096,DATA5.BIN,3956096,菜单,さかもと,,untranslated,
DATA5.BIN#3956128,DATA5.BIN,3956128,菜单,さかばやし,,untranslated,
DATA5.BIN#3956160,DATA5.BIN,3956160,菜单,さかなし,,untranslated,
DATA5.BIN#3956176,DATA5.BIN,3956176,菜单,さかたに,,untranslated,
DATA5.BIN#3956200,DATA5.BIN,3956200,菜单,さかじょう,,untranslated,
DATA5.BIN#3956216,DATA5.BIN,3956216,菜单,さかぐち,,untranslated,
DATA5.BIN#3956232,DATA5.BIN,3956232,菜单,さかくら,,untranslated,
DATA5.BIN#3956248,DATA5.BIN,3956248,菜单,さかきばら,,untranslated,
DATA5.BIN#3956272,DATA5.BIN,3956272,菜单,さかがみ,,untranslated,
DATA5.BIN#3956288,DATA5.BIN,3956288,菜单,さかうえ,,untranslated,
DATA5.BIN#3956304,DATA5.BIN,3956304,菜单,さかいの,,untranslated,
DATA5.BIN#3956336,DATA5.BIN,3956336,菜单,さおとめ,,untranslated,
DATA5.BIN#3956352,DATA5.BIN,3956352,菜单,さえぐさ,,untranslated,
DATA5.BIN#3956368,DATA5.BIN,3956368,菜单,さいとう,,untranslated,
DATA5.BIN#3956392,DATA5.BIN,3956392,菜单,さいじょう,,untranslated,
DATA5.BIN#3956408,DATA5.BIN,3956408,菜单,さいしゅ,,untranslated,
DATA5.BIN#3956424,DATA5.BIN,3956424,菜单,さいごう,,untranslated,
DATA5.BIN#3956440,DATA5.BIN,3956440,菜单,さいおんじ,,untranslated,
DATA5.BIN#3956464,DATA5.BIN,3956464,菜单,こんどう,,untranslated,
DATA5.BIN#3956480,DATA5.BIN,3956480,菜单,こんたに,,untranslated,
DATA5.BIN#3956520,DATA5.BIN,3956520,菜单,こやなぎ,,untranslated,
DATA5.BIN#3956568,DATA5.BIN,3956568,菜单,こみやま,,untranslated,
DATA5.BIN#3956592,DATA5.BIN,3956592,菜单,こまつざき,,untranslated,
DATA5.BIN#3956616,DATA5.BIN,3956616,菜单,こまちや,,untranslated,
DATA5.BIN#3956696,DATA5.BIN,3956696,菜单,こばやし,,untranslated,
DATA5.BIN#3956712,DATA5.BIN,3956712,菜单,こばやかわ,,untranslated,
DATA5.BIN#3956768,DATA5.BIN,3956768,菜单,ことぶき,,untranslated,
DATA5.BIN#3956816,DATA5.BIN,3956816,菜单,こだいら,,untranslated,
DATA5.BIN#3956832,DATA5.BIN,3956832,菜单,こたにうち,,untranslated,
DATA5.BIN#3956872,DATA5.BIN,3956872,菜单,こじょう,,untranslated,
DATA5.BIN#3956896,DATA5.BIN,3956896,菜单,こしまき,,untranslated,
DATA5.BIN#3956920,DATA5.BIN,3956920,菜单,こしつか,,untranslated,
DATA5.BIN#3956944,DATA5.BIN,3956944,菜单,こしかわ,,untranslated,
DATA5.BIN#3957064,DATA5.BIN,3957064,菜单,こうやま,,untranslated,
DATA5.BIN#3957080,DATA5.BIN,3957080,菜单,こうもと,,untranslated,
DATA5.BIN#3957096,DATA5.BIN,3957096,菜单,こうむら,,untranslated,
DATA5.BIN#3957120,DATA5.BIN,3957120,菜单,こうのいけ,,untranslated,
DATA5.BIN#3957144,DATA5.BIN,3957144,菜单,こうづま,,untranslated,
DATA5.BIN#3957160,DATA5.BIN,3957160,菜单,こうづき,,untranslated,
DATA5.BIN#3957192,DATA5.BIN,3957192,菜单,こうたり,,untranslated,
DATA5.BIN#3957208,DATA5.BIN,3957208,菜单,こうざい,,untranslated,
DATA5.BIN#3957224,DATA5.BIN,3957224,菜单,こうさか,,untranslated,
DATA5.BIN#3957240,DATA5.BIN,3957240,菜单,こうけつ,,untranslated,
DATA5.BIN#3957256,DATA5.BIN,3957256,菜单,こうぐち,,untranslated,
DATA5.BIN#3957280,DATA5.BIN,3957280,菜单,こいぶち,,untranslated,
DATA5.BIN#3957312,DATA5.BIN,3957312,菜单,こいづか,,untranslated,
DATA5.BIN#3957336,DATA5.BIN,3957336,菜单,こいずみ,,untranslated,
DATA5.BIN#3957360,DATA5.BIN,3957360,菜单,こいかわ,,untranslated,
DATA5.BIN#3957376,DATA5.BIN,3957376,菜单,けんもつ,,untranslated,
DATA5.BIN#3957392,DATA5.BIN,3957392,菜单,けんもち,,untranslated,
DATA5.BIN#3957408,DATA5.BIN,3957408,菜单,くわやま,,untranslated,
DATA5.BIN#3957424,DATA5.BIN,3957424,菜单,くわばら,,untranslated,
DATA5.BIN#3957440,DATA5.BIN,3957440,菜单,くわはら,,untranslated,
DATA5.BIN#3957456,DATA5.BIN,3957456,菜单,くわさわ,,untranslated,
DATA5.BIN#3957472,DATA5.BIN,3957472,菜单,くろやなぎ,,untranslated,
DATA5.BIN#3957496,DATA5.BIN,3957496,菜单,くろさわ,,untranslated,
DATA5.BIN#3957520,DATA5.BIN,3957520,菜单,くろかわ,,untranslated,
DATA5.BIN#3957536,DATA5.BIN,3957536,菜单,くろいわ,,untranslated,
DATA5.BIN#3957552,DATA5.BIN,3957552,菜单,くれまつ,,untranslated,
DATA5.BIN#3957592,DATA5.BIN,3957592,菜单,くるしま,,untranslated,
DATA5.BIN#3957616,DATA5.BIN,3957616,菜单,くりやま,,untranslated,
DATA5.BIN#3957632,DATA5.BIN,3957632,菜单,くりはら,,untranslated,
DATA5.BIN#3957648,DATA5.BIN,3957648,菜单,くりはし,,untranslated,
DATA5.BIN#3957680,DATA5.BIN,3957680,菜单,くらもと,,untranslated,
DATA5.BIN#3957696,DATA5.BIN,3957696,菜单,くらみつ,,untranslated,
DATA5.BIN#3957712,DATA5.BIN,3957712,菜单,くらはし,,untranslated,
DATA5.BIN#3957736,DATA5.BIN,3957736,菜单,くらかた,,untranslated,
DATA5.BIN#3957752,DATA5.BIN,3957752,菜单,くらいし,,untranslated,
DATA5.BIN#3957776,DATA5.BIN,3957776,菜单,くまもと,,untranslated,
DATA5.BIN#3957816,DATA5.BIN,3957816,菜单,くまざき,,untranslated,
DATA5.BIN#3957832,DATA5.BIN,3957832,菜单,くまさか,,untranslated,
DATA5.BIN#3957856,DATA5.BIN,3957856,菜单,くまがみ,,untranslated,
DATA5.BIN#3957872,DATA5.BIN,3957872,菜单,くまがい,,untranslated,
DATA5.BIN#3957944,DATA5.BIN,3957944,菜单,くにさわ,,untranslated,
DATA5.BIN#3957960,DATA5.BIN,3957960,菜单,くにえだ,,untranslated,
DATA5.BIN#3958000,DATA5.BIN,3958000,菜单,くつわだ,,untranslated,
DATA5.BIN#3958024,DATA5.BIN,3958024,菜单,くつざわ,,untranslated,
DATA5.BIN#3958056,DATA5.BIN,3958056,菜单,くだんした,,untranslated,
DATA5.BIN#3958096,DATA5.BIN,3958096,菜单,くすのき,,untranslated,
DATA5.BIN#3958120,DATA5.BIN,3958120,菜单,くじらい,,untranslated,
DATA5.BIN#3958136,DATA5.BIN,3958136,菜单,くじょう,,untranslated,
DATA5.BIN#3958152,DATA5.BIN,3958152,菜单,くしぶち,,untranslated,
DATA5.BIN#3958184,DATA5.BIN,3958184,菜单,くさなぎ,,untranslated,
DATA5.BIN#3958200,DATA5.BIN,3958200,菜单,くさかり,,untranslated,
DATA5.BIN#3958216,DATA5.BIN,3958216,菜单,くさかべ,,untranslated,
DATA5.BIN#3958272,DATA5.BIN,3958272,菜单,きんじょう,,untranslated,
DATA5.BIN#3958288,DATA5.BIN,3958288,菜单,きりゅう,,untranslated,
DATA5.BIN#3958304,DATA5.BIN,3958304,菜单,きりやま,,untranslated,
DATA5.BIN#3958320,DATA5.BIN,3958320,菜单,きよぞの,,untranslated,
DATA5.BIN#3958336,DATA5.BIN,3958336,菜单,きよかわ,,untranslated,
DATA5.BIN#3958352,DATA5.BIN,3958352,菜单,きよおか,,untranslated,
DATA5.BIN#3958368,DATA5.BIN,3958368,菜单,きょうたに,,untranslated,
DATA5.BIN#3958384,DATA5.BIN,3958384,菜单,きょうごく,,untranslated,
DATA5.BIN#3958424,DATA5.BIN,3958424,菜单,きもつき,,untranslated,
DATA5.BIN#3958448,DATA5.BIN,3958448,菜单,きみなみ,,untranslated,
DATA5.BIN#3958464,DATA5.BIN,3958464,菜单,きみしま,,untranslated,
DATA5.BIN#3958504,DATA5.BIN,3958504,菜单,きのした,,untranslated,
DATA5.BIN#3958520,DATA5.BIN,3958520,菜单,きのうち,,untranslated,
DATA5.BIN#3958536,DATA5.BIN,3958536,菜单,きねぶち,,untranslated,
DATA5.BIN#3958552,DATA5.BIN,3958552,菜单,きぬがわ,,untranslated,
DATA5.BIN#3958568,DATA5.BIN,3958568,菜单,きぬがさ,,untranslated,
DATA5.BIN#3958616,DATA5.BIN,3958616,菜单,きつれがわ,,untranslated,
DATA5.BIN#3958640,DATA5.BIN,3958640,菜单,きたやま,,untranslated,
DATA5.BIN#3958672,DATA5.BIN,3958672,菜单,きたむら,,untranslated,
DATA5.BIN#3958696,DATA5.BIN,3958696,菜单,きたばたけ,,untranslated,
DATA5.BIN#3958712,DATA5.BIN,3958712,菜单,きたはら,,untranslated,
DATA5.BIN#3958728,DATA5.BIN,3958728,菜单,きたはま,,untranslated,
DATA5.BIN#3958760,DATA5.BIN,3958760,菜单,きただい,,untranslated,
DATA5.BIN#3958784,DATA5.BIN,3958784,菜单,きたじま,,untranslated,
DATA5.BIN#3958800,DATA5.BIN,3958800,菜单,きたざわ,,untranslated,
DATA5.BIN#3958816,DATA5.BIN,3958816,菜单,きたざと,,untranslated,
DATA5.BIN#3958832,DATA5.BIN,3958832,菜单,きたこうじ,,untranslated,
DATA5.BIN#3958848,DATA5.BIN,3958848,菜单,きたがわ,,untranslated,
DATA5.BIN#3958864,DATA5.BIN,3958864,菜单,きたがみ,,untranslated,
DATA5.BIN#3958880,DATA5.BIN,3958880,菜单,きたかぜ,,untranslated,
DATA5.BIN#3958896,DATA5.BIN,3958896,菜单,きたおか,,untranslated,
DATA5.BIN#3958920,DATA5.BIN,3958920,菜单,きたうえ,,untranslated,
DATA5.BIN#3958960,DATA5.BIN,3958960,菜单,きしわだ,,untranslated,
DATA5.BIN#3958976,DATA5.BIN,3958976,菜单,きしもと,,untranslated,
DATA5.BIN#3959016,DATA5.BIN,3959016,菜单,きさらぎ,,untranslated,
DATA5.BIN#3959088,DATA5.BIN,3959088,菜单,かんばら,,untranslated,
DATA5.BIN#3959112,DATA5.BIN,3959112,菜单,かんなり,,untranslated,
DATA5.BIN#3959128,DATA5.BIN,3959128,菜单,かんどり,,untranslated,
DATA5.BIN#3959152,DATA5.BIN,3959152,菜单,かんざき,,untranslated,
DATA5.BIN#3959168,DATA5.BIN,3959168,菜单,かわらばやし,,untranslated,
DATA5.BIN#3959184,DATA5.BIN,3959184,菜单,かわらざき,,untranslated,
DATA5.BIN#3959200,DATA5.BIN,3959200,菜单,かわらさき,,untranslated,
DATA5.BIN#3959216,DATA5.BIN,3959216,菜单,かわもと,,untranslated,
DATA5.BIN#3959232,DATA5.BIN,3959232,菜单,かわむら,,untranslated,
DATA5.BIN#3959248,DATA5.BIN,3959248,菜单,かわみなみ,,untranslated,
DATA5.BIN#3959272,DATA5.BIN,3959272,菜单,かわばた,,untranslated,
DATA5.BIN#3959288,DATA5.BIN,3959288,菜单,かわはま,,untranslated,
DATA5.BIN#3959312,DATA5.BIN,3959312,菜单,かわなみ,,untranslated,
DATA5.BIN#3959360,DATA5.BIN,3959360,菜单,かわぞえ,,untranslated,
DATA5.BIN#3959392,DATA5.BIN,3959392,菜单,かわじり,,untranslated,
DATA5.BIN#3959408,DATA5.BIN,3959408,菜单,かわしま,,untranslated,
DATA5.BIN#3959424,DATA5.BIN,3959424,菜单,かわさき,,untranslated,
DATA5.BIN#3959440,DATA5.BIN,3959440,菜单,かわごえ,,untranslated,
DATA5.BIN#3959456,DATA5.BIN,3959456,菜单,かわぐち,,untranslated,
DATA5.BIN#3959472,DATA5.BIN,3959472,菜单,かわきた,,untranslated,
DATA5.BIN#3959488,DATA5.BIN,3959488,菜单,かわかみ,,untranslated,
DATA5.BIN#3959544,DATA5.BIN,3959544,菜单,からはし,,untranslated,
DATA5.BIN#3959568,DATA5.BIN,3959568,菜单,からすま,,untranslated,
DATA5.BIN#3959584,DATA5.BIN,3959584,菜单,からしま,,untranslated,
DATA5.BIN#3959600,DATA5.BIN,3959600,菜单,からさわ,,untranslated,
DATA5.BIN#3959616,DATA5.BIN,3959616,菜单,かゆかわ,,untranslated,
DATA5.BIN#3959632,DATA5.BIN,3959632,菜单,かやぬま,,untranslated,
DATA5.BIN#3959648,DATA5.BIN,3959648,菜单,かもした,,untranslated,
DATA5.BIN#3959680,DATA5.BIN,3959680,菜单,かめやま,,untranslated,
DATA5.BIN#3959720,DATA5.BIN,3959720,菜单,かみやま,,untranslated,
DATA5.BIN#3959752,DATA5.BIN,3959752,菜单,かみじょう,,untranslated,
DATA5.BIN#3959768,DATA5.BIN,3959768,菜单,かみかわ,,untranslated,
DATA5.BIN#3959816,DATA5.BIN,3959816,菜单,かまくら,,untranslated,
DATA5.BIN#3959840,DATA5.BIN,3959840,菜单,かぶらぎ,,untranslated,
DATA5.BIN#3959864,DATA5.BIN,3959864,菜单,かばやま,,untranslated,
DATA5.BIN#3959880,DATA5.BIN,3959880,菜单,かばさわ,,untranslated,
DATA5.BIN#3959920,DATA5.BIN,3959920,菜单,かねやま,,untranslated,
DATA5.BIN#3959936,DATA5.BIN,3959936,菜单,かねむら,,untranslated,
DATA5.BIN#3959952,DATA5.BIN,3959952,菜单,かねまる,,untranslated,
DATA5.BIN#3959968,DATA5.BIN,3959968,菜单,かねまき,,untranslated,
DATA5.BIN#3959992,DATA5.BIN,3959992,菜单,かねたけ,,untranslated,
DATA5.BIN#3960016,DATA5.BIN,3960016,菜单,かねぐち,,untranslated,
DATA5.BIN#3960064,DATA5.BIN,3960064,菜单,かなもり,,untranslated,
DATA5.BIN#3960080,DATA5.BIN,3960080,菜单,かなまる,,untranslated,
DATA5.BIN#3960104,DATA5.BIN,3960104,菜单,かなざわ,,untranslated,
DATA5.BIN#3960120,DATA5.BIN,3960120,菜单,かなさし,,untranslated,
DATA5.BIN#3960136,DATA5.BIN,3960136,菜单,かながわ,,untranslated,
DATA5.BIN#3960160,DATA5.BIN,3960160,菜单,かどわき,,untranslated,
DATA5.BIN#3960176,DATA5.BIN,3960176,菜单,かどまつ,,untranslated,
DATA5.BIN#3960200,DATA5.BIN,3960200,菜单,かどくら,,untranslated,
DATA5.BIN#3960216,DATA5.BIN,3960216,菜单,かどかわ,,untranslated,
DATA5.BIN#3960240,DATA5.BIN,3960240,菜单,かつらやま,,untranslated,
DATA5.BIN#3960256,DATA5.BIN,3960256,菜单,かつらぎ,,untranslated,
DATA5.BIN#3960272,DATA5.BIN,3960272,菜单,かつまた,,untranslated,
DATA5.BIN#3960312,DATA5.BIN,3960312,菜单,かたやま,,untranslated,
DATA5.BIN#3960328,DATA5.BIN,3960328,菜单,かたまち,,untranslated,
DATA5.BIN#3960344,DATA5.BIN,3960344,菜单,かたひら,,untranslated,
DATA5.BIN#3960376,DATA5.BIN,3960376,菜单,かたくら,,untranslated,
DATA5.BIN#3960392,DATA5.BIN,3960392,菜单,かたぎり,,untranslated,
DATA5.BIN#3960408,DATA5.BIN,3960408,菜单,かたがみ,,untranslated,
DATA5.BIN#3960424,DATA5.BIN,3960424,菜单,かたおか,,untranslated,
DATA5.BIN#3960464,DATA5.BIN,3960464,菜单,かじわら,,untranslated,
DATA5.BIN#3960480,DATA5.BIN,3960480,菜单,かじやま,,untranslated,
DATA5.BIN#3960496,DATA5.BIN,3960496,菜单,かじはら,,untranslated,
DATA5.BIN#3960528,DATA5.BIN,3960528,菜单,かじかわ,,untranslated,
DATA5.BIN#3960552,DATA5.BIN,3960552,菜单,かしわの,,untranslated,
DATA5.BIN#3960568,DATA5.BIN,3960568,菜单,かしわぎ,,untranslated,
DATA5.BIN#3960592,DATA5.BIN,3960592,菜单,かしゅう,,untranslated,
DATA5.BIN#3960608,DATA5.BIN,3960608,菜单,かしやま,,untranslated,
DATA5.BIN#3960648,DATA5.BIN,3960648,菜单,かざはや,,untranslated,
DATA5.BIN#3960664,DATA5.BIN,3960664,菜单,かざおか,,untranslated,
DATA5.BIN#3960688,DATA5.BIN,3960688,菜单,かさはら,,untranslated,
DATA5.BIN#3960704,DATA5.BIN,3960704,菜单,かさおか,,untranslated,
DATA5.BIN#3960728,DATA5.BIN,3960728,菜单,かごしま,,untranslated,
DATA5.BIN#3960752,DATA5.BIN,3960752,菜单,かげやま,,untranslated,
DATA5.BIN#3960768,DATA5.BIN,3960768,菜单,かけふだ,,untranslated,
DATA5.BIN#3960800,DATA5.BIN,3960800,菜单,かくらい,,untranslated,
DATA5.BIN#3960816,DATA5.BIN,3960816,菜单,かくはり,,untranslated,
DATA5.BIN#3960832,DATA5.BIN,3960832,菜单,かくどう,,untranslated,
DATA5.BIN#3960872,DATA5.BIN,3960872,菜单,かきもと,,untranslated,
DATA5.BIN#3960888,DATA5.BIN,3960888,菜单,かきぬま,,untranslated,
DATA5.BIN#3960904,DATA5.BIN,3960904,菜单,かきずか,,untranslated,
DATA5.BIN#3960920,DATA5.BIN,3960920,菜单,かきざき,,untranslated,
DATA5.BIN#3960960,DATA5.BIN,3960960,菜单,かいほう,,untranslated,
DATA5.BIN#3960984,DATA5.BIN,3960984,菜单,かいざき,,untranslated,
DATA5.BIN#3961008,DATA5.BIN,3961008,菜单,かいえだ,,untranslated,
DATA5.BIN#3961024,DATA5.BIN,3961024,菜单,おんどり,,untranslated,
DATA5.BIN#3961056,DATA5.BIN,3961056,菜单,おりもと,,untranslated,
DATA5.BIN#3961072,DATA5.BIN,3961072,菜单,おりかさ,,untranslated,
DATA5.BIN#3961104,DATA5.BIN,3961104,菜单,おやなぎ,,untranslated,
DATA5.BIN#3961144,DATA5.BIN,3961144,菜单,おびなた,,untranslated,
DATA5.BIN#3961200,DATA5.BIN,3961200,菜单,おのでら,,untranslated,
DATA5.BIN#3961224,DATA5.BIN,3961224,菜单,おのざき,,untranslated,
DATA5.BIN#3961248,DATA5.BIN,3961248,菜单,おにやなぎ,,untranslated,
DATA5.BIN#3961264,DATA5.BIN,3961264,菜单,おにづか,,untranslated,
DATA5.BIN#3961280,DATA5.BIN,3961280,菜单,おにざわ,,untranslated,
DATA5.BIN#3961312,DATA5.BIN,3961312,菜单,おちあい,,untranslated,
DATA5.BIN#3961344,DATA5.BIN,3961344,菜单,おだじま,,untranslated,
DATA5.BIN#3961360,DATA5.BIN,3961360,菜单,おだぎり,,untranslated,
DATA5.BIN#3961432,DATA5.BIN,3961432,菜单,おしあげ,,untranslated,
DATA5.BIN#3961464,DATA5.BIN,3961464,菜单,おさない,,untranslated,
DATA5.BIN#3961488,DATA5.BIN,3961488,菜单,おさかべ,,untranslated,
DATA5.BIN#3961504,DATA5.BIN,3961504,菜单,おこのぎ,,untranslated,
DATA5.BIN#3961536,DATA5.BIN,3961536,菜单,おくやま,,untranslated,
DATA5.BIN#3961552,DATA5.BIN,3961552,菜单,おくもと,,untranslated,
DATA5.BIN#3961568,DATA5.BIN,3961568,菜单,おくむら,,untranslated,
DATA5.BIN#3961600,DATA5.BIN,3961600,菜单,おくあき,,untranslated,
DATA5.BIN#3961624,DATA5.BIN,3961624,菜单,おぎわら,,untranslated,
DATA5.BIN#3961640,DATA5.BIN,3961640,菜单,おぎゅう,,untranslated,
DATA5.BIN#3961680,DATA5.BIN,3961680,菜单,おぎくぼ,,untranslated,
DATA5.BIN#3961704,DATA5.BIN,3961704,菜单,おきやま,,untranslated,
DATA5.BIN#3961720,DATA5.BIN,3961720,菜单,おきもと,,untranslated,
DATA5.BIN#3961744,DATA5.BIN,3961744,菜单,おきしお,,untranslated,
DATA5.BIN#3961792,DATA5.BIN,3961792,菜单,おがさわら,,untranslated,
DATA5.BIN#3961816,DATA5.BIN,3961816,菜单,おかもと,,untranslated,
DATA5.BIN#3961832,DATA5.BIN,3961832,菜单,おかむら,,untranslated,
DATA5.BIN#3961856,DATA5.BIN,3961856,菜单,おかまつ,,untranslated,
DATA5.BIN#3961880,DATA5.BIN,3961880,菜单,おかばやし,,untranslated,
DATA5.BIN#3961928,DATA5.BIN,3961928,菜单,おかぞえ,,untranslated,
DATA5.BIN#3961944,DATA5.BIN,3961944,菜单,おかじま,,untranslated,
DATA5.BIN#3961960,DATA5.BIN,3961960,菜单,おかざわ,,untranslated,
DATA5.BIN#3961976,DATA5.BIN,3961976,菜单,おかざき,,untranslated,
DATA5.BIN#3962000,DATA5.BIN,3962000,菜单,おおわき,,untranslated,
DATA5.BIN#3962016,DATA5.BIN,3962016,菜单,おおよう,,untranslated,
DATA5.BIN#3962032,DATA5.BIN,3962032,菜单,おおやま,,untranslated,
DATA5.BIN#3962048,DATA5.BIN,3962048,菜单,おおやち,,untranslated,
DATA5.BIN#3962064,DATA5.BIN,3962064,菜单,おおやぎ,,untranslated,
DATA5.BIN#3962088,DATA5.BIN,3962088,菜单,おおもり,,untranslated,
DATA5.BIN#3962104,DATA5.BIN,3962104,菜单,おおもと,,untranslated,
DATA5.BIN#3962120,DATA5.BIN,3962120,菜单,おおむら,,untranslated,
DATA5.BIN#3962136,DATA5.BIN,3962136,菜单,おおみや,,untranslated,
DATA5.BIN#3962152,DATA5.BIN,3962152,菜单,おおみね,,untranslated,
DATA5.BIN#3962168,DATA5.BIN,3962168,菜单,おおまえ,,untranslated,
DATA5.BIN#3962184,DATA5.BIN,3962184,菜单,おおぶち,,untranslated,
DATA5.BIN#3962200,DATA5.BIN,3962200,菜单,おおひら,,untranslated,
DATA5.BIN#3962216,DATA5.BIN,3962216,菜单,おおばん,,untranslated,
DATA5.BIN#3962240,DATA5.BIN,3962240,菜单,おおはら,,untranslated,
DATA5.BIN#3962256,DATA5.BIN,3962256,菜单,おおはた,,untranslated,
DATA5.BIN#3962272,DATA5.BIN,3962272,菜单,おおはし,,untranslated,
DATA5.BIN#3962296,DATA5.BIN,3962296,菜单,おおにし,,untranslated,
DATA5.BIN#3962312,DATA5.BIN,3962312,菜单,おおとり,,untranslated,
DATA5.BIN#3962328,DATA5.BIN,3962328,菜单,おおとも,,untranslated,
DATA5.BIN#3962368,DATA5.BIN,3962368,菜单,おおつぼ,,untranslated,
DATA5.BIN#3962384,DATA5.BIN,3962384,菜单,おおつき,,untranslated,
DATA5.BIN#3962400,DATA5.BIN,3962400,菜单,おおつか,,untranslated,
DATA5.BIN#3962416,DATA5.BIN,3962416,菜单,おおだて,,untranslated,
DATA5.BIN#3962432,DATA5.BIN,3962432,菜单,おおたに,,untranslated,
DATA5.BIN#3962448,DATA5.BIN,3962448,菜单,おおたけ,,untranslated,
DATA5.BIN#3962464,DATA5.BIN,3962464,菜单,おおたき,,untranslated,
DATA5.BIN#3962480,DATA5.BIN,3962480,菜单,おおたがき,,untranslated,
DATA5.BIN#3962496,DATA5.BIN,3962496,菜单,おおたか,,untranslated,
DATA5.BIN#3962520,DATA5.BIN,3962520,菜单,おおぜき,,untranslated,
DATA5.BIN#3962536,DATA5.BIN,3962536,菜单,おおすぎ,,untranslated,
DATA5.BIN#3962552,DATA5.BIN,3962552,菜单,おおすが,,untranslated,
DATA5.BIN#3962568,DATA5.BIN,3962568,菜单,おおしま,,untranslated,
DATA5.BIN#3962584,DATA5.BIN,3962584,菜单,おおさわ,,untranslated,
DATA5.BIN#3962600,DATA5.BIN,3962600,菜单,おおさき,,untranslated,
DATA5.BIN#3962616,DATA5.BIN,3962616,菜单,おおさか,,untranslated,
DATA5.BIN#3962632,DATA5.BIN,3962632,菜单,おおくぼ,,untranslated,
DATA5.BIN#3962648,DATA5.BIN,3962648,菜单,おおきど,,untranslated,
DATA5.BIN#3962680,DATA5.BIN,3962680,菜单,おおかわ,,untranslated,
DATA5.BIN#3962696,DATA5.BIN,3962696,菜单,おおかま,,untranslated,
DATA5.BIN#3962712,DATA5.BIN,3962712,菜单,おおおか,,untranslated,
DATA5.BIN#3962736,DATA5.BIN,3962736,菜单,おおうち,,untranslated,
DATA5.BIN#3962752,DATA5.BIN,3962752,菜单,おおいわ,,untranslated,
DATA5.BIN#3962768,DATA5.BIN,3962768,菜单,おおいし,,untranslated,
DATA5.BIN#3962784,DATA5.BIN,3962784,菜单,おおいけ,,untranslated,
DATA5.BIN#3962808,DATA5.BIN,3962808,菜单,おうやま,,untranslated,
DATA5.BIN#3962824,DATA5.BIN,3962824,菜单,おうみや,,untranslated,
DATA5.BIN#3962864,DATA5.BIN,3962864,菜单,おうたに,,untranslated,
DATA5.BIN#3962880,DATA5.BIN,3962880,菜单,おうたけ,,untranslated,
DATA5.BIN#3962896,DATA5.BIN,3962896,菜单,おうたき,,untranslated,
DATA5.BIN#3962912,DATA5.BIN,3962912,菜单,おうさか,,untranslated,
DATA5.BIN#3962928,DATA5.BIN,3962928,菜单,おうくま,,untranslated,
DATA5.BIN#3962944,DATA5.BIN,3962944,菜单,おうぎだに,,untranslated,
DATA5.BIN#3962960,DATA5.BIN,3962960,菜单,おいぬま,,untranslated,
DATA5.BIN#3962976,DATA5.BIN,3962976,菜单,おいかわ,,untranslated,
DATA5.BIN#3962992,DATA5.BIN,3962992,菜单,えんどう,,untranslated,
DATA5.BIN#3963016,DATA5.BIN,3963016,菜单,えんじょうじ,,untranslated,
DATA5.BIN#3963032,DATA5.BIN,3963032,菜单,えりぐち,,untranslated,
DATA5.BIN#3963080,DATA5.BIN,3963080,菜单,えびはら,,untranslated,
DATA5.BIN#3963112,DATA5.BIN,3963112,菜单,えびさわ,,untranslated,
DATA5.BIN#3963152,DATA5.BIN,3963152,菜单,えのもと,,untranslated,
DATA5.BIN#3963176,DATA5.BIN,3963176,菜单,えどたに,,untranslated,
DATA5.BIN#3963208,DATA5.BIN,3963208,菜单,えっちゅう,,untranslated,
DATA5.BIN#3963232,DATA5.BIN,3963232,菜单,えだむら,,untranslated,
DATA5.BIN#3963344,DATA5.BIN,3963344,菜单,うんなん,,untranslated,
DATA5.BIN#3963360,DATA5.BIN,3963360,菜单,うわとこ,,untranslated,
DATA5.BIN#3963384,DATA5.BIN,3963384,菜单,うるしま,,untranslated,
DATA5.BIN#3963400,DATA5.BIN,3963400,菜单,うるしはら,,untranslated,
DATA5.BIN#3963416,DATA5.BIN,3963416,菜单,うりゅう,,untranslated,
DATA5.BIN#3963432,DATA5.BIN,3963432,菜单,うらもと,,untranslated,
DATA5.BIN#3963472,DATA5.BIN,3963472,菜单,うらしま,,untranslated,
DATA5.BIN#3963488,DATA5.BIN,3963488,菜单,うらがみ,,untranslated,
DATA5.BIN#3963512,DATA5.BIN,3963512,菜单,うめばら,,untranslated,
DATA5.BIN#3963544,DATA5.BIN,3963544,菜单,うめざわ,,untranslated,
DATA5.BIN#3963560,DATA5.BIN,3963560,菜单,うめざき,,untranslated,
DATA5.BIN#3963600,DATA5.BIN,3963600,菜单,うつのみや,,untranslated,
DATA5.BIN#3963616,DATA5.BIN,3963616,菜单,うちやま,,untranslated,
DATA5.BIN#3963632,DATA5.BIN,3963632,菜单,うちむら,,untranslated,
DATA5.BIN#3963656,DATA5.BIN,3963656,菜单,うちこし,,untranslated,
DATA5.BIN#3963672,DATA5.BIN,3963672,菜单,うちぎり,,untranslated,
DATA5.BIN#3963688,DATA5.BIN,3963688,菜单,うちうみ,,untranslated,
DATA5.BIN#3963704,DATA5.BIN,3963704,菜单,うだがわ,,untranslated,
DATA5.BIN#3963768,DATA5.BIN,3963768,菜单,うじいえ,,untranslated,
DATA5.BIN#3963784,DATA5.BIN,3963784,菜单,うしやま,,untranslated,
DATA5.BIN#3963840,DATA5.BIN,3963840,菜单,うがじん,,untranslated,
DATA5.BIN#3963872,DATA5.BIN,3963872,菜单,うおずみ,,untranslated,
DATA5.BIN#3963888,DATA5.BIN,3963888,菜单,うえやま,,untranslated,
DATA5.BIN#3963904,DATA5.BIN,3963904,菜单,うえもり,,untranslated,
DATA5.BIN#3963920,DATA5.BIN,3963920,菜单,うえむら,,untranslated,
DATA5.BIN#3963936,DATA5.BIN,3963936,菜单,うえまつ,,untranslated,
DATA5.BIN#3963952,DATA5.BIN,3963952,菜单,うえばやし,,untranslated,
DATA5.BIN#3963968,DATA5.BIN,3963968,菜单,うえはら,,untranslated,
DATA5.BIN#3963992,DATA5.BIN,3963992,菜单,うえにし,,untranslated,
DATA5.BIN#3964016,DATA5.BIN,3964016,菜单,うえたに,,untranslated,
DATA5.BIN#3964032,DATA5.BIN,3964032,菜单,うえすぎ,,untranslated,
DATA5.BIN#3964048,DATA5.BIN,3964048,菜单,うえさか,,untranslated,
DATA5.BIN#3964088,DATA5.BIN,3964088,菜单,いんどう,,untranslated,
DATA5.BIN#3964104,DATA5.BIN,3964104,菜单,いわわき,,untranslated,
DATA5.BIN#3964120,DATA5.BIN,3964120,菜单,いわもり,,untranslated,
DATA5.BIN#3964136,DATA5.BIN,3964136,菜单,いわもと,,untranslated,
DATA5.BIN#3964168,DATA5.BIN,3964168,菜单,いわぶち,,untranslated,
DATA5.BIN#3964184,DATA5.BIN,3964184,菜单,いわはし,,untranslated,
DATA5.BIN#3964208,DATA5.BIN,3964208,菜单,いわなみ,,untranslated,
DATA5.BIN#3964224,DATA5.BIN,3964224,菜单,いわなが,,untranslated,
DATA5.BIN#3964248,DATA5.BIN,3964248,菜单,いわたに,,untranslated,
DATA5.BIN#3964280,DATA5.BIN,3964280,菜单,いわしな,,untranslated,
DATA5.BIN#3964296,DATA5.BIN,3964296,菜单,いわさわ,,untranslated,
DATA5.BIN#3964312,DATA5.BIN,3964312,菜单,いわさき,,untranslated,
DATA5.BIN#3964336,DATA5.BIN,3964336,菜单,いわくら,,untranslated,
DATA5.BIN#3964368,DATA5.BIN,3964368,菜单,いりまじり,,untranslated,
DATA5.BIN#3964384,DATA5.BIN,3964384,菜单,いりたに,,untranslated,
DATA5.BIN#3964448,DATA5.BIN,3964448,菜单,いまむら,,untranslated,
DATA5.BIN#3964464,DATA5.BIN,3964464,菜单,いまみや,,untranslated,
DATA5.BIN#3964480,DATA5.BIN,3964480,菜单,いまにし,,untranslated,
DATA5.BIN#3964496,DATA5.BIN,3964496,菜单,いまじょう,,untranslated,
DATA5.BIN#3964512,DATA5.BIN,3964512,菜单,いまきた,,untranslated,
DATA5.BIN#3964528,DATA5.BIN,3964528,菜单,いまがわ,,untranslated,
DATA5.BIN#3964544,DATA5.BIN,3964544,菜单,いまおか,,untranslated,
DATA5.BIN#3964568,DATA5.BIN,3964568,菜单,いまえだ,,untranslated,
DATA5.BIN#3964584,DATA5.BIN,3964584,菜单,いまいずみ,,untranslated,
DATA5.BIN#3964608,DATA5.BIN,3964608,菜单,いぶすき,,untranslated,
DATA5.BIN#3964632,DATA5.BIN,3964632,菜单,いばらぎ,,untranslated,
DATA5.BIN#3964648,DATA5.BIN,3964648,菜单,いばらき,,untranslated,
DATA5.BIN#3964688,DATA5.BIN,3964688,菜单,いのまた,,untranslated,
DATA5.BIN#3964704,DATA5.BIN,3964704,菜单,いのくち,,untranslated,
DATA5.BIN#3964736,DATA5.BIN,3964736,菜单,いのうち,,untranslated,
DATA5.BIN#3964752,DATA5.BIN,3964752,菜单,いのうえ,,untranslated,
DATA5.BIN#3964776,DATA5.BIN,3964776,菜单,いぬぶし,,untranslated,
DATA5.BIN#3964792,DATA5.BIN,3964792,菜单,いぬづか,,untranslated,
DATA5.BIN#3964808,DATA5.BIN,3964808,菜单,いぬかい,,untranslated,
DATA5.BIN#3964832,DATA5.BIN,3964832,菜单,いなもと,,untranslated,
DATA5.BIN#3964848,DATA5.BIN,3964848,菜单,いなむら,,untranslated,
DATA5.BIN#3964872,DATA5.BIN,3964872,菜单,いなとみ,,untranslated,
DATA5.BIN#3964896,DATA5.BIN,3964896,菜单,いながわ,,untranslated,
DATA5.BIN#3964912,DATA5.BIN,3964912,菜单,いながき,,untranslated,
DATA5.BIN#3964928,DATA5.BIN,3964928,菜单,いなおか,,untranslated,
DATA5.BIN#3964976,DATA5.BIN,3964976,菜单,いとかず,,untranslated,
DATA5.BIN#3964992,DATA5.BIN,3964992,菜单,いとうず,,untranslated,
DATA5.BIN#3965024,DATA5.BIN,3965024,菜单,いでひら,,untranslated,
DATA5.BIN#3965064,DATA5.BIN,3965064,菜单,いっしき,,untranslated,
DATA5.BIN#3965088,DATA5.BIN,3965088,菜单,いちやなぎ,,untranslated,
DATA5.BIN#3965104,DATA5.BIN,3965104,菜单,いちもんじ,,untranslated,
DATA5.BIN#3965120,DATA5.BIN,3965120,菜单,いちむら,,untranslated,
DATA5.BIN#3965136,DATA5.BIN,3965136,菜单,いちはら,,untranslated,
DATA5.BIN#3965152,DATA5.BIN,3965152,菜单,いちのみや,,untranslated,
DATA5.BIN#3965168,DATA5.BIN,3965168,菜单,いちのへ,,untranslated,
DATA5.BIN#3965184,DATA5.BIN,3965184,菜单,いちのせ,,untranslated,
DATA5.BIN#3965208,DATA5.BIN,3965208,菜单,いちじょう,,untranslated,
DATA5.BIN#3965224,DATA5.BIN,3965224,菜单,いちかわ,,untranslated,
DATA5.BIN#3965240,DATA5.BIN,3965240,菜单,いちえん,,untranslated,
DATA5.BIN#3965288,DATA5.BIN,3965288,菜单,いたばし,,untranslated,
DATA5.BIN#3965304,DATA5.BIN,3965304,菜单,いたくら,,untranslated,
DATA5.BIN#3965320,DATA5.BIN,3965320,菜单,いたがき,,untranslated,
DATA5.BIN#3965344,DATA5.BIN,3965344,菜单,いそむら,,untranslated,
DATA5.BIN#3965384,DATA5.BIN,3965384,菜单,いそたに,,untranslated,
DATA5.BIN#3965400,DATA5.BIN,3965400,菜单,いそざき,,untranslated,
DATA5.BIN#3965416,DATA5.BIN,3965416,菜单,いそがわ,,untranslated,
DATA5.BIN#3965456,DATA5.BIN,3965456,菜单,いずみだ,,untranslated,
DATA5.BIN#3965480,DATA5.BIN,3965480,菜单,いじゅういん,,untranslated,
DATA5.BIN#3965496,DATA5.BIN,3965496,菜单,いしやま,,untranslated,
DATA5.BIN#3965512,DATA5.BIN,3965512,菜单,いしもり,,untranslated,
DATA5.BIN#3965528,DATA5.BIN,3965528,菜单,いしもと,,untranslated,
DATA5.BIN#3965544,DATA5.BIN,3965544,菜单,いしみね,,untranslated,
DATA5.BIN#3965560,DATA5.BIN,3965560,菜单,いしみつ,,untranslated,
DATA5.BIN#3965576,DATA5.BIN,3965576,菜单,いしまる,,untranslated,
DATA5.BIN#3965592,DATA5.BIN,3965592,菜单,いしばし,,untranslated,
DATA5.BIN#3965608,DATA5.BIN,3965608,菜单,いしはら,,untranslated,
DATA5.BIN#3965632,DATA5.BIN,3965632,菜单,いしどう,,untranslated,
DATA5.BIN#3965648,DATA5.BIN,3965648,菜单,いしとび,,untranslated,
DATA5.BIN#3965664,DATA5.BIN,3965664,菜单,いしづか,,untranslated,
DATA5.BIN#3965696,DATA5.BIN,3965696,菜单,いしじま,,untranslated,
DATA5.BIN#3965712,DATA5.BIN,3965712,菜单,いしざわ,,untranslated,
DATA5.BIN#3965728,DATA5.BIN,3965728,菜单,いしざき,,untranslated,
DATA5.BIN#3965744,DATA5.BIN,3965744,菜单,いしざか,,untranslated,
DATA5.BIN#3965768,DATA5.BIN,3965768,菜单,いしぐろ,,untranslated,
DATA5.BIN#3965784,DATA5.BIN,3965784,菜单,いしくら,,untranslated,
DATA5.BIN#3965800,DATA5.BIN,3965800,菜单,いしがき,,untranslated,
DATA5.BIN#3965816,DATA5.BIN,3965816,菜单,いしかわ,,untranslated,
DATA5.BIN#3965832,DATA5.BIN,3965832,菜单,いしおか,,untranslated,
DATA5.BIN#3965864,DATA5.BIN,3965864,菜单,いさやま,,untranslated,
DATA5.BIN#3965880,DATA5.BIN,3965880,菜单,いさはや,,untranslated,
DATA5.BIN#3965896,DATA5.BIN,3965896,菜单,いさがわ,,untranslated,
DATA5.BIN#3965928,DATA5.BIN,3965928,菜单,いけもと,,untranslated,
DATA5.BIN#3965944,DATA5.BIN,3965944,菜单,いけのぼう,,untranslated,
DATA5.BIN#3965968,DATA5.BIN,3965968,菜单,いけうち,,untranslated,
DATA5.BIN#3966024,DATA5.BIN,3966024,菜单,いがらし,,untranslated,
DATA5.BIN#3966088,DATA5.BIN,3966088,菜单,いいぼし,,untranslated,
DATA5.BIN#3966104,DATA5.BIN,3966104,菜单,いいぬま,,untranslated,
DATA5.BIN#3966120,DATA5.BIN,3966120,菜单,いいづか,,untranslated,
DATA5.BIN#3966136,DATA5.BIN,3966136,菜单,いいだか,,untranslated,
DATA5.BIN#3966160,DATA5.BIN,3966160,菜单,いいじま,,untranslated,
DATA5.BIN#3966184,DATA5.BIN,3966184,菜单,あんらく,,untranslated,
DATA5.BIN#3966208,DATA5.BIN,3966208,菜单,あんどう,,untranslated,
DATA5.BIN#3966224,DATA5.BIN,3966224,菜单,あんざい,,untranslated,
DATA5.BIN#3966264,DATA5.BIN,3966264,菜单,ありわら,,untranslated,
DATA5.BIN#3966280,DATA5.BIN,3966280,菜单,ありよし,,untranslated,
DATA5.BIN#3966296,DATA5.BIN,3966296,菜单,ありやま,,untranslated,
DATA5.BIN#3966312,DATA5.BIN,3966312,菜单,ありむら,,untranslated,
DATA5.BIN#3966328,DATA5.BIN,3966328,菜单,ありまつ,,untranslated,
DATA5.BIN#3966352,DATA5.BIN,3966352,菜单,ありづか,,untranslated,
DATA5.BIN#3966384,DATA5.BIN,3966384,菜单,ありさわ,,untranslated,
DATA5.BIN#3966400,DATA5.BIN,3966400,菜单,ありさか,,untranslated,
DATA5.BIN#3966432,DATA5.BIN,3966432,菜单,ありうら,,untranslated,
DATA5.BIN#3966456,DATA5.BIN,3966456,菜单,あらたけ,,untranslated,
DATA5.BIN#3966472,DATA5.BIN,3966472,菜单,あらきだ,,untranslated,
DATA5.BIN#3966496,DATA5.BIN,3966496,菜单,あらかわ,,untranslated,
DATA5.BIN#3966528,DATA5.BIN,3966528,菜单,あゆざわ,,untranslated,
DATA5.BIN#3966544,DATA5.BIN,3966544,菜单,あゆかい,,untranslated,
DATA5.BIN#3966576,DATA5.BIN,3966576,菜单,あめもり,,untranslated,
DATA5.BIN#3966592,DATA5.BIN,3966592,菜单,あめみや,,untranslated,
DATA5.BIN#3966608,DATA5.BIN,3966608,菜单,あまみや,,untranslated,
DATA5.BIN#3966640,DATA5.BIN,3966640,菜单,あまかす,,untranslated,
DATA5.BIN#3966680,DATA5.BIN,3966680,菜单,あなやま,,untranslated,
DATA5.BIN#3966712,DATA5.BIN,3966712,菜单,あとむら,,untranslated,
DATA5.BIN#3966784,DATA5.BIN,3966784,菜单,あずまや,,untranslated,
DATA5.BIN#3966864,DATA5.BIN,3966864,菜单,あしざわ,,untranslated,
DATA5.BIN#3966880,DATA5.BIN,3966880,菜单,あしざき,,untranslated,
DATA5.BIN#3966896,DATA5.BIN,3966896,菜单,あしかが,,untranslated,
DATA5.BIN#3966920,DATA5.BIN,3966920,菜单,あさやま,,untranslated,
DATA5.BIN#3966936,DATA5.BIN,3966936,菜单,あさひな,,untranslated,
DATA5.BIN#3966976,DATA5.BIN,3966976,菜单,あさぬま,,untranslated,
DATA5.BIN#3967008,DATA5.BIN,3967008,菜单,あさくら,,untranslated,
DATA5.BIN#3967024,DATA5.BIN,3967024,菜单,あさかわ,,untranslated,
DATA5.BIN#3967064,DATA5.BIN,3967064,菜单,あけはた,,untranslated,
DATA5.BIN#3967104,DATA5.BIN,3967104,菜单,あきやま,,untranslated,
DATA5.BIN#3967120,DATA5.BIN,3967120,菜单,あきもと,,untranslated,
DATA5.BIN#3967168,DATA5.BIN,3967168,菜单,あきずき,,untranslated,
DATA5.BIN#3967200,DATA5.BIN,3967200,菜单,あかみね,,untranslated,
DATA5.BIN#3967216,DATA5.BIN,3967216,菜单,あかまつ,,untranslated,
DATA5.BIN#3967232,DATA5.BIN,3967232,菜单,あかばね,,untranslated,
DATA5.BIN#3967248,DATA5.BIN,3967248,菜单,あかつか,,untranslated,
DATA5.BIN#3967272,DATA5.BIN,3967272,菜单,あかざわ,,untranslated,
DATA5.BIN#3967288,DATA5.BIN,3967288,菜单,あかさか,,untranslated,
DATA5.BIN#3967312,DATA5.BIN,3967312,菜单,あかがわ,,untranslated,
DATA5.BIN#3967336,DATA5.BIN,3967336,菜单,あおやま,,untranslated,
DATA5.BIN#3967352,DATA5.BIN,3967352,菜单,あおやぎ,,untranslated,
DATA5.BIN#3967376,DATA5.BIN,3967376,菜单,あおしま,,untranslated,
DATA5.BIN#3967408,DATA5.BIN,3967408,菜单,あいはら,,untranslated,
DATA5.BIN#3967440,DATA5.BIN,3967440,菜单,あいざわ,,untranslated,
DATA5.BIN#3967456,DATA5.BIN,3967456,菜单,あいかわ,,untranslated,
DATA5.BIN#4039352,DATA5.BIN,4039352,菜单,ぼうせい,,untranslated,
DATA5.BIN#4039368,DATA5.BIN,4039368,菜单,ぼうしゅう,,untranslated,
DATA5.BIN#4039384,DATA5.BIN,4039384,菜单,べんきち,,untranslated,
DATA5.BIN#4039456,DATA5.BIN,4039456,菜单,だいゆう,,untranslated,
DATA5.BIN#4039480,DATA5.BIN,4039480,菜单,だいすけ,,untranslated,
DATA5.BIN#4039496,DATA5.BIN,4039496,菜单,だいじろう,,untranslated,
DATA5.BIN#4039552,DATA5.BIN,4039552,菜单,ぜんこう,,untranslated,
DATA5.BIN#4039568,DATA5.BIN,4039568,菜单,ぜんいち,,untranslated,
DATA5.BIN#4039584,DATA5.BIN,4039584,菜单,ずいしょう,,untranslated,
DATA5.BIN#4039600,DATA5.BIN,4039600,菜单,ずいこう,,untranslated,
DATA5.BIN#4039624,DATA5.BIN,4039624,菜单,じんいち,,untranslated,
DATA5.BIN#4039648,DATA5.BIN,4039648,菜单,じょうたろう,,untranslated,
DATA5.BIN#4039664,DATA5.BIN,4039664,菜单,じょうじ,,untranslated,
DATA5.BIN#4039680,DATA5.BIN,4039680,菜单,じょうし,,untranslated,
DATA5.BIN#4039696,DATA5.BIN,4039696,菜单,じゅんや,,untranslated,
DATA5.BIN#4039712,DATA5.BIN,4039712,菜单,じゅんぺい,,untranslated,
DATA5.BIN#4039728,DATA5.BIN,4039728,菜单,じゅんのすけ,,untranslated,
DATA5.BIN#4039744,DATA5.BIN,4039744,菜单,じゅんぞう,,untranslated,
DATA5.BIN#4039760,DATA5.BIN,4039760,菜单,じゅんせい,,untranslated,
DATA5.BIN#4039776,DATA5.BIN,4039776,菜单,じゅんすけ,,untranslated,
DATA5.BIN#4039792,DATA5.BIN,4039792,菜单,じゅんじ,,untranslated,
DATA5.BIN#4039808,DATA5.BIN,4039808,菜单,じゅんし,,untranslated,
DATA5.BIN#4039824,DATA5.BIN,4039824,菜单,じゅんきち,,untranslated,
DATA5.BIN#4039840,DATA5.BIN,4039840,菜单,じゅんいちろう,,untranslated,
DATA5.BIN#4039856,DATA5.BIN,4039856,菜单,じゅんいち,,untranslated,
DATA5.BIN#4039880,DATA5.BIN,4039880,菜单,じゅすけ,,untranslated,
DATA5.BIN#4039896,DATA5.BIN,4039896,菜单,じゅうろう,,untranslated,
DATA5.BIN#4039912,DATA5.BIN,4039912,菜单,じゅうぞう,,untranslated,
DATA5.BIN#4039968,DATA5.BIN,4039968,菜单,ごういち,,untranslated,
DATA5.BIN#4040008,DATA5.BIN,4040008,菜单,げんたろう,,untranslated,
DATA5.BIN#4040032,DATA5.BIN,4040032,菜单,げんぞう,,untranslated,
DATA5.BIN#4040048,DATA5.BIN,4040048,菜单,げんじろう,,untranslated,
DATA5.BIN#4040080,DATA5.BIN,4040080,菜单,げんえい,,untranslated,
DATA5.BIN#4040096,DATA5.BIN,4040096,菜单,げんいちろう,,untranslated,
DATA5.BIN#4040112,DATA5.BIN,4040112,菜单,げんいち,,untranslated,
DATA5.BIN#4040144,DATA5.BIN,4040144,菜单,ぎんのすけ,,untranslated,
DATA5.BIN#4040160,DATA5.BIN,4040160,菜单,ぎんさく,,untranslated,
DATA5.BIN#4040184,DATA5.BIN,4040184,菜单,ぎいちろう,,untranslated,
DATA5.BIN#4040248,DATA5.BIN,4040248,菜单,ろくろう,,untranslated,
DATA5.BIN#4040264,DATA5.BIN,4040264,菜单,ろくたろう,,untranslated,
DATA5.BIN#4040280,DATA5.BIN,4040280,菜单,ろくすけ,,untranslated,
DATA5.BIN#4040296,DATA5.BIN,4040296,菜单,れんぺい,,untranslated,
DATA5.BIN#4040312,DATA5.BIN,4040312,菜单,れんたろう,,untranslated,
DATA5.BIN#4040328,DATA5.BIN,4040328,菜单,れんぞう,,untranslated,
DATA5.BIN#4040352,DATA5.BIN,4040352,菜单,れいぞう,,untranslated,
DATA5.BIN#4040368,DATA5.BIN,4040368,菜单,れいすけ,,untranslated,
DATA5.BIN#4040384,DATA5.BIN,4040384,菜单,れいじろう,,untranslated,
DATA5.BIN#4040408,DATA5.BIN,4040408,菜单,れいげん,,untranslated,
DATA5.BIN#4040424,DATA5.BIN,4040424,菜单,れいきち,,untranslated,
DATA5.BIN#4040440,DATA5.BIN,4040440,菜单,れいいち,,untranslated,
DATA5.BIN#4040456,DATA5.BIN,4040456,菜单,りんぺい,,untranslated,
DATA5.BIN#4040472,DATA5.BIN,4040472,菜单,りんのすけ,,untranslated,
DATA5.BIN#4040488,DATA5.BIN,4040488,菜单,りんたろう,,untranslated,
DATA5.BIN#4040504,DATA5.BIN,4040504,菜单,りんぞう,,untranslated,
DATA5.BIN#4040528,DATA5.BIN,4040528,菜单,りょうへい,,untranslated,
DATA5.BIN#4040544,DATA5.BIN,4040544,菜单,りょうたろう,,untranslated,
DATA5.BIN#4040560,DATA5.BIN,4040560,菜单,りょうた,,untranslated,
DATA5.BIN#4040576,DATA5.BIN,4040576,菜单,りょうぞう,,untranslated,
DATA5.BIN#4040592,DATA5.BIN,4040592,菜单,りょうすけ,,untranslated,
DATA5.BIN#4040608,DATA5.BIN,4040608,菜单,りょうじ,,untranslated,
DATA5.BIN#4040624,DATA5.BIN,4040624,菜单,りょうざん,,untranslated,
DATA5.BIN#4040640,DATA5.BIN,4040640,菜单,りょうさく,,untranslated,
DATA5.BIN#4040656,DATA5.BIN,4040656,菜单,りょうきち,,untranslated,
DATA5.BIN#4040672,DATA5.BIN,4040672,菜单,りょうが,,untranslated,
DATA5.BIN#4040688,DATA5.BIN,4040688,菜单,りょうえい,,untranslated,
DATA5.BIN#4040704,DATA5.BIN,4040704,菜单,りょういち,,untranslated,
DATA5.BIN#4040728,DATA5.BIN,4040728,菜单,りゅうや,,untranslated,
DATA5.BIN#4040744,DATA5.BIN,4040744,菜单,りゅうのすけ,,untranslated,
DATA5.BIN#4040760,DATA5.BIN,4040760,菜单,りゅうたろう,,untranslated,
DATA5.BIN#4040776,DATA5.BIN,4040776,菜单,りゅうた,,untranslated,
DATA5.BIN#4040792,DATA5.BIN,4040792,菜单,りゅうぞう,,untranslated,
DATA5.BIN#4040808,DATA5.BIN,4040808,菜单,りゅうせい,,untranslated,
DATA5.BIN#4040824,DATA5.BIN,4040824,菜单,りゅうすけ,,untranslated,
DATA5.BIN#4040840,DATA5.BIN,4040840,菜单,りゅうじろう,,untranslated,
DATA5.BIN#4040856,DATA5.BIN,4040856,菜单,りゅうじ,,untranslated,
DATA5.BIN#4040872,DATA5.BIN,4040872,菜单,りゅういち,,untranslated,
DATA5.BIN#4040920,DATA5.BIN,4040920,菜单,りきいち,,untranslated,
DATA5.BIN#4040936,DATA5.BIN,4040936,菜单,りいちろう,,untranslated,
DATA5.BIN#4040968,DATA5.BIN,4040968,菜单,よりまさ,,untranslated,
DATA5.BIN#4040984,DATA5.BIN,4040984,菜单,よりのぶ,,untranslated,
DATA5.BIN#4041000,DATA5.BIN,4041000,菜单,よりあき,,untranslated,
DATA5.BIN#4041016,DATA5.BIN,4041016,菜单,よねぞう,,untranslated,
DATA5.BIN#4041040,DATA5.BIN,4041040,菜单,よしろう,,untranslated,
DATA5.BIN#4041056,DATA5.BIN,4041056,菜单,よしゆき,,untranslated,
DATA5.BIN#4041072,DATA5.BIN,4041072,菜单,よしやす,,untranslated,
DATA5.BIN#4041088,DATA5.BIN,4041088,菜单,よしみつ,,untranslated,
DATA5.BIN#4041104,DATA5.BIN,4041104,菜单,よしみち,,untranslated,
DATA5.BIN#4041128,DATA5.BIN,4041128,菜单,よしまさ,,untranslated,
DATA5.BIN#4041144,DATA5.BIN,4041144,菜单,よしふみ,,untranslated,
DATA5.BIN#4041160,DATA5.BIN,4041160,菜单,よしひろ,,untranslated,
DATA5.BIN#4041176,DATA5.BIN,4041176,菜单,よしひと,,untranslated,
DATA5.BIN#4041192,DATA5.BIN,4041192,菜单,よしひで,,untranslated,
DATA5.BIN#4041208,DATA5.BIN,4041208,菜单,よしひさ,,untranslated,
DATA5.BIN#4041224,DATA5.BIN,4041224,菜单,よしひこ,,untranslated,
DATA5.BIN#4041240,DATA5.BIN,4041240,菜单,よしはる,,untranslated,
DATA5.BIN#4041256,DATA5.BIN,4041256,菜单,よしのり,,untranslated,
DATA5.BIN#4041272,DATA5.BIN,4041272,菜单,よしのぶ,,untranslated,
DATA5.BIN#4041288,DATA5.BIN,4041288,菜单,よしなが,,untranslated,
DATA5.BIN#4041304,DATA5.BIN,4041304,菜单,よしなお,,untranslated,
DATA5.BIN#4041320,DATA5.BIN,4041320,菜单,よしとも,,untranslated,
DATA5.BIN#4041344,DATA5.BIN,4041344,菜单,よしづみ,,untranslated,
DATA5.BIN#4041360,DATA5.BIN,4041360,菜单,よしつね,,untranslated,
DATA5.BIN#4041376,DATA5.BIN,4041376,菜单,よしつぐ,,untranslated,
DATA5.BIN#4041392,DATA5.BIN,4041392,菜单,よしたろう,,untranslated,
DATA5.BIN#4041408,DATA5.BIN,4041408,菜单,よしただ,,untranslated,
DATA5.BIN#4041424,DATA5.BIN,4041424,菜单,よしたけ,,untranslated,
DATA5.BIN#4041440,DATA5.BIN,4041440,菜单,よしたか,,untranslated,
DATA5.BIN#4041456,DATA5.BIN,4041456,菜单,よしぞう,,untranslated,
DATA5.BIN#4041472,DATA5.BIN,4041472,菜单,よしずみ,,untranslated,
DATA5.BIN#4041488,DATA5.BIN,4041488,菜单,よしすけ,,untranslated,
DATA5.BIN#4041504,DATA5.BIN,4041504,菜单,よしじろう,,untranslated,
DATA5.BIN#4041528,DATA5.BIN,4041528,菜单,よししげ,,untranslated,
DATA5.BIN#4041544,DATA5.BIN,4041544,菜单,よしさと,,untranslated,
DATA5.BIN#4041560,DATA5.BIN,4041560,菜单,よしさだ,,untranslated,
DATA5.BIN#4041576,DATA5.BIN,4041576,菜单,よしくに,,untranslated,
DATA5.BIN#4041592,DATA5.BIN,4041592,菜单,よしきよ,,untranslated,
DATA5.BIN#4041616,DATA5.BIN,4041616,菜单,よしかね,,untranslated,
DATA5.BIN#4041632,DATA5.BIN,4041632,菜单,よしかつ,,untranslated,
DATA5.BIN#4041648,DATA5.BIN,4041648,菜单,よしかた,,untranslated,
DATA5.BIN#4041664,DATA5.BIN,4041664,菜单,よしかず,,untranslated,
DATA5.BIN#4041680,DATA5.BIN,4041680,菜单,よしおみ,,untranslated,
DATA5.BIN#4041704,DATA5.BIN,4041704,菜单,よしいち,,untranslated,
DATA5.BIN#4041720,DATA5.BIN,4041720,菜单,よしあき,,untranslated,
DATA5.BIN#4041736,DATA5.BIN,4041736,菜单,ようへい,,untranslated,
DATA5.BIN#4041752,DATA5.BIN,4041752,菜单,ようぶん,,untranslated,
DATA5.BIN#4041768,DATA5.BIN,4041768,菜单,ようのすけ,,untranslated,
DATA5.BIN#4041784,DATA5.BIN,4041784,菜单,ようたろう,,untranslated,
DATA5.BIN#4041800,DATA5.BIN,4041800,菜单,ようぞう,,untranslated,
DATA5.BIN#4041816,DATA5.BIN,4041816,菜单,ようすけ,,untranslated,
DATA5.BIN#4041832,DATA5.BIN,4041832,菜单,ようすい,,untranslated,
DATA5.BIN#4041856,DATA5.BIN,4041856,菜单,ようしち,,untranslated,
DATA5.BIN#4041872,DATA5.BIN,4041872,菜单,ようきち,,untranslated,
DATA5.BIN#4041888,DATA5.BIN,4041888,菜单,よういちろう,,untranslated,
DATA5.BIN#4041904,DATA5.BIN,4041904,菜单,よういち,,untranslated,
DATA5.BIN#4041928,DATA5.BIN,4041928,菜单,ゆきよし,,untranslated,
DATA5.BIN#4041944,DATA5.BIN,4041944,菜单,ゆきみつ,,untranslated,
DATA5.BIN#4041960,DATA5.BIN,4041960,菜单,ゆきまさ,,untranslated,
DATA5.BIN#4041976,DATA5.BIN,4041976,菜单,ゆきひろ,,untranslated,
DATA5.BIN#4041992,DATA5.BIN,4041992,菜单,ゆきひと,,untranslated,
DATA5.BIN#4042008,DATA5.BIN,4042008,菜单,ゆきひで,,untranslated,
DATA5.BIN#4042024,DATA5.BIN,4042024,菜单,ゆきひさ,,untranslated,
DATA5.BIN#4042040,DATA5.BIN,4042040,菜单,ゆきひこ,,untranslated,
DATA5.BIN#4042056,DATA5.BIN,4042056,菜单,ゆきのり,,untranslated,
DATA5.BIN#4042072,DATA5.BIN,4042072,菜单,ゆきとも,,untranslated,
DATA5.BIN#4042088,DATA5.BIN,4042088,菜单,ゆきとし,,untranslated,
DATA5.BIN#4042104,DATA5.BIN,4042104,菜单,ゆきただ,,untranslated,
DATA5.BIN#4042120,DATA5.BIN,4042120,菜单,ゆきたか,,untranslated,
DATA5.BIN#4042136,DATA5.BIN,4042136,菜单,ゆきしげ,,untranslated,
DATA5.BIN#4042160,DATA5.BIN,4042160,菜单,ゆきあき,,untranslated,
DATA5.BIN#4042192,DATA5.BIN,4042192,菜单,ゆうへい,,untranslated,
DATA5.BIN#4042208,DATA5.BIN,4042208,菜单,ゆうのすけ,,untranslated,
DATA5.BIN#4042224,DATA5.BIN,4042224,菜单,ゆうだい,,untranslated,
DATA5.BIN#4042240,DATA5.BIN,4042240,菜单,ゆうたろう,,untranslated,
DATA5.BIN#4042256,DATA5.BIN,4042256,菜单,ゆうぞう,,untranslated,
DATA5.BIN#4042272,DATA5.BIN,4042272,菜单,ゆうせい,,untranslated,
DATA5.BIN#4042288,DATA5.BIN,4042288,菜单,ゆうすけ,,untranslated,
DATA5.BIN#4042304,DATA5.BIN,4042304,菜单,ゆうじろう,,untranslated,
DATA5.BIN#4042328,DATA5.BIN,4042328,菜单,ゆうしん,,untranslated,
DATA5.BIN#4042344,DATA5.BIN,4042344,菜单,ゆうさく,,untranslated,
DATA5.BIN#4042368,DATA5.BIN,4042368,菜单,ゆうこう,,untranslated,
DATA5.BIN#4042384,DATA5.BIN,4042384,菜单,ゆうきち,,untranslated,
DATA5.BIN#4042408,DATA5.BIN,4042408,菜单,ゆういちろう,,untranslated,
DATA5.BIN#4042424,DATA5.BIN,4042424,菜单,ゆういち,,untranslated,
DATA5.BIN#4042448,DATA5.BIN,4042448,菜单,やのすけ,,untranslated,
DATA5.BIN#4042464,DATA5.BIN,4042464,菜单,やすよし,,untranslated,
DATA5.BIN#4042480,DATA5.BIN,4042480,菜单,やすゆき,,untranslated,
DATA5.BIN#4042496,DATA5.BIN,4042496,菜单,やすみつ,,untranslated,
DATA5.BIN#4042512,DATA5.BIN,4042512,菜单,やすまさ,,untranslated,
DATA5.BIN#4042528,DATA5.BIN,4042528,菜单,やすふみ,,untranslated,
DATA5.BIN#4042544,DATA5.BIN,4042544,菜单,やすひろ,,untranslated,
DATA5.BIN#4042560,DATA5.BIN,4042560,菜单,やすひと,,untranslated,
DATA5.BIN#4042576,DATA5.BIN,4042576,菜单,やすひで,,untranslated,
DATA5.BIN#4042592,DATA5.BIN,4042592,菜单,やすひさ,,untranslated,
DATA5.BIN#4042608,DATA5.BIN,4042608,菜单,やすひこ,,untranslated,
DATA5.BIN#4042624,DATA5.BIN,4042624,菜单,やすはる,,untranslated,
DATA5.BIN#4042640,DATA5.BIN,4042640,菜单,やすのり,,untranslated,
DATA5.BIN#4042656,DATA5.BIN,4042656,菜单,やすのぶ,,untranslated,
DATA5.BIN#4042672,DATA5.BIN,4042672,菜单,やすなり,,untranslated,
DATA5.BIN#4042688,DATA5.BIN,4042688,菜单,やすなが,,untranslated,
DATA5.BIN#4042704,DATA5.BIN,4042704,菜单,やすとも,,untranslated,
DATA5.BIN#4042720,DATA5.BIN,4042720,菜单,やすとし,,untranslated,
DATA5.BIN#4042744,DATA5.BIN,4042744,菜单,やすただ,,untranslated,
DATA5.BIN#4042760,DATA5.BIN,4042760,菜单,やすたけ,,untranslated,
DATA5.BIN#4042776,DATA5.BIN,4042776,菜单,やすたか,,untranslated,
DATA5.BIN#4042792,DATA5.BIN,4042792,菜单,やすぞう,,untranslated,
DATA5.BIN#4042816,DATA5.BIN,4042816,菜单,やすしげ,,untranslated,
DATA5.BIN#4042848,DATA5.BIN,4042848,菜单,やすくに,,untranslated,
DATA5.BIN#4042864,DATA5.BIN,4042864,菜单,やすかつ,,untranslated,
DATA5.BIN#4042880,DATA5.BIN,4042880,菜单,やすかず,,untranslated,
DATA5.BIN#4042896,DATA5.BIN,4042896,菜单,やすおみ,,untranslated,
DATA5.BIN#4042920,DATA5.BIN,4042920,菜单,やすいち,,untranslated,
DATA5.BIN#4042936,DATA5.BIN,4042936,菜单,やすあき,,untranslated,
DATA5.BIN#4042952,DATA5.BIN,4042952,菜单,もりよし,,untranslated,
DATA5.BIN#4042968,DATA5.BIN,4042968,菜单,もりゆき,,untranslated,
DATA5.BIN#4042984,DATA5.BIN,4042984,菜单,もりみち,,untranslated,
DATA5.BIN#4043000,DATA5.BIN,4043000,菜单,もりひろ,,untranslated,
DATA5.BIN#4043016,DATA5.BIN,4043016,菜单,もりとし,,untranslated,
DATA5.BIN#4043032,DATA5.BIN,4043032,菜单,もりただ,,untranslated,
DATA5.BIN#4043048,DATA5.BIN,4043048,菜单,もりたか,,untranslated,
DATA5.BIN#4043064,DATA5.BIN,4043064,菜单,もりさと,,untranslated,
DATA5.BIN#4043080,DATA5.BIN,4043080,菜单,もりくに,,untranslated,
DATA5.BIN#4043104,DATA5.BIN,4043104,菜单,もりあき,,untranslated,
DATA5.BIN#4043120,DATA5.BIN,4043120,菜单,もとよし,,untranslated,
DATA5.BIN#4043136,DATA5.BIN,4043136,菜单,もとゆき,,untranslated,
DATA5.BIN#4043152,DATA5.BIN,4043152,菜单,もとやす,,untranslated,
DATA5.BIN#4043176,DATA5.BIN,4043176,菜单,もとふみ,,untranslated,
DATA5.BIN#4043192,DATA5.BIN,4043192,菜单,もとひろ,,untranslated,
DATA5.BIN#4043208,DATA5.BIN,4043208,菜单,もとひと,,untranslated,
DATA5.BIN#4043224,DATA5.BIN,4043224,菜单,もとひで,,untranslated,
DATA5.BIN#4043240,DATA5.BIN,4043240,菜单,もとひこ,,untranslated,
DATA5.BIN#4043256,DATA5.BIN,4043256,菜单,もとはる,,untranslated,
DATA5.BIN#4043272,DATA5.BIN,4043272,菜单,もとのり,,untranslated,
DATA5.BIN#4043288,DATA5.BIN,4043288,菜单,もとつぐ,,untranslated,
DATA5.BIN#4043304,DATA5.BIN,4043304,菜单,もとたか,,untranslated,
DATA5.BIN#4043320,DATA5.BIN,4043320,菜单,もとすけ,,untranslated,
DATA5.BIN#4043336,DATA5.BIN,4043336,菜单,もとしげ,,untranslated,
DATA5.BIN#4043376,DATA5.BIN,4043376,菜单,もとあき,,untranslated,
DATA5.BIN#4043392,DATA5.BIN,4043392,菜单,めいせい,,untranslated,
DATA5.BIN#4043424,DATA5.BIN,4043424,菜单,むねよし,,untranslated,
DATA5.BIN#4043440,DATA5.BIN,4043440,菜单,むねゆき,,untranslated,
DATA5.BIN#4043456,DATA5.BIN,4043456,菜单,むねやす,,untranslated,
DATA5.BIN#4043472,DATA5.BIN,4043472,菜单,むねまさ,,untranslated,
DATA5.BIN#4043488,DATA5.BIN,4043488,菜单,むねふみ,,untranslated,
DATA5.BIN#4043504,DATA5.BIN,4043504,菜单,むねひろ,,untranslated,
DATA5.BIN#4043520,DATA5.BIN,4043520,菜单,むねひさ,,untranslated,
DATA5.BIN#4043536,DATA5.BIN,4043536,菜单,むねはる,,untranslated,
DATA5.BIN#4043552,DATA5.BIN,4043552,菜单,むねのり,,untranslated,
DATA5.BIN#4043568,DATA5.BIN,4043568,菜单,むねとし,,untranslated,
DATA5.BIN#4043584,DATA5.BIN,4043584,菜单,むねちか,,untranslated,
DATA5.BIN#4043600,DATA5.BIN,4043600,菜单,むねただ,,untranslated,
DATA5.BIN#4043616,DATA5.BIN,4043616,菜单,むねたか,,untranslated,
DATA5.BIN#4043632,DATA5.BIN,4043632,菜单,むねかず,,untranslated,
DATA5.BIN#4043656,DATA5.BIN,4043656,菜单,むねあき,,untranslated,
DATA5.BIN#4043680,DATA5.BIN,4043680,菜单,むつひろ,,untranslated,
DATA5.BIN#4043712,DATA5.BIN,4043712,菜单,むつあき,,untranslated,
DATA5.BIN#4043744,DATA5.BIN,4043744,菜单,みねゆき,,untranslated,
DATA5.BIN#4043776,DATA5.BIN,4043776,菜单,みつよし,,untranslated,
DATA5.BIN#4043792,DATA5.BIN,4043792,菜单,みつゆき,,untranslated,
DATA5.BIN#4043808,DATA5.BIN,4043808,菜单,みつやす,,untranslated,
DATA5.BIN#4043824,DATA5.BIN,4043824,菜单,みつまさ,,untranslated,
DATA5.BIN#4043840,DATA5.BIN,4043840,菜单,みつふみ,,untranslated,
DATA5.BIN#4043856,DATA5.BIN,4043856,菜单,みつひろ,,untranslated,
DATA5.BIN#4043872,DATA5.BIN,4043872,菜单,みつひと,,untranslated,
DATA5.BIN#4043888,DATA5.BIN,4043888,菜单,みつひで,,untranslated,
DATA5.BIN#4043904,DATA5.BIN,4043904,菜单,みつひさ,,untranslated,
DATA5.BIN#4043920,DATA5.BIN,4043920,菜单,みつひこ,,untranslated,
DATA5.BIN#4043936,DATA5.BIN,4043936,菜单,みつはる,,untranslated,
DATA5.BIN#4043952,DATA5.BIN,4043952,菜单,みつのり,,untranslated,
DATA5.BIN#4043968,DATA5.BIN,4043968,菜单,みつのぶ,,untranslated,
DATA5.BIN#4043984,DATA5.BIN,4043984,菜单,みつなり,,untranslated,
DATA5.BIN#4044000,DATA5.BIN,4044000,菜单,みつとも,,untranslated,
DATA5.BIN#4044016,DATA5.BIN,4044016,菜单,みつとし,,untranslated,
DATA5.BIN#4044032,DATA5.BIN,4044032,菜单,みつてる,,untranslated,
DATA5.BIN#4044048,DATA5.BIN,4044048,菜单,みつたか,,untranslated,
DATA5.BIN#4044064,DATA5.BIN,4044064,菜单,みつしげ,,untranslated,
DATA5.BIN#4044088,DATA5.BIN,4044088,菜单,みつさと,,untranslated,
DATA5.BIN#4044120,DATA5.BIN,4044120,菜单,みつあき,,untranslated,
DATA5.BIN#4044136,DATA5.BIN,4044136,菜单,みちろう,,untranslated,
DATA5.BIN#4044152,DATA5.BIN,4044152,菜单,みちよし,,untranslated,
DATA5.BIN#4044168,DATA5.BIN,4044168,菜单,みちやす,,untranslated,
DATA5.BIN#4044192,DATA5.BIN,4044192,菜单,みちまさ,,untranslated,
DATA5.BIN#4044208,DATA5.BIN,4044208,菜单,みちひろ,,untranslated,
DATA5.BIN#4044224,DATA5.BIN,4044224,菜单,みちひと,,untranslated,
DATA5.BIN#4044240,DATA5.BIN,4044240,菜单,みちひこ,,untranslated,
DATA5.BIN#4044256,DATA5.BIN,4044256,菜单,みちはる,,untranslated,
DATA5.BIN#4044272,DATA5.BIN,4044272,菜单,みちのり,,untranslated,
DATA5.BIN#4044288,DATA5.BIN,4044288,菜单,みちのぶ,,untranslated,
DATA5.BIN#4044304,DATA5.BIN,4044304,菜单,みちなお,,untranslated,
DATA5.BIN#4044320,DATA5.BIN,4044320,菜单,みちとも,,untranslated,
DATA5.BIN#4044336,DATA5.BIN,4044336,菜单,みちとし,,untranslated,
DATA5.BIN#4044352,DATA5.BIN,4044352,菜单,みちたろう,,untranslated,
DATA5.BIN#4044376,DATA5.BIN,4044376,菜单,みちすけ,,untranslated,
DATA5.BIN#4044400,DATA5.BIN,4044400,菜单,みちあき,,untranslated,
DATA5.BIN#4044432,DATA5.BIN,4044432,菜单,みきひさ,,untranslated,
DATA5.BIN#4044448,DATA5.BIN,4044448,菜单,みきひこ,,untranslated,
DATA5.BIN#4044464,DATA5.BIN,4044464,菜单,みきのり,,untranslated,
DATA5.BIN#4044480,DATA5.BIN,4044480,菜单,みきなり,,untranslated,
DATA5.BIN#4044512,DATA5.BIN,4044512,菜单,まんぺい,,untranslated,
DATA5.BIN#4044552,DATA5.BIN,4044552,菜单,まつひさ,,untranslated,
DATA5.BIN#4044576,DATA5.BIN,4044576,菜单,ますぞう,,untranslated,
DATA5.BIN#4044616,DATA5.BIN,4044616,菜单,まさより,,untranslated,
DATA5.BIN#4044632,DATA5.BIN,4044632,菜单,まさよし,,untranslated,
DATA5.BIN#4044648,DATA5.BIN,4044648,菜单,まさゆき,,untranslated,
DATA5.BIN#4044664,DATA5.BIN,4044664,菜单,まさやす,,untranslated,
DATA5.BIN#4044688,DATA5.BIN,4044688,菜单,まさみつ,,untranslated,
DATA5.BIN#4044704,DATA5.BIN,4044704,菜单,まさみち,,untranslated,
DATA5.BIN#4044720,DATA5.BIN,4044720,菜单,まさふみ,,untranslated,
DATA5.BIN#4044736,DATA5.BIN,4044736,菜单,まさひろ,,untranslated,
DATA5.BIN#4044752,DATA5.BIN,4044752,菜单,まさひと,,untranslated,
DATA5.BIN#4044768,DATA5.BIN,4044768,菜单,まさひで,,untranslated,
DATA5.BIN#4044784,DATA5.BIN,4044784,菜单,まさひさ,,untranslated,
DATA5.BIN#4044800,DATA5.BIN,4044800,菜单,まさひこ,,untranslated,
DATA5.BIN#4044816,DATA5.BIN,4044816,菜单,まさはる,,untranslated,
DATA5.BIN#4044832,DATA5.BIN,4044832,菜单,まさのり,,untranslated,
DATA5.BIN#4044848,DATA5.BIN,4044848,菜单,まさのぶ,,untranslated,
DATA5.BIN#4044864,DATA5.BIN,4044864,菜单,まさなり,,untranslated,
DATA5.BIN#4044880,DATA5.BIN,4044880,菜单,まさなお,,untranslated,
DATA5.BIN#4044896,DATA5.BIN,4044896,菜单,まさとよ,,untranslated,
DATA5.BIN#4044912,DATA5.BIN,4044912,菜单,まさとも,,untranslated,
DATA5.BIN#4044928,DATA5.BIN,4044928,菜单,まさとし,,untranslated,
DATA5.BIN#4044952,DATA5.BIN,4044952,菜单,まさつね,,untranslated,
DATA5.BIN#4044968,DATA5.BIN,4044968,菜单,まさちか,,untranslated,
DATA5.BIN#4044984,DATA5.BIN,4044984,菜单,まさただ,,untranslated,
DATA5.BIN#4045000,DATA5.BIN,4045000,菜单,まさたか,,untranslated,
DATA5.BIN#4045016,DATA5.BIN,4045016,菜单,まさすけ,,untranslated,
DATA5.BIN#4045040,DATA5.BIN,4045040,菜单,まさしげ,,untranslated,
DATA5.BIN#4045080,DATA5.BIN,4045080,菜单,まさきよ,,untranslated,
DATA5.BIN#4045104,DATA5.BIN,4045104,菜单,まさかつ,,untranslated,
DATA5.BIN#4045120,DATA5.BIN,4045120,菜单,まさかず,,untranslated,
DATA5.BIN#4045136,DATA5.BIN,4045136,菜单,まさおみ,,untranslated,
DATA5.BIN#4045160,DATA5.BIN,4045160,菜单,まさいち,,untranslated,
DATA5.BIN#4045176,DATA5.BIN,4045176,菜单,まさあき,,untranslated,
DATA5.BIN#4045200,DATA5.BIN,4045200,菜单,まきたろう,,untranslated,
DATA5.BIN#4045224,DATA5.BIN,4045224,菜单,ほうとく,,untranslated,
DATA5.BIN#4045240,DATA5.BIN,4045240,菜单,ほうだい,,untranslated,
DATA5.BIN#4045256,DATA5.BIN,4045256,菜单,ほうせい,,untranslated,
DATA5.BIN#4045280,DATA5.BIN,4045280,菜单,ほうこう,,untranslated,
DATA5.BIN#4045304,DATA5.BIN,4045304,菜单,ほういち,,untranslated,
DATA5.BIN#4045320,DATA5.BIN,4045320,菜单,へいのすけ,,untranslated,
DATA5.BIN#4045344,DATA5.BIN,4045344,菜单,へいすけ,,untranslated,
DATA5.BIN#4045360,DATA5.BIN,4045360,菜单,へいじろう,,untranslated,
DATA5.BIN#4045384,DATA5.BIN,4045384,菜单,へいしろう,,untranslated,
DATA5.BIN#4045408,DATA5.BIN,4045408,菜单,へいさく,,untranslated,
DATA5.BIN#4045432,DATA5.BIN,4045432,菜单,へいきち,,untranslated,
DATA5.BIN#4045448,DATA5.BIN,4045448,菜单,へいいち,,untranslated,
DATA5.BIN#4045464,DATA5.BIN,4045464,菜单,ふゆひこ,,untranslated,
DATA5.BIN#4045480,DATA5.BIN,4045480,菜单,ふみよし,,untranslated,
DATA5.BIN#4045496,DATA5.BIN,4045496,菜单,ふみゆき,,untranslated,
DATA5.BIN#4045512,DATA5.BIN,4045512,菜单,ふみやす,,untranslated,
DATA5.BIN#4045536,DATA5.BIN,4045536,菜单,ふみまさ,,untranslated,
DATA5.BIN#4045552,DATA5.BIN,4045552,菜单,ふみひろ,,untranslated,
DATA5.BIN#4045568,DATA5.BIN,4045568,菜单,ふみひこ,,untranslated,
DATA5.BIN#4045584,DATA5.BIN,4045584,菜单,ふみのり,,untranslated,
DATA5.BIN#4045600,DATA5.BIN,4045600,菜单,ふみのぶ,,untranslated,
DATA5.BIN#4045616,DATA5.BIN,4045616,菜单,ふみとし,,untranslated,
DATA5.BIN#4045640,DATA5.BIN,4045640,菜单,ふみただ,,untranslated,
DATA5.BIN#4045656,DATA5.BIN,4045656,菜单,ふみたか,,untranslated,
DATA5.BIN#4045680,DATA5.BIN,4045680,菜单,ふみかず,,untranslated,
DATA5.BIN#4045704,DATA5.BIN,4045704,菜单,ふみあき,,untranslated,
DATA5.BIN#4045728,DATA5.BIN,4045728,菜单,ふじひこ,,untranslated,
DATA5.BIN#4045752,DATA5.BIN,4045752,菜单,ふさよし,,untranslated,
DATA5.BIN#4045816,DATA5.BIN,4045816,菜单,ひろゆき,,untranslated,
DATA5.BIN#4045832,DATA5.BIN,4045832,菜单,ひろやす,,untranslated,
DATA5.BIN#4045856,DATA5.BIN,4045856,菜单,ひろもと,,untranslated,
DATA5.BIN#4045872,DATA5.BIN,4045872,菜单,ひろみつ,,untranslated,
DATA5.BIN#4045888,DATA5.BIN,4045888,菜单,ひろみち,,untranslated,
DATA5.BIN#4045912,DATA5.BIN,4045912,菜单,ひろまさ,,untranslated,
DATA5.BIN#4045928,DATA5.BIN,4045928,菜单,ひろぶみ,,untranslated,
DATA5.BIN#4045944,DATA5.BIN,4045944,菜单,ひろふみ,,untranslated,
DATA5.BIN#4045960,DATA5.BIN,4045960,菜单,ひろひで,,untranslated,
DATA5.BIN#4045976,DATA5.BIN,4045976,菜单,ひろひさ,,untranslated,
DATA5.BIN#4045992,DATA5.BIN,4045992,菜单,ひろひこ,,untranslated,
DATA5.BIN#4046008,DATA5.BIN,4046008,菜单,ひろのり,,untranslated,
DATA5.BIN#4046024,DATA5.BIN,4046024,菜单,ひろのぶ,,untranslated,
DATA5.BIN#4046040,DATA5.BIN,4046040,菜单,ひろなり,,untranslated,
DATA5.BIN#4046056,DATA5.BIN,4046056,菜单,ひろなが,,untranslated,
DATA5.BIN#4046072,DATA5.BIN,4046072,菜单,ひろなお,,untranslated,
DATA5.BIN#4046088,DATA5.BIN,4046088,菜单,ひろとも,,untranslated,
DATA5.BIN#4046104,DATA5.BIN,4046104,菜单,ひろとし,,untranslated,
DATA5.BIN#4046128,DATA5.BIN,4046128,菜单,ひろつね,,untranslated,
DATA5.BIN#4046144,DATA5.BIN,4046144,菜单,ひろつぐ,,untranslated,
DATA5.BIN#4046160,DATA5.BIN,4046160,菜单,ひろただ,,untranslated,
DATA5.BIN#4046176,DATA5.BIN,4046176,菜单,ひろたけ,,untranslated,
DATA5.BIN#4046192,DATA5.BIN,4046192,菜单,ひろたか,,untranslated,
DATA5.BIN#4046208,DATA5.BIN,4046208,菜单,ひろすけ,,untranslated,
DATA5.BIN#4046224,DATA5.BIN,4046224,菜单,ひろしげ,,untranslated,
DATA5.BIN#4046248,DATA5.BIN,4046248,菜单,ひろさと,,untranslated,
DATA5.BIN#4046264,DATA5.BIN,4046264,菜单,ひろくに,,untranslated,
DATA5.BIN#4046288,DATA5.BIN,4046288,菜单,ひろかつ,,untranslated,
DATA5.BIN#4046304,DATA5.BIN,4046304,菜单,ひろかず,,untranslated,
DATA5.BIN#4046320,DATA5.BIN,4046320,菜单,ひろおみ,,untranslated,
DATA5.BIN#4046344,DATA5.BIN,4046344,菜单,ひろうみ,,untranslated,
DATA5.BIN#4046368,DATA5.BIN,4046368,菜单,ひろあき,,untranslated,
DATA5.BIN#4046408,DATA5.BIN,4046408,菜单,ひでよし,,untranslated,
DATA5.BIN#4046424,DATA5.BIN,4046424,菜单,ひでゆき,,untranslated,
DATA5.BIN#4046440,DATA5.BIN,4046440,菜单,ひでやす,,untranslated,
DATA5.BIN#4046464,DATA5.BIN,4046464,菜单,ひでみつ,,untranslated,
DATA5.BIN#4046480,DATA5.BIN,4046480,菜单,ひでまさ,,untranslated,
DATA5.BIN#4046496,DATA5.BIN,4046496,菜单,ひでふみ,,untranslated,
DATA5.BIN#4046512,DATA5.BIN,4046512,菜单,ひでひろ,,untranslated,
DATA5.BIN#4046528,DATA5.BIN,4046528,菜单,ひでひさ,,untranslated,
DATA5.BIN#4046544,DATA5.BIN,4046544,菜单,ひでひこ,,untranslated,
DATA5.BIN#4046560,DATA5.BIN,4046560,菜单,ひではる,,untranslated,
DATA5.BIN#4046576,DATA5.BIN,4046576,菜单,ひでのり,,untranslated,
DATA5.BIN#4046592,DATA5.BIN,4046592,菜单,ひでのぶ,,untranslated,
DATA5.BIN#4046608,DATA5.BIN,4046608,菜单,ひでとも,,untranslated,
DATA5.BIN#4046624,DATA5.BIN,4046624,菜单,ひでとし,,untranslated,
DATA5.BIN#4046648,DATA5.BIN,4046648,菜单,ひでつぐ,,untranslated,
DATA5.BIN#4046664,DATA5.BIN,4046664,菜单,ひでちか,,untranslated,
DATA5.BIN#4046680,DATA5.BIN,4046680,菜单,ひでただ,,untranslated,
DATA5.BIN#4046696,DATA5.BIN,4046696,菜单,ひでたか,,untranslated,
DATA5.BIN#4046712,DATA5.BIN,4046712,菜单,ひですけ,,untranslated,
DATA5.BIN#4046736,DATA5.BIN,4046736,菜单,ひでしげ,,untranslated,
DATA5.BIN#4046752,DATA5.BIN,4046752,菜单,ひでくに,,untranslated,
DATA5.BIN#4046776,DATA5.BIN,4046776,菜单,ひでかず,,untranslated,
DATA5.BIN#4046800,DATA5.BIN,4046800,菜单,ひであき,,untranslated,
DATA5.BIN#4046816,DATA5.BIN,4046816,菜单,ひさよし,,untranslated,
DATA5.BIN#4046832,DATA5.BIN,4046832,菜单,ひさゆき,,untranslated,
DATA5.BIN#4046848,DATA5.BIN,4046848,菜单,ひさみつ,,untranslated,
DATA5.BIN#4046864,DATA5.BIN,4046864,菜单,ひさふみ,,untranslated,
DATA5.BIN#4046880,DATA5.BIN,4046880,菜单,ひさひろ,,untranslated,
DATA5.BIN#4046896,DATA5.BIN,4046896,菜单,ひさひと,,untranslated,
DATA5.BIN#4046912,DATA5.BIN,4046912,菜单,ひさのり,,untranslated,
DATA5.BIN#4046928,DATA5.BIN,4046928,菜单,ひさとし,,untranslated,
DATA5.BIN#4046944,DATA5.BIN,4046944,菜单,ひさたか,,untranslated,
DATA5.BIN#4046968,DATA5.BIN,4046968,菜单,ひさかず,,untranslated,
DATA5.BIN#4046992,DATA5.BIN,4046992,菜单,ひさあき,,untranslated,
DATA5.BIN#4047016,DATA5.BIN,4047016,菜单,はんぞう,,untranslated,
DATA5.BIN#4047032,DATA5.BIN,4047032,菜单,はるよし,,untranslated,
DATA5.BIN#4047048,DATA5.BIN,4047048,菜单,はるゆき,,untranslated,
DATA5.BIN#4047064,DATA5.BIN,4047064,菜单,はるやす,,untranslated,
DATA5.BIN#4047088,DATA5.BIN,4047088,菜单,はるもと,,untranslated,
DATA5.BIN#4047104,DATA5.BIN,4047104,菜单,はるみつ,,untranslated,
DATA5.BIN#4047120,DATA5.BIN,4047120,菜单,はるまさ,,untranslated,
DATA5.BIN#4047136,DATA5.BIN,4047136,菜单,はるふみ,,untranslated,
DATA5.BIN#4047152,DATA5.BIN,4047152,菜单,はるひろ,,untranslated,
DATA5.BIN#4047168,DATA5.BIN,4047168,菜单,はるひさ,,untranslated,
DATA5.BIN#4047184,DATA5.BIN,4047184,菜单,はるひこ,,untranslated,
DATA5.BIN#4047200,DATA5.BIN,4047200,菜单,はるのり,,untranslated,
DATA5.BIN#4047216,DATA5.BIN,4047216,菜单,はるのぶ,,untranslated,
DATA5.BIN#4047232,DATA5.BIN,4047232,菜单,はるとも,,untranslated,
DATA5.BIN#4047248,DATA5.BIN,4047248,菜单,はるとし,,untranslated,
DATA5.BIN#4047264,DATA5.BIN,4047264,菜单,はるたか,,untranslated,
DATA5.BIN#4047280,DATA5.BIN,4047280,菜单,はるしげ,,untranslated,
DATA5.BIN#4047296,DATA5.BIN,4047296,菜单,はるおみ,,untranslated,
DATA5.BIN#4047320,DATA5.BIN,4047320,菜单,はるあき,,untranslated,
DATA5.BIN#4047376,DATA5.BIN,4047376,菜单,のりよし,,untranslated,
DATA5.BIN#4047392,DATA5.BIN,4047392,菜单,のりゆき,,untranslated,
DATA5.BIN#4047408,DATA5.BIN,4047408,菜单,のりやす,,untranslated,
DATA5.BIN#4047424,DATA5.BIN,4047424,菜单,のりみつ,,untranslated,
DATA5.BIN#4047440,DATA5.BIN,4047440,菜单,のりみち,,untranslated,
DATA5.BIN#4047456,DATA5.BIN,4047456,菜单,のりまさ,,untranslated,
DATA5.BIN#4047472,DATA5.BIN,4047472,菜单,のりふみ,,untranslated,
DATA5.BIN#4047488,DATA5.BIN,4047488,菜单,のりひろ,,untranslated,
DATA5.BIN#4047504,DATA5.BIN,4047504,菜单,のりひと,,untranslated,
DATA5.BIN#4047520,DATA5.BIN,4047520,菜单,のりひで,,untranslated,
DATA5.BIN#4047536,DATA5.BIN,4047536,菜单,のりひさ,,untranslated,
DATA5.BIN#4047552,DATA5.BIN,4047552,菜单,のりひこ,,untranslated,
DATA5.BIN#4047568,DATA5.BIN,4047568,菜单,のりとし,,untranslated,
DATA5.BIN#4047592,DATA5.BIN,4047592,菜单,のりつぐ,,untranslated,
DATA5.BIN#4047608,DATA5.BIN,4047608,菜单,のりただ,,untranslated,
DATA5.BIN#4047624,DATA5.BIN,4047624,菜单,のりたか,,untranslated,
DATA5.BIN#4047640,DATA5.BIN,4047640,菜单,のりしげ,,untranslated,
DATA5.BIN#4047656,DATA5.BIN,4047656,菜单,のりかね,,untranslated,
DATA5.BIN#4047672,DATA5.BIN,4047672,菜单,のりかつ,,untranslated,
DATA5.BIN#4047688,DATA5.BIN,4047688,菜单,のりかず,,untranslated,
DATA5.BIN#4047712,DATA5.BIN,4047712,菜单,のりあき,,untranslated,
DATA5.BIN#4047736,DATA5.BIN,4047736,菜单,のぶよし,,untranslated,
DATA5.BIN#4047752,DATA5.BIN,4047752,菜单,のぶゆき,,untranslated,
DATA5.BIN#4047768,DATA5.BIN,4047768,菜单,のぶやす,,untranslated,
DATA5.BIN#4047792,DATA5.BIN,4047792,菜单,のぶもと,,untranslated,
DATA5.BIN#4047808,DATA5.BIN,4047808,菜单,のぶみつ,,untranslated,
DATA5.BIN#4047832,DATA5.BIN,4047832,菜单,のぶまさ,,untranslated,
DATA5.BIN#4047848,DATA5.BIN,4047848,菜单,のぶひろ,,untranslated,
DATA5.BIN#4047864,DATA5.BIN,4047864,菜单,のぶひと,,untranslated,
DATA5.BIN#4047880,DATA5.BIN,4047880,菜单,のぶひで,,untranslated,
DATA5.BIN#4047896,DATA5.BIN,4047896,菜单,のぶひさ,,untranslated,
DATA5.BIN#4047912,DATA5.BIN,4047912,菜单,のぶひこ,,untranslated,
DATA5.BIN#4047928,DATA5.BIN,4047928,菜单,のぶはる,,untranslated,
DATA5.BIN#4047944,DATA5.BIN,4047944,菜单,のぶなが,,untranslated,
DATA5.BIN#4047960,DATA5.BIN,4047960,菜单,のぶとし,,untranslated,
DATA5.BIN#4047984,DATA5.BIN,4047984,菜单,のぶてる,,untranslated,
DATA5.BIN#4048000,DATA5.BIN,4048000,菜单,のぶただ,,untranslated,
DATA5.BIN#4048016,DATA5.BIN,4048016,菜单,のぶたけ,,untranslated,
DATA5.BIN#4048032,DATA5.BIN,4048032,菜单,のぶたか,,untranslated,
DATA5.BIN#4048048,DATA5.BIN,4048048,菜单,のぶしげ,,untranslated,
DATA5.BIN#4048064,DATA5.BIN,4048064,菜单,のぶくに,,untranslated,
DATA5.BIN#4048080,DATA5.BIN,4048080,菜单,のぶかつ,,untranslated,
DATA5.BIN#4048096,DATA5.BIN,4048096,菜单,のぶかず,,untranslated,
DATA5.BIN#4048120,DATA5.BIN,4048120,菜单,のぶあき,,untranslated,
DATA5.BIN#4048152,DATA5.BIN,4048152,菜单,にんぺい,,untranslated,
DATA5.BIN#4048176,DATA5.BIN,4048176,菜单,にいたか,,untranslated,
DATA5.BIN#4048200,DATA5.BIN,4048200,菜单,なるよし,,untranslated,
DATA5.BIN#4048216,DATA5.BIN,4048216,菜单,なるひと,,untranslated,
DATA5.BIN#4048232,DATA5.BIN,4048232,菜单,なみへい,,untranslated,
DATA5.BIN#4048264,DATA5.BIN,4048264,菜单,ながよし,,untranslated,
DATA5.BIN#4048280,DATA5.BIN,4048280,菜单,ながゆき,,untranslated,
DATA5.BIN#4048296,DATA5.BIN,4048296,菜单,ながやす,,untranslated,
DATA5.BIN#4048312,DATA5.BIN,4048312,菜单,ながまさ,,untranslated,
DATA5.BIN#4048328,DATA5.BIN,4048328,菜单,ながふみ,,untranslated,
DATA5.BIN#4048344,DATA5.BIN,4048344,菜单,ながひろ,,untranslated,
DATA5.BIN#4048360,DATA5.BIN,4048360,菜单,ながひさ,,untranslated,
DATA5.BIN#4048376,DATA5.BIN,4048376,菜单,ながてる,,untranslated,
DATA5.BIN#4048400,DATA5.BIN,4048400,菜单,ながあき,,untranslated,
DATA5.BIN#4048424,DATA5.BIN,4048424,菜单,なかひろ,,untranslated,
DATA5.BIN#4048440,DATA5.BIN,4048440,菜单,なおよし,,untranslated,
DATA5.BIN#4048456,DATA5.BIN,4048456,菜单,なおゆき,,untranslated,
DATA5.BIN#4048480,DATA5.BIN,4048480,菜单,なおみち,,untranslated,
DATA5.BIN#4048496,DATA5.BIN,4048496,菜单,なおまさ,,untranslated,
DATA5.BIN#4048512,DATA5.BIN,4048512,菜单,なおふみ,,untranslated,
DATA5.BIN#4048528,DATA5.BIN,4048528,菜单,なおひろ,,untranslated,
DATA5.BIN#4048544,DATA5.BIN,4048544,菜单,なおひで,,untranslated,
DATA5.BIN#4048560,DATA5.BIN,4048560,菜单,なおひこ,,untranslated,
DATA5.BIN#4048576,DATA5.BIN,4048576,菜单,なおはる,,untranslated,
DATA5.BIN#4048592,DATA5.BIN,4048592,菜单,なおのり,,untranslated,
DATA5.BIN#4048608,DATA5.BIN,4048608,菜单,なおとし,,untranslated,
DATA5.BIN#4048632,DATA5.BIN,4048632,菜单,なおてる,,untranslated,
DATA5.BIN#4048648,DATA5.BIN,4048648,菜单,なおたろう,,untranslated,
DATA5.BIN#4048664,DATA5.BIN,4048664,菜单,なおたけ,,untranslated,
DATA5.BIN#4048680,DATA5.BIN,4048680,菜单,なおたか,,untranslated,
DATA5.BIN#4048696,DATA5.BIN,4048696,菜单,なおずみ,,untranslated,
DATA5.BIN#4048712,DATA5.BIN,4048712,菜单,なおすけ,,untranslated,
DATA5.BIN#4048736,DATA5.BIN,4048736,菜单,なおしげ,,untranslated,
DATA5.BIN#4048760,DATA5.BIN,4048760,菜单,なおあき,,untranslated,
DATA5.BIN#4048776,DATA5.BIN,4048776,菜单,とよゆき,,untranslated,
DATA5.BIN#4048792,DATA5.BIN,4048792,菜单,とよやす,,untranslated,
DATA5.BIN#4048808,DATA5.BIN,4048808,菜单,とよひろ,,untranslated,
DATA5.BIN#4048824,DATA5.BIN,4048824,菜单,とよひさ,,untranslated,
DATA5.BIN#4048840,DATA5.BIN,4048840,菜单,とよひこ,,untranslated,
DATA5.BIN#4048856,DATA5.BIN,4048856,菜单,とよはる,,untranslated,
DATA5.BIN#4048872,DATA5.BIN,4048872,菜单,とよのり,,untranslated,
DATA5.BIN#4048888,DATA5.BIN,4048888,菜单,とよのぶ,,untranslated,
DATA5.BIN#4048904,DATA5.BIN,4048904,菜单,とよたか,,untranslated,
DATA5.BIN#4048920,DATA5.BIN,4048920,菜单,とよしげ,,untranslated,
DATA5.BIN#4048952,DATA5.BIN,4048952,菜单,とよかつ,,untranslated,
DATA5.BIN#4048968,DATA5.BIN,4048968,菜单,とよかず,,untranslated,
DATA5.BIN#4048984,DATA5.BIN,4048984,菜单,とよあき,,untranslated,
DATA5.BIN#4049000,DATA5.BIN,4049000,菜单,ともよし,,untranslated,
DATA5.BIN#4049016,DATA5.BIN,4049016,菜单,ともゆき,,untranslated,
DATA5.BIN#4049032,DATA5.BIN,4049032,菜单,ともやす,,untranslated,
DATA5.BIN#4049056,DATA5.BIN,4049056,菜单,ともみつ,,untranslated,
DATA5.BIN#4049072,DATA5.BIN,4049072,菜单,ともまさ,,untranslated,
DATA5.BIN#4049088,DATA5.BIN,4049088,菜单,ともふみ,,untranslated,
DATA5.BIN#4049104,DATA5.BIN,4049104,菜单,ともひろ,,untranslated,
DATA5.BIN#4049120,DATA5.BIN,4049120,菜单,ともひと,,untranslated,
DATA5.BIN#4049136,DATA5.BIN,4049136,菜单,ともひで,,untranslated,
DATA5.BIN#4049152,DATA5.BIN,4049152,菜单,ともひさ,,untranslated,
DATA5.BIN#4049168,DATA5.BIN,4049168,菜单,ともひこ,,untranslated,
DATA5.BIN#4049184,DATA5.BIN,4049184,菜单,ともはる,,untranslated,
DATA5.BIN#4049200,DATA5.BIN,4049200,菜单,とものり,,untranslated,
DATA5.BIN#4049216,DATA5.BIN,4049216,菜单,とものぶ,,untranslated,
DATA5.BIN#4049232,DATA5.BIN,4049232,菜单,ともなり,,untranslated,
DATA5.BIN#4049248,DATA5.BIN,4049248,菜单,ともとし,,untranslated,
DATA5.BIN#4049264,DATA5.BIN,4049264,菜单,ともたろう,,untranslated,
DATA5.BIN#4049280,DATA5.BIN,4049280,菜单,ともたけ,,untranslated,
DATA5.BIN#4049296,DATA5.BIN,4049296,菜单,ともたか,,untranslated,
DATA5.BIN#4049312,DATA5.BIN,4049312,菜单,ともすけ,,untranslated,
DATA5.BIN#4049336,DATA5.BIN,4049336,菜单,ともかず,,untranslated,
DATA5.BIN#4049360,DATA5.BIN,4049360,菜单,ともあき,,untranslated,
DATA5.BIN#4049384,DATA5.BIN,4049384,菜单,とみゆき,,untranslated,
DATA5.BIN#4049400,DATA5.BIN,4049400,菜单,とみやす,,untranslated,
DATA5.BIN#4049424,DATA5.BIN,4049424,菜单,とみみつ,,untranslated,
DATA5.BIN#4049440,DATA5.BIN,4049440,菜单,とみひろ,,untranslated,
DATA5.BIN#4049456,DATA5.BIN,4049456,菜单,とみのり,,untranslated,
DATA5.BIN#4049472,DATA5.BIN,4049472,菜单,とみたか,,untranslated,
DATA5.BIN#4049488,DATA5.BIN,4049488,菜单,とみしげ,,untranslated,
DATA5.BIN#4049512,DATA5.BIN,4049512,菜单,とみあき,,untranslated,
DATA5.BIN#4049528,DATA5.BIN,4049528,菜单,としろう,,untranslated,
DATA5.BIN#4049544,DATA5.BIN,4049544,菜单,としゆき,,untranslated,
DATA5.BIN#4049560,DATA5.BIN,4049560,菜单,としやす,,untranslated,
DATA5.BIN#4049584,DATA5.BIN,4049584,菜单,としむね,,untranslated,
DATA5.BIN#4049600,DATA5.BIN,4049600,菜单,としみつ,,untranslated,
DATA5.BIN#4049616,DATA5.BIN,4049616,菜单,としみち,,untranslated,
DATA5.BIN#4049632,DATA5.BIN,4049632,菜单,としまさ,,untranslated,
DATA5.BIN#4049648,DATA5.BIN,4049648,菜单,としふみ,,untranslated,
DATA5.BIN#4049664,DATA5.BIN,4049664,菜单,としひろ,,untranslated,
DATA5.BIN#4049680,DATA5.BIN,4049680,菜单,としひと,,untranslated,
DATA5.BIN#4049696,DATA5.BIN,4049696,菜单,としひで,,untranslated,
DATA5.BIN#4049712,DATA5.BIN,4049712,菜单,としひさ,,untranslated,
DATA5.BIN#4049728,DATA5.BIN,4049728,菜单,としひこ,,untranslated,
DATA5.BIN#4049744,DATA5.BIN,4049744,菜单,としはる,,untranslated,
DATA5.BIN#4049760,DATA5.BIN,4049760,菜单,としのり,,untranslated,
DATA5.BIN#4049776,DATA5.BIN,4049776,菜单,としのぶ,,untranslated,
DATA5.BIN#4049792,DATA5.BIN,4049792,菜单,としなり,,untranslated,
DATA5.BIN#4049808,DATA5.BIN,4049808,菜单,としなお,,untranslated,
DATA5.BIN#4049824,DATA5.BIN,4049824,菜单,としてる,,untranslated,
DATA5.BIN#4049840,DATA5.BIN,4049840,菜单,としつぐ,,untranslated,
DATA5.BIN#4049856,DATA5.BIN,4049856,菜单,としただ,,untranslated,
DATA5.BIN#4049872,DATA5.BIN,4049872,菜单,としたけ,,untranslated,
DATA5.BIN#4049888,DATA5.BIN,4049888,菜单,としたか,,untranslated,
DATA5.BIN#4049904,DATA5.BIN,4049904,菜单,としぞう,,untranslated,
DATA5.BIN#4049920,DATA5.BIN,4049920,菜单,としすけ,,untranslated,
DATA5.BIN#4049936,DATA5.BIN,4049936,菜单,とししげ,,untranslated,
DATA5.BIN#4049952,DATA5.BIN,4049952,菜单,としくに,,untranslated,
DATA5.BIN#4049968,DATA5.BIN,4049968,菜单,としきよ,,untranslated,
DATA5.BIN#4049992,DATA5.BIN,4049992,菜单,としかつ,,untranslated,
DATA5.BIN#4050008,DATA5.BIN,4050008,菜单,としかず,,untranslated,
DATA5.BIN#4050024,DATA5.BIN,4050024,菜单,としおみ,,untranslated,
DATA5.BIN#4050048,DATA5.BIN,4050048,菜单,としいち,,untranslated,
DATA5.BIN#4050064,DATA5.BIN,4050064,菜单,としあき,,untranslated,
DATA5.BIN#4050080,DATA5.BIN,4050080,菜单,とくろう,,untranslated,
DATA5.BIN#4050096,DATA5.BIN,4050096,菜单,とくみつ,,untranslated,
DATA5.BIN#4050112,DATA5.BIN,4050112,菜单,とくまさ,,untranslated,
DATA5.BIN#4050128,DATA5.BIN,4050128,菜单,とくひで,,untranslated,
DATA5.BIN#4050144,DATA5.BIN,4050144,菜单,とくたろう,,untranslated,
DATA5.BIN#4050176,DATA5.BIN,4050176,菜单,ときひこ,,untranslated,
DATA5.BIN#4050192,DATA5.BIN,4050192,菜单,ときはる,,untranslated,
DATA5.BIN#4050208,DATA5.BIN,4050208,菜单,ときじろう,,untranslated,
DATA5.BIN#4050256,DATA5.BIN,4050256,菜单,とうほう,,untranslated,
DATA5.BIN#4050272,DATA5.BIN,4050272,菜单,とうたろう,,untranslated,
DATA5.BIN#4050288,DATA5.BIN,4050288,菜单,とうせい,,untranslated,
DATA5.BIN#4050312,DATA5.BIN,4050312,菜单,とうきち,,untranslated,
DATA5.BIN#4050328,DATA5.BIN,4050328,菜单,てるよし,,untranslated,
DATA5.BIN#4050344,DATA5.BIN,4050344,菜单,てるゆき,,untranslated,
DATA5.BIN#4050360,DATA5.BIN,4050360,菜单,てるみつ,,untranslated,
DATA5.BIN#4050376,DATA5.BIN,4050376,菜单,てるまさ,,untranslated,
DATA5.BIN#4050392,DATA5.BIN,4050392,菜单,てるひろ,,untranslated,
DATA5.BIN#4050408,DATA5.BIN,4050408,菜单,てるひさ,,untranslated,
DATA5.BIN#4050424,DATA5.BIN,4050424,菜单,てるひこ,,untranslated,
DATA5.BIN#4050440,DATA5.BIN,4050440,菜单,てるのぶ,,untranslated,
DATA5.BIN#4050456,DATA5.BIN,4050456,菜单,てるとし,,untranslated,
DATA5.BIN#4050472,DATA5.BIN,4050472,菜单,てるたか,,untranslated,
DATA5.BIN#4050488,DATA5.BIN,4050488,菜单,てるしげ,,untranslated,
DATA5.BIN#4050512,DATA5.BIN,4050512,菜单,てるかず,,untranslated,
DATA5.BIN#4050536,DATA5.BIN,4050536,菜单,てるあき,,untranslated,
DATA5.BIN#4050552,DATA5.BIN,4050552,菜单,てつろう,,untranslated,
DATA5.BIN#4050568,DATA5.BIN,4050568,菜单,てつよし,,untranslated,
DATA5.BIN#4050584,DATA5.BIN,4050584,菜单,てつゆき,,untranslated,
DATA5.BIN#4050608,DATA5.BIN,4050608,菜单,てつひろ,,untranslated,
DATA5.BIN#4050624,DATA5.BIN,4050624,菜单,てつひこ,,untranslated,
DATA5.BIN#4050640,DATA5.BIN,4050640,菜单,てつのり,,untranslated,
DATA5.BIN#4050680,DATA5.BIN,4050680,菜单,てつあき,,untranslated,
DATA5.BIN#4050696,DATA5.BIN,4050696,菜单,てっぺい,,untranslated,
DATA5.BIN#4050712,DATA5.BIN,4050712,菜单,ていぞう,,untranslated,
DATA5.BIN#4050736,DATA5.BIN,4050736,菜单,ていしろう,,untranslated,
DATA5.BIN#4050752,DATA5.BIN,4050752,菜单,ていきち,,untranslated,
DATA5.BIN#4050776,DATA5.BIN,4050776,菜单,つねよし,,untranslated,
DATA5.BIN#4050792,DATA5.BIN,4050792,菜单,つねゆき,,untranslated,
DATA5.BIN#4050808,DATA5.BIN,4050808,菜单,つねまさ,,untranslated,
DATA5.BIN#4050824,DATA5.BIN,4050824,菜单,つねふみ,,untranslated,
DATA5.BIN#4050840,DATA5.BIN,4050840,菜单,つねひろ,,untranslated,
DATA5.BIN#4050856,DATA5.BIN,4050856,菜单,つねひさ,,untranslated,
DATA5.BIN#4050872,DATA5.BIN,4050872,菜单,つねひこ,,untranslated,
DATA5.BIN#4050888,DATA5.BIN,4050888,菜单,つねはる,,untranslated,
DATA5.BIN#4050904,DATA5.BIN,4050904,菜单,つねのり,,untranslated,
DATA5.BIN#4050920,DATA5.BIN,4050920,菜单,つねのぶ,,untranslated,
DATA5.BIN#4050936,DATA5.BIN,4050936,菜单,つねとし,,untranslated,
DATA5.BIN#4050960,DATA5.BIN,4050960,菜单,つねぞう,,untranslated,
DATA5.BIN#4050976,DATA5.BIN,4050976,菜单,つねしげ,,untranslated,
DATA5.BIN#4050992,DATA5.BIN,4050992,菜单,つねくに,,untranslated,
DATA5.BIN#4051016,DATA5.BIN,4051016,菜单,つねあき,,untranslated,
DATA5.BIN#4051072,DATA5.BIN,4051072,菜单,ちょうへい,,untranslated,
DATA5.BIN#4051088,DATA5.BIN,4051088,菜单,ちょうた,,untranslated,
DATA5.BIN#4051104,DATA5.BIN,4051104,菜单,ちょうすけ,,untranslated,
DATA5.BIN#4051120,DATA5.BIN,4051120,菜单,ちょうじ,,untranslated,
DATA5.BIN#4051136,DATA5.BIN,4051136,菜单,ちょうご,,untranslated,
DATA5.BIN#4051152,DATA5.BIN,4051152,菜单,ちょういちろう,,untranslated,
DATA5.BIN#4051168,DATA5.BIN,4051168,菜单,ちゅうや,,untranslated,
DATA5.BIN#4051184,DATA5.BIN,4051184,菜单,ちゅうだい,,untranslated,
DATA5.BIN#4051200,DATA5.BIN,4051200,菜单,ちゅうた,,untranslated,
DATA5.BIN#4051216,DATA5.BIN,4051216,菜单,ちゅうじ,,untranslated,
DATA5.BIN#4051232,DATA5.BIN,4051232,菜单,ちゅうご,,untranslated,
DATA5.BIN#4051272,DATA5.BIN,4051272,菜单,ちかひろ,,untranslated,
DATA5.BIN#4051288,DATA5.BIN,4051288,菜单,ちかのり,,untranslated,
DATA5.BIN#4051368,DATA5.BIN,4051368,菜单,たつろう,,untranslated,
DATA5.BIN#4051384,DATA5.BIN,4051384,菜单,たつよし,,untranslated,
DATA5.BIN#4051416,DATA5.BIN,4051416,菜单,たつまさ,,untranslated,
DATA5.BIN#4051440,DATA5.BIN,4051440,菜单,たつひろ,,untranslated,
DATA5.BIN#4051456,DATA5.BIN,4051456,菜单,たつひこ,,untranslated,
DATA5.BIN#4051472,DATA5.BIN,4051472,菜单,たつのり,,untranslated,
DATA5.BIN#4051504,DATA5.BIN,4051504,菜单,たつあき,,untranslated,
DATA5.BIN#4051528,DATA5.BIN,4051528,菜单,ただよし,,untranslated,
DATA5.BIN#4051544,DATA5.BIN,4051544,菜单,ただゆき,,untranslated,
DATA5.BIN#4051560,DATA5.BIN,4051560,菜单,ただやす,,untranslated,
DATA5.BIN#4051576,DATA5.BIN,4051576,菜单,ただみち,,untranslated,
DATA5.BIN#4051592,DATA5.BIN,4051592,菜单,ただまさ,,untranslated,
DATA5.BIN#4051608,DATA5.BIN,4051608,菜单,ただふみ,,untranslated,
DATA5.BIN#4051624,DATA5.BIN,4051624,菜单,ただひろ,,untranslated,
DATA5.BIN#4051640,DATA5.BIN,4051640,菜单,ただひと,,untranslated,
DATA5.BIN#4051656,DATA5.BIN,4051656,菜单,ただひで,,untranslated,
DATA5.BIN#4051672,DATA5.BIN,4051672,菜单,ただひさ,,untranslated,
DATA5.BIN#4051688,DATA5.BIN,4051688,菜单,ただひこ,,untranslated,
DATA5.BIN#4051704,DATA5.BIN,4051704,菜单,ただはる,,untranslated,
DATA5.BIN#4051720,DATA5.BIN,4051720,菜单,ただのり,,untranslated,
DATA5.BIN#4051736,DATA5.BIN,4051736,菜单,ただとし,,untranslated,
DATA5.BIN#4051752,DATA5.BIN,4051752,菜单,ただてる,,untranslated,
DATA5.BIN#4051768,DATA5.BIN,4051768,菜单,ただつぐ,,untranslated,
DATA5.BIN#4051784,DATA5.BIN,4051784,菜单,ただたか,,untranslated,
DATA5.BIN#4051800,DATA5.BIN,4051800,菜单,ただすけ,,untranslated,
DATA5.BIN#4051816,DATA5.BIN,4051816,菜单,ただしげ,,untranslated,
DATA5.BIN#4051840,DATA5.BIN,4051840,菜单,ただかず,,untranslated,
DATA5.BIN#4051856,DATA5.BIN,4051856,菜单,ただおみ,,untranslated,
DATA5.BIN#4051880,DATA5.BIN,4051880,菜单,ただあき,,untranslated,
DATA5.BIN#4051912,DATA5.BIN,4051912,菜单,たけろう,,untranslated,
DATA5.BIN#4051936,DATA5.BIN,4051936,菜单,たけよし,,untranslated,
DATA5.BIN#4051952,DATA5.BIN,4051952,菜单,たけゆき,,untranslated,
DATA5.BIN#4051976,DATA5.BIN,4051976,菜单,たけふみ,,untranslated,
DATA5.BIN#4051992,DATA5.BIN,4051992,菜单,たけひろ,,untranslated,
DATA5.BIN#4052008,DATA5.BIN,4052008,菜单,たけひで,,untranslated,
DATA5.BIN#4052024,DATA5.BIN,4052024,菜单,たけひさ,,untranslated,
DATA5.BIN#4052040,DATA5.BIN,4052040,菜单,たけひこ,,untranslated,
DATA5.BIN#4052056,DATA5.BIN,4052056,菜单,たけはる,,untranslated,
DATA5.BIN#4052072,DATA5.BIN,4052072,菜单,たけのり,,untranslated,
DATA5.BIN#4052088,DATA5.BIN,4052088,菜单,たけとし,,untranslated,
DATA5.BIN#4052112,DATA5.BIN,4052112,菜单,たけぞう,,untranslated,
DATA5.BIN#4052136,DATA5.BIN,4052136,菜单,たけおみ,,untranslated,
DATA5.BIN#4052160,DATA5.BIN,4052160,菜单,たけあき,,untranslated,
DATA5.BIN#4052176,DATA5.BIN,4052176,菜单,たくろう,,untranslated,
DATA5.BIN#4052208,DATA5.BIN,4052208,菜单,たくまさ,,untranslated,
DATA5.BIN#4052224,DATA5.BIN,4052224,菜单,たくひろ,,untranslated,
DATA5.BIN#4052248,DATA5.BIN,4052248,菜单,たくだい,,untranslated,
DATA5.BIN#4052264,DATA5.BIN,4052264,菜单,たくぞう,,untranslated,
DATA5.BIN#4052304,DATA5.BIN,4052304,菜单,たかよし,,untranslated,
DATA5.BIN#4052320,DATA5.BIN,4052320,菜单,たかゆき,,untranslated,
DATA5.BIN#4052360,DATA5.BIN,4052360,菜单,たかみつ,,untranslated,
DATA5.BIN#4052376,DATA5.BIN,4052376,菜单,たかまさ,,untranslated,
DATA5.BIN#4052392,DATA5.BIN,4052392,菜单,たかふみ,,untranslated,
DATA5.BIN#4052408,DATA5.BIN,4052408,菜单,たかひろ,,untranslated,
DATA5.BIN#4052424,DATA5.BIN,4052424,菜单,たかひで,,untranslated,
DATA5.BIN#4052440,DATA5.BIN,4052440,菜单,たかひさ,,untranslated,
DATA5.BIN#4052456,DATA5.BIN,4052456,菜单,たかひこ,,untranslated,
DATA5.BIN#4052472,DATA5.BIN,4052472,菜单,たかはる,,untranslated,
DATA5.BIN#4052488,DATA5.BIN,4052488,菜单,たかのり,,untranslated,
DATA5.BIN#4052504,DATA5.BIN,4052504,菜单,たかのぶ,,untranslated,
DATA5.BIN#4052520,DATA5.BIN,4052520,菜单,たかなり,,untranslated,
DATA5.BIN#4052536,DATA5.BIN,4052536,菜单,たかなお,,untranslated,
DATA5.BIN#4052552,DATA5.BIN,4052552,菜单,たかとも,,untranslated,
DATA5.BIN#4052568,DATA5.BIN,4052568,菜单,たかとし,,untranslated,
DATA5.BIN#4052584,DATA5.BIN,4052584,菜单,たかつぐ,,untranslated,
DATA5.BIN#4052600,DATA5.BIN,4052600,菜单,たかしげ,,untranslated,
DATA5.BIN#4052624,DATA5.BIN,4052624,菜单,たかくに,,untranslated,
DATA5.BIN#4052640,DATA5.BIN,4052640,菜单,たかおみ,,untranslated,
DATA5.BIN#4052664,DATA5.BIN,4052664,菜单,たかあき,,untranslated,
DATA5.BIN#4052680,DATA5.BIN,4052680,菜单,たいよう,,untranslated,
DATA5.BIN#4052696,DATA5.BIN,4052696,菜单,たいほう,,untranslated,
DATA5.BIN#4052720,DATA5.BIN,4052720,菜单,たいぞう,,untranslated,
DATA5.BIN#4052736,DATA5.BIN,4052736,菜单,たいせい,,untranslated,
DATA5.BIN#4052752,DATA5.BIN,4052752,菜单,たいすけ,,untranslated,
DATA5.BIN#4052768,DATA5.BIN,4052768,菜单,たいじろう,,untranslated,
DATA5.BIN#4052800,DATA5.BIN,4052800,菜单,たいこう,,untranslated,
DATA5.BIN#4052848,DATA5.BIN,4052848,菜单,そうへい,,untranslated,
DATA5.BIN#4052864,DATA5.BIN,4052864,菜单,そうのすけ,,untranslated,
DATA5.BIN#4052880,DATA5.BIN,4052880,菜单,そうたろう,,untranslated,
DATA5.BIN#4052896,DATA5.BIN,4052896,菜单,そうたつ,,untranslated,
DATA5.BIN#4052920,DATA5.BIN,4052920,菜单,そうぞう,,untranslated,
DATA5.BIN#4052936,DATA5.BIN,4052936,菜单,そうすけ,,untranslated,
DATA5.BIN#4052952,DATA5.BIN,4052952,菜单,そうじろう,,untranslated,
DATA5.BIN#4052968,DATA5.BIN,4052968,菜单,そうじゅん,,untranslated,
DATA5.BIN#4052984,DATA5.BIN,4052984,菜单,そうしろう,,untranslated,
DATA5.BIN#4053008,DATA5.BIN,4053008,菜单,そうこう,,untranslated,
DATA5.BIN#4053024,DATA5.BIN,4053024,菜单,そうきち,,untranslated,
DATA5.BIN#4053040,DATA5.BIN,4053040,菜单,そういちろう,,untranslated,
DATA5.BIN#4053056,DATA5.BIN,4053056,菜单,そういち,,untranslated,
DATA5.BIN#4053072,DATA5.BIN,4053072,菜单,せんたろう,,untranslated,
DATA5.BIN#4053096,DATA5.BIN,4053096,菜单,せんぞう,,untranslated,
DATA5.BIN#4053120,DATA5.BIN,4053120,菜单,せんいち,,untranslated,
DATA5.BIN#4053144,DATA5.BIN,4053144,菜单,せいろう,,untranslated,
DATA5.BIN#4053160,DATA5.BIN,4053160,菜单,せいのすけ,,untranslated,
DATA5.BIN#4053176,DATA5.BIN,4053176,菜单,せいたろう,,untranslated,
DATA5.BIN#4053200,DATA5.BIN,4053200,菜单,せいぞう,,untranslated,
DATA5.BIN#4053216,DATA5.BIN,4053216,菜单,せいすけ,,untranslated,
DATA5.BIN#4053232,DATA5.BIN,4053232,菜单,せいじゅ,,untranslated,
DATA5.BIN#4053256,DATA5.BIN,4053256,菜单,せいしろう,,untranslated,
DATA5.BIN#4053288,DATA5.BIN,4053288,菜单,せいこう,,untranslated,
DATA5.BIN#4053304,DATA5.BIN,4053304,菜单,せいげん,,untranslated,
DATA5.BIN#4053320,DATA5.BIN,4053320,菜单,せいけん,,untranslated,
DATA5.BIN#4053336,DATA5.BIN,4053336,菜单,せいきち,,untranslated,
DATA5.BIN#4053352,DATA5.BIN,4053352,菜单,せいいちろう,,untranslated,
DATA5.BIN#4053368,DATA5.BIN,4053368,菜单,せいいち,,untranslated,
DATA5.BIN#4053384,DATA5.BIN,4053384,菜单,すみゆき,,untranslated,
DATA5.BIN#4053408,DATA5.BIN,4053408,菜单,すみひこ,,untranslated,
DATA5.BIN#4053424,DATA5.BIN,4053424,菜单,すみはる,,untranslated,
DATA5.BIN#4053440,DATA5.BIN,4053440,菜单,すみのり,,untranslated,
DATA5.BIN#4053456,DATA5.BIN,4053456,菜单,すみのぶ,,untranslated,
DATA5.BIN#4053480,DATA5.BIN,4053480,菜单,すみただ,,untranslated,
DATA5.BIN#4053496,DATA5.BIN,4053496,菜单,すみたか,,untranslated,
DATA5.BIN#4053512,DATA5.BIN,4053512,菜单,すみかず,,untranslated,
DATA5.BIN#4053536,DATA5.BIN,4053536,菜单,すみあき,,untranslated,
DATA5.BIN#4053560,DATA5.BIN,4053560,菜单,すけみつ,,untranslated,
DATA5.BIN#4053576,DATA5.BIN,4053576,菜单,すけひろ,,untranslated,
DATA5.BIN#4053616,DATA5.BIN,4053616,菜单,すえぞう,,untranslated,
DATA5.BIN#4053632,DATA5.BIN,4053632,菜单,すえいち,,untranslated,
DATA5.BIN#4053656,DATA5.BIN,4053656,菜单,しんぺい,,untranslated,
DATA5.BIN#4053672,DATA5.BIN,4053672,菜单,しんたろう,,untranslated,
DATA5.BIN#4053696,DATA5.BIN,4053696,菜单,しんぞう,,untranslated,
DATA5.BIN#4053712,DATA5.BIN,4053712,菜单,しんすけ,,untranslated,
DATA5.BIN#4053728,DATA5.BIN,4053728,菜单,しんじろう,,untranslated,
DATA5.BIN#4053752,DATA5.BIN,4053752,菜单,しんさく,,untranslated,
DATA5.BIN#4053776,DATA5.BIN,4053776,菜单,しんきち,,untranslated,
DATA5.BIN#4053792,DATA5.BIN,4053792,菜单,しんいちろう,,untranslated,
DATA5.BIN#4053808,DATA5.BIN,4053808,菜单,しんいち,,untranslated,
DATA5.BIN#4053840,DATA5.BIN,4053840,菜单,しょうや,,untranslated,
DATA5.BIN#4053856,DATA5.BIN,4053856,菜单,しょうへい,,untranslated,
DATA5.BIN#4053872,DATA5.BIN,4053872,菜单,しょうぶ,,untranslated,
DATA5.BIN#4053888,DATA5.BIN,4053888,菜单,しょうふう,,untranslated,
DATA5.BIN#4053904,DATA5.BIN,4053904,菜单,しょうたろう,,untranslated,
DATA5.BIN#4053920,DATA5.BIN,4053920,菜单,しょうた,,untranslated,
DATA5.BIN#4053936,DATA5.BIN,4053936,菜单,しょうぞう,,untranslated,
DATA5.BIN#4053952,DATA5.BIN,4053952,菜单,しょうせき,,untranslated,
DATA5.BIN#4053968,DATA5.BIN,4053968,菜单,しょうすけ,,untranslated,
DATA5.BIN#4054000,DATA5.BIN,4054000,菜单,しょうご,,untranslated,
DATA5.BIN#4054016,DATA5.BIN,4054016,菜单,しょうこう,,untranslated,
DATA5.BIN#4054032,DATA5.BIN,4054032,菜单,しょうきち,,untranslated,
DATA5.BIN#4054048,DATA5.BIN,4054048,菜单,しょうえい,,untranslated,
DATA5.BIN#4054064,DATA5.BIN,4054064,菜单,しょういちろう,,untranslated,
DATA5.BIN#4054080,DATA5.BIN,4054080,菜单,しょういち,,untranslated,
DATA5.BIN#4054104,DATA5.BIN,4054104,菜单,しゅんたろう,,untranslated,
DATA5.BIN#4054120,DATA5.BIN,4054120,菜单,しゅんすけ,,untranslated,
DATA5.BIN#4054136,DATA5.BIN,4054136,菜单,しゅんじ,,untranslated,
DATA5.BIN#4054152,DATA5.BIN,4054152,菜单,しゅんさく,,untranslated,
DATA5.BIN#4054168,DATA5.BIN,4054168,菜单,しゅんきち,,untranslated,
DATA5.BIN#4054184,DATA5.BIN,4054184,菜单,しゅんき,,untranslated,
DATA5.BIN#4054200,DATA5.BIN,4054200,菜单,しゅんいちろう,,untranslated,
DATA5.BIN#4054216,DATA5.BIN,4054216,菜单,しゅんいち,,untranslated,
DATA5.BIN#4054232,DATA5.BIN,4054232,菜单,しゅうへい,,untranslated,
DATA5.BIN#4054248,DATA5.BIN,4054248,菜单,しゅうた,,untranslated,
DATA5.BIN#4054264,DATA5.BIN,4054264,菜单,しゅうぞう,,untranslated,
DATA5.BIN#4054280,DATA5.BIN,4054280,菜单,しゅうすけ,,untranslated,
DATA5.BIN#4054296,DATA5.BIN,4054296,菜单,しゅうじ,,untranslated,
DATA5.BIN#4054312,DATA5.BIN,4054312,菜单,しゅうご,,untranslated,
DATA5.BIN#4054328,DATA5.BIN,4054328,菜单,しゅうきち,,untranslated,
DATA5.BIN#4054344,DATA5.BIN,4054344,菜单,しゅういちろう,,untranslated,
DATA5.BIN#4054360,DATA5.BIN,4054360,菜单,しゅういち,,untranslated,
DATA5.BIN#4054408,DATA5.BIN,4054408,菜单,しげよし,,untranslated,
DATA5.BIN#4054424,DATA5.BIN,4054424,菜单,しげやす,,untranslated,
DATA5.BIN#4054464,DATA5.BIN,4054464,菜单,しげみつ,,untranslated,
DATA5.BIN#4054480,DATA5.BIN,4054480,菜单,しげふみ,,untranslated,
DATA5.BIN#4054496,DATA5.BIN,4054496,菜单,しげひろ,,untranslated,
DATA5.BIN#4054512,DATA5.BIN,4054512,菜单,しげひで,,untranslated,
DATA5.BIN#4054528,DATA5.BIN,4054528,菜单,しげひさ,,untranslated,
DATA5.BIN#4054544,DATA5.BIN,4054544,菜单,しげひこ,,untranslated,
DATA5.BIN#4054560,DATA5.BIN,4054560,菜单,しげはる,,untranslated,
DATA5.BIN#4054576,DATA5.BIN,4054576,菜单,しげのり,,untranslated,
DATA5.BIN#4054592,DATA5.BIN,4054592,菜单,しげのぶ,,untranslated,
DATA5.BIN#4054608,DATA5.BIN,4054608,菜单,しげなり,,untranslated,
DATA5.BIN#4054624,DATA5.BIN,4054624,菜单,しげなが,,untranslated,
DATA5.BIN#4054640,DATA5.BIN,4054640,菜单,しげなお,,untranslated,
DATA5.BIN#4054656,DATA5.BIN,4054656,菜单,しげとも,,untranslated,
DATA5.BIN#4054672,DATA5.BIN,4054672,菜单,しげとし,,untranslated,
DATA5.BIN#4054696,DATA5.BIN,4054696,菜单,しげたろう,,untranslated,
DATA5.BIN#4054712,DATA5.BIN,4054712,菜单,しげただ,,untranslated,
DATA5.BIN#4054728,DATA5.BIN,4054728,菜单,しげたか,,untranslated,
DATA5.BIN#4054744,DATA5.BIN,4054744,菜单,しげぞう,,untranslated,
DATA5.BIN#4054776,DATA5.BIN,4054776,菜单,しげかず,,untranslated,
DATA5.BIN#4054792,DATA5.BIN,4054792,菜单,しげあき,,untranslated,
DATA5.BIN#4054816,DATA5.BIN,4054816,菜单,さんぞう,,untranslated,
DATA5.BIN#4054832,DATA5.BIN,4054832,菜单,さんすい,,untranslated,
DATA5.BIN#4054856,DATA5.BIN,4054856,菜单,さんしろう,,untranslated,
DATA5.BIN#4054872,DATA5.BIN,4054872,菜单,さぶろう,,untranslated,
DATA5.BIN#4054888,DATA5.BIN,4054888,菜单,さねよし,,untranslated,
DATA5.BIN#4054920,DATA5.BIN,4054920,菜单,さとふみ,,untranslated,
DATA5.BIN#4054952,DATA5.BIN,4054952,菜单,さちゆき,,untranslated,
DATA5.BIN#4054968,DATA5.BIN,4054968,菜单,さだよし,,untranslated,
DATA5.BIN#4054984,DATA5.BIN,4054984,菜单,さだゆき,,untranslated,
DATA5.BIN#4055000,DATA5.BIN,4055000,菜单,さだまさ,,untranslated,
DATA5.BIN#4055016,DATA5.BIN,4055016,菜单,さだふみ,,untranslated,
DATA5.BIN#4055032,DATA5.BIN,4055032,菜单,さだひさ,,untranslated,
DATA5.BIN#4055048,DATA5.BIN,4055048,菜单,さだはる,,untranslated,
DATA5.BIN#4055064,DATA5.BIN,4055064,菜单,さだのり,,untranslated,
DATA5.BIN#4055080,DATA5.BIN,4055080,菜单,さだとし,,untranslated,
DATA5.BIN#4055096,DATA5.BIN,4055096,菜单,さだつぐ,,untranslated,
DATA5.BIN#4055112,DATA5.BIN,4055112,菜单,さだたけ,,untranslated,
DATA5.BIN#4055128,DATA5.BIN,4055128,菜单,さだたか,,untranslated,
DATA5.BIN#4055144,DATA5.BIN,4055144,菜单,さだかつ,,untranslated,
DATA5.BIN#4055160,DATA5.BIN,4055160,菜单,さだかず,,untranslated,
DATA5.BIN#4055176,DATA5.BIN,4055176,菜单,さだおき,,untranslated,
DATA5.BIN#4055200,DATA5.BIN,4055200,菜单,さだあき,,untranslated,
DATA5.BIN#4055224,DATA5.BIN,4055224,菜单,さくたろう,,untranslated,
DATA5.BIN#4055248,DATA5.BIN,4055248,菜单,さきょう,,untranslated,
DATA5.BIN#4055264,DATA5.BIN,4055264,菜单,これまさ,,untranslated,
DATA5.BIN#4055280,DATA5.BIN,4055280,菜单,こじろう,,untranslated,
DATA5.BIN#4055296,DATA5.BIN,4055296,菜单,こごろう,,untranslated,
DATA5.BIN#4055312,DATA5.BIN,4055312,菜单,こうよう,,untranslated,
DATA5.BIN#4055328,DATA5.BIN,4055328,菜单,こうへい,,untranslated,
DATA5.BIN#4055344,DATA5.BIN,4055344,菜单,こうのすけ,,untranslated,
DATA5.BIN#4055360,DATA5.BIN,4055360,菜单,こうたろう,,untranslated,
DATA5.BIN#4055384,DATA5.BIN,4055384,菜单,こうぞう,,untranslated,
DATA5.BIN#4055400,DATA5.BIN,4055400,菜单,こうせい,,untranslated,
DATA5.BIN#4055416,DATA5.BIN,4055416,菜单,こうすけ,,untranslated,
DATA5.BIN#4055432,DATA5.BIN,4055432,菜单,こうじろう,,untranslated,
DATA5.BIN#4055456,DATA5.BIN,4055456,菜单,こうしろう,,untranslated,
DATA5.BIN#4055472,DATA5.BIN,4055472,菜单,こうざぶろう,,untranslated,
DATA5.BIN#4055488,DATA5.BIN,4055488,菜单,こうさく,,untranslated,
DATA5.BIN#4055504,DATA5.BIN,4055504,菜单,こうきち,,untranslated,
DATA5.BIN#4055528,DATA5.BIN,4055528,菜单,こうかい,,untranslated,
DATA5.BIN#4055544,DATA5.BIN,4055544,菜单,こういん,,untranslated,
DATA5.BIN#4055560,DATA5.BIN,4055560,菜单,こういちろう,,untranslated,
DATA5.BIN#4055576,DATA5.BIN,4055576,菜单,こういち,,untranslated,
DATA5.BIN#4055600,DATA5.BIN,4055600,菜单,けんたろう,,untranslated,
DATA5.BIN#4055624,DATA5.BIN,4055624,菜单,けんぞう,,untranslated,
DATA5.BIN#4055640,DATA5.BIN,4055640,菜单,けんせい,,untranslated,
DATA5.BIN#4055656,DATA5.BIN,4055656,菜单,けんすけ,,untranslated,
DATA5.BIN#4055672,DATA5.BIN,4055672,菜单,けんじろう,,untranslated,
DATA5.BIN#4055704,DATA5.BIN,4055704,菜单,けんきち,,untranslated,
DATA5.BIN#4055720,DATA5.BIN,4055720,菜单,けんいちろう,,untranslated,
DATA5.BIN#4055736,DATA5.BIN,4055736,菜单,けんいち,,untranslated,
DATA5.BIN#4055760,DATA5.BIN,4055760,菜单,けえすけ,,untranslated,
DATA5.BIN#4055776,DATA5.BIN,4055776,菜单,けいたろう,,untranslated,
DATA5.BIN#4055800,DATA5.BIN,4055800,菜单,けいぞう,,untranslated,
DATA5.BIN#4055816,DATA5.BIN,4055816,菜单,けいせい,,untranslated,
DATA5.BIN#4055832,DATA5.BIN,4055832,菜单,けいすけ,,untranslated,
DATA5.BIN#4055848,DATA5.BIN,4055848,菜单,けいじゅ,,untranslated,
DATA5.BIN#4055872,DATA5.BIN,4055872,菜单,けいしろう,,untranslated,
DATA5.BIN#4055896,DATA5.BIN,4055896,菜单,けいざぶろう,,untranslated,
DATA5.BIN#4055912,DATA5.BIN,4055912,菜单,けいさく,,untranslated,
DATA5.BIN#4055936,DATA5.BIN,4055936,菜单,けいきち,,untranslated,
DATA5.BIN#4055952,DATA5.BIN,4055952,菜单,けいいちろう,,untranslated,
DATA5.BIN#4055968,DATA5.BIN,4055968,菜单,けいいち,,untranslated,
DATA5.BIN#4056000,DATA5.BIN,4056000,菜单,くによし,,untranslated,
DATA5.BIN#4056016,DATA5.BIN,4056016,菜单,くにゆき,,untranslated,
DATA5.BIN#4056032,DATA5.BIN,4056032,菜单,くにやす,,untranslated,
DATA5.BIN#4056056,DATA5.BIN,4056056,菜单,くにみつ,,untranslated,
DATA5.BIN#4056072,DATA5.BIN,4056072,菜单,くにまさ,,untranslated,
DATA5.BIN#4056088,DATA5.BIN,4056088,菜单,くにひろ,,untranslated,
DATA5.BIN#4056104,DATA5.BIN,4056104,菜单,くにひと,,untranslated,
DATA5.BIN#4056120,DATA5.BIN,4056120,菜单,くにひで,,untranslated,
DATA5.BIN#4056136,DATA5.BIN,4056136,菜单,くにひこ,,untranslated,
DATA5.BIN#4056152,DATA5.BIN,4056152,菜单,くにはる,,untranslated,
DATA5.BIN#4056168,DATA5.BIN,4056168,菜单,くにのり,,untranslated,
DATA5.BIN#4056184,DATA5.BIN,4056184,菜单,くにとし,,untranslated,
DATA5.BIN#4056200,DATA5.BIN,4056200,菜单,くにつぐ,,untranslated,
DATA5.BIN#4056216,DATA5.BIN,4056216,菜单,くにたろう,,untranslated,
DATA5.BIN#4056232,DATA5.BIN,4056232,菜单,くにただ,,untranslated,
DATA5.BIN#4056248,DATA5.BIN,4056248,菜单,くにたけ,,untranslated,
DATA5.BIN#4056264,DATA5.BIN,4056264,菜单,くにたか,,untranslated,
DATA5.BIN#4056280,DATA5.BIN,4056280,菜单,くにすけ,,untranslated,
DATA5.BIN#4056304,DATA5.BIN,4056304,菜单,くにしげ,,untranslated,
DATA5.BIN#4056328,DATA5.BIN,4056328,菜单,くにあき,,untranslated,
DATA5.BIN#4056344,DATA5.BIN,4056344,菜单,くすひと,,untranslated,
DATA5.BIN#4056384,DATA5.BIN,4056384,菜单,きんのすけ,,untranslated,
DATA5.BIN#4056400,DATA5.BIN,4056400,菜单,きんぞう,,untranslated,
DATA5.BIN#4056416,DATA5.BIN,4056416,菜单,きんすけ,,untranslated,
DATA5.BIN#4056448,DATA5.BIN,4056448,菜单,きよゆき,,untranslated,
DATA5.BIN#4056464,DATA5.BIN,4056464,菜单,きよやす,,untranslated,
DATA5.BIN#4056488,DATA5.BIN,4056488,菜单,きよまさ,,untranslated,
DATA5.BIN#4056504,DATA5.BIN,4056504,菜单,きよひろ,,untranslated,
DATA5.BIN#4056520,DATA5.BIN,4056520,菜单,きよひと,,untranslated,
DATA5.BIN#4056536,DATA5.BIN,4056536,菜单,きよひで,,untranslated,
DATA5.BIN#4056552,DATA5.BIN,4056552,菜单,きよひさ,,untranslated,
DATA5.BIN#4056568,DATA5.BIN,4056568,菜单,きよひこ,,untranslated,
DATA5.BIN#4056584,DATA5.BIN,4056584,菜单,きよはる,,untranslated,
DATA5.BIN#4056600,DATA5.BIN,4056600,菜单,きよのり,,untranslated,
DATA5.BIN#4056616,DATA5.BIN,4056616,菜单,きよのぶ,,untranslated,
DATA5.BIN#4056632,DATA5.BIN,4056632,菜单,きよなり,,untranslated,
DATA5.BIN#4056648,DATA5.BIN,4056648,菜单,きよとし,,untranslated,
DATA5.BIN#4056672,DATA5.BIN,4056672,菜单,きよただ,,untranslated,
DATA5.BIN#4056688,DATA5.BIN,4056688,菜单,きよたけ,,untranslated,
DATA5.BIN#4056704,DATA5.BIN,4056704,菜单,きよたか,,untranslated,
DATA5.BIN#4056720,DATA5.BIN,4056720,菜单,きよずみ,,untranslated,
DATA5.BIN#4056744,DATA5.BIN,4056744,菜单,きよしげ,,untranslated,
DATA5.BIN#4056768,DATA5.BIN,4056768,菜单,きよくに,,untranslated,
DATA5.BIN#4056784,DATA5.BIN,4056784,菜单,きよかず,,untranslated,
DATA5.BIN#4056800,DATA5.BIN,4056800,菜单,きよあき,,untranslated,
DATA5.BIN#4056816,DATA5.BIN,4056816,菜单,きょうへい,,untranslated,
DATA5.BIN#4056832,DATA5.BIN,4056832,菜单,きょうのすけ,,untranslated,
DATA5.BIN#4056848,DATA5.BIN,4056848,菜单,きょうたろう,,untranslated,
DATA5.BIN#4056864,DATA5.BIN,4056864,菜单,きょうた,,untranslated,
DATA5.BIN#4056880,DATA5.BIN,4056880,菜单,きょうぞう,,untranslated,
DATA5.BIN#4056896,DATA5.BIN,4056896,菜单,きょうすけ,,untranslated,
DATA5.BIN#4056912,DATA5.BIN,4056912,菜单,きょうじ,,untranslated,
DATA5.BIN#4056928,DATA5.BIN,4056928,菜单,きょういちろう,,untranslated,
DATA5.BIN#4056944,DATA5.BIN,4056944,菜单,きょういち,,untranslated,
DATA5.BIN#4056960,DATA5.BIN,4056960,菜单,きゅうや,,untranslated,
DATA5.BIN#4056976,DATA5.BIN,4056976,菜单,きゅうま,,untranslated,
DATA5.BIN#4056992,DATA5.BIN,4056992,菜单,きみよし,,untranslated,
DATA5.BIN#4057008,DATA5.BIN,4057008,菜单,きみゆき,,untranslated,
DATA5.BIN#4057024,DATA5.BIN,4057024,菜单,きみやす,,untranslated,
DATA5.BIN#4057048,DATA5.BIN,4057048,菜单,きみひろ,,untranslated,
DATA5.BIN#4057064,DATA5.BIN,4057064,菜单,きみひと,,untranslated,
DATA5.BIN#4057080,DATA5.BIN,4057080,菜单,きみひで,,untranslated,
DATA5.BIN#4057096,DATA5.BIN,4057096,菜单,きみひこ,,untranslated,
DATA5.BIN#4057112,DATA5.BIN,4057112,菜单,きみのり,,untranslated,
DATA5.BIN#4057128,DATA5.BIN,4057128,菜单,きみとし,,untranslated,
DATA5.BIN#4057144,DATA5.BIN,4057144,菜单,きみたか,,untranslated,
DATA5.BIN#4057160,DATA5.BIN,4057160,菜单,きみかず,,untranslated,
DATA5.BIN#4057184,DATA5.BIN,4057184,菜单,きみあき,,untranslated,
DATA5.BIN#4057208,DATA5.BIN,4057208,菜单,きちのすけ,,untranslated,
DATA5.BIN#4057256,DATA5.BIN,4057256,菜单,きくのすけ,,untranslated,
DATA5.BIN#4057280,DATA5.BIN,4057280,菜单,きいちろう,,untranslated,
DATA5.BIN#4057320,DATA5.BIN,4057320,菜单,かんぞう,,untranslated,
DATA5.BIN#4057336,DATA5.BIN,4057336,菜单,かんすけ,,untranslated,
DATA5.BIN#4057352,DATA5.BIN,4057352,菜单,かんじろう,,untranslated,
DATA5.BIN#4057384,DATA5.BIN,4057384,菜单,かんきち,,untranslated,
DATA5.BIN#4057416,DATA5.BIN,4057416,菜单,かねよし,,untranslated,
DATA5.BIN#4057432,DATA5.BIN,4057432,菜单,かねゆき,,untranslated,
DATA5.BIN#4057448,DATA5.BIN,4057448,菜单,かねやす,,untranslated,
DATA5.BIN#4057464,DATA5.BIN,4057464,菜单,かねみつ,,untranslated,
DATA5.BIN#4057480,DATA5.BIN,4057480,菜单,かねまさ,,untranslated,
DATA5.BIN#4057496,DATA5.BIN,4057496,菜单,かねひさ,,untranslated,
DATA5.BIN#4057536,DATA5.BIN,4057536,菜单,かづよし,,untranslated,
DATA5.BIN#4057568,DATA5.BIN,4057568,菜单,かつよし,,untranslated,
DATA5.BIN#4057584,DATA5.BIN,4057584,菜单,かつゆき,,untranslated,
DATA5.BIN#4057608,DATA5.BIN,4057608,菜单,かつもと,,untranslated,
DATA5.BIN#4057624,DATA5.BIN,4057624,菜单,かつみつ,,untranslated,
DATA5.BIN#4057640,DATA5.BIN,4057640,菜单,かつみち,,untranslated,
DATA5.BIN#4057664,DATA5.BIN,4057664,菜单,かつまさ,,untranslated,
DATA5.BIN#4057688,DATA5.BIN,4057688,菜单,かつふみ,,untranslated,
DATA5.BIN#4057704,DATA5.BIN,4057704,菜单,かつひろ,,untranslated,
DATA5.BIN#4057720,DATA5.BIN,4057720,菜单,かつひさ,,untranslated,
DATA5.BIN#4057736,DATA5.BIN,4057736,菜单,かつひこ,,untranslated,
DATA5.BIN#4057752,DATA5.BIN,4057752,菜单,かつはる,,untranslated,
DATA5.BIN#4057768,DATA5.BIN,4057768,菜单,かつのり,,untranslated,
DATA5.BIN#4057784,DATA5.BIN,4057784,菜单,かつのぶ,,untranslated,
DATA5.BIN#4057800,DATA5.BIN,4057800,菜单,かつとも,,untranslated,
DATA5.BIN#4057816,DATA5.BIN,4057816,菜单,かつとし,,untranslated,
DATA5.BIN#4057832,DATA5.BIN,4057832,菜单,かつたか,,untranslated,
DATA5.BIN#4057848,DATA5.BIN,4057848,菜单,かつすけ,,untranslated,
DATA5.BIN#4057864,DATA5.BIN,4057864,菜单,かつしげ,,untranslated,
DATA5.BIN#4057880,DATA5.BIN,4057880,菜单,かつさぶろう,,untranslated,
DATA5.BIN#4057904,DATA5.BIN,4057904,菜单,かついち,,untranslated,
DATA5.BIN#4057920,DATA5.BIN,4057920,菜单,かつあき,,untranslated,
DATA5.BIN#4057936,DATA5.BIN,4057936,菜单,かずよし,,untranslated,
DATA5.BIN#4057952,DATA5.BIN,4057952,菜单,かずゆき,,untranslated,
DATA5.BIN#4057968,DATA5.BIN,4057968,菜单,かずやす,,untranslated,
DATA5.BIN#4057992,DATA5.BIN,4057992,菜单,かずみつ,,untranslated,
DATA5.BIN#4058016,DATA5.BIN,4058016,菜单,かずまさ,,untranslated,
DATA5.BIN#4058040,DATA5.BIN,4058040,菜单,かずふみ,,untranslated,
DATA5.BIN#4058056,DATA5.BIN,4058056,菜单,かずひろ,,untranslated,
DATA5.BIN#4058072,DATA5.BIN,4058072,菜单,かずひと,,untranslated,
DATA5.BIN#4058088,DATA5.BIN,4058088,菜单,かずひで,,untranslated,
DATA5.BIN#4058104,DATA5.BIN,4058104,菜单,かずひさ,,untranslated,
DATA5.BIN#4058120,DATA5.BIN,4058120,菜单,かずひこ,,untranslated,
DATA5.BIN#4058136,DATA5.BIN,4058136,菜单,かずはる,,untranslated,
DATA5.BIN#4058152,DATA5.BIN,4058152,菜单,かずのり,,untranslated,
DATA5.BIN#4058168,DATA5.BIN,4058168,菜单,かずのぶ,,untranslated,
DATA5.BIN#4058184,DATA5.BIN,4058184,菜单,かずなり,,untranslated,
DATA5.BIN#4058200,DATA5.BIN,4058200,菜单,かずとも,,untranslated,
DATA5.BIN#4058216,DATA5.BIN,4058216,菜单,かずとし,,untranslated,
DATA5.BIN#4058240,DATA5.BIN,4058240,菜单,かずたみ,,untranslated,
DATA5.BIN#4058256,DATA5.BIN,4058256,菜单,かずただ,,untranslated,
DATA5.BIN#4058272,DATA5.BIN,4058272,菜单,かずたか,,untranslated,
DATA5.BIN#4058288,DATA5.BIN,4058288,菜单,かずすけ,,untranslated,
DATA5.BIN#4058304,DATA5.BIN,4058304,菜单,かずしげ,,untranslated,
DATA5.BIN#4058344,DATA5.BIN,4058344,菜单,かずあき,,untranslated,
DATA5.BIN#4058368,DATA5.BIN,4058368,菜单,かげまさ,,untranslated,
DATA5.BIN#4058400,DATA5.BIN,4058400,菜单,かいちろう,,untranslated,
DATA5.BIN#4058416,DATA5.BIN,4058416,菜单,かいせい,,untranslated,
DATA5.BIN#4058440,DATA5.BIN,4058440,菜单,かいしん,,untranslated,
DATA5.BIN#4058456,DATA5.BIN,4058456,菜单,かいこう,,untranslated,
DATA5.BIN#4058480,DATA5.BIN,4058480,菜单,おとよし,,untranslated,
DATA5.BIN#4058496,DATA5.BIN,4058496,菜单,おとひこ,,untranslated,
DATA5.BIN#4058512,DATA5.BIN,4058512,菜单,おとじろう,,untranslated,
DATA5.BIN#4058552,DATA5.BIN,4058552,菜单,えんのすけ,,untranslated,
DATA5.BIN#4058592,DATA5.BIN,4058592,菜单,えいのすけ,,untranslated,
DATA5.BIN#4058608,DATA5.BIN,4058608,菜单,えいてつ,,untranslated,
DATA5.BIN#4058624,DATA5.BIN,4058624,菜单,えいたろう,,untranslated,
DATA5.BIN#4058648,DATA5.BIN,4058648,菜单,えいぞう,,untranslated,
DATA5.BIN#4058664,DATA5.BIN,4058664,菜单,えいすけ,,untranslated,
DATA5.BIN#4058680,DATA5.BIN,4058680,菜单,えいじろう,,untranslated,
DATA5.BIN#4058704,DATA5.BIN,4058704,菜单,えいしん,,untranslated,
DATA5.BIN#4058720,DATA5.BIN,4058720,菜单,えいしろう,,untranslated,
DATA5.BIN#4058736,DATA5.BIN,4058736,菜单,えいしゅん,,untranslated,
DATA5.BIN#4058760,DATA5.BIN,4058760,菜单,えいさく,,untranslated,
DATA5.BIN#4058784,DATA5.BIN,4058784,菜单,えいけん,,untranslated,
DATA5.BIN#4058800,DATA5.BIN,4058800,菜单,えいきち,,untranslated,
DATA5.BIN#4058824,DATA5.BIN,4058824,菜单,えいいちろう,,untranslated,
DATA5.BIN#4058840,DATA5.BIN,4058840,菜单,えいいち,,untranslated,
DATA5.BIN#4058856,DATA5.BIN,4058856,菜单,うみひこ,,untranslated,
DATA5.BIN#4058888,DATA5.BIN,4058888,菜单,うのすけ,,untranslated,
DATA5.BIN#4058912,DATA5.BIN,4058912,菜单,うずひこ,,untranslated,
DATA5.BIN#4058928,DATA5.BIN,4058928,菜单,うしのすけ,,untranslated,
DATA5.BIN#4058944,DATA5.BIN,4058944,菜单,うきょう,,untranslated,
DATA5.BIN#4058960,DATA5.BIN,4058960,菜单,ういちろう,,untranslated,
DATA5.BIN#4058992,DATA5.BIN,4058992,菜单,いっぺい,,untranslated,
DATA5.BIN#4059008,DATA5.BIN,4059008,菜单,いっせい,,untranslated,
DATA5.BIN#4059024,DATA5.BIN,4059024,菜单,いっこう,,untranslated,
DATA5.BIN#4059040,DATA5.BIN,4059040,菜单,いちろう,,untranslated,
DATA5.BIN#4059104,DATA5.BIN,4059104,菜单,いくろう,,untranslated,
DATA5.BIN#4059136,DATA5.BIN,4059136,菜单,いくのすけ,,untranslated,
DATA5.BIN#4059152,DATA5.BIN,4059152,菜单,いくたろう,,untranslated,
DATA5.BIN#4059176,DATA5.BIN,4059176,菜单,いえやす,,untranslated,
DATA5.BIN#4059192,DATA5.BIN,4059192,菜单,ありつね,,untranslated,
DATA5.BIN#4059216,DATA5.BIN,4059216,菜单,あつろう,,untranslated,
DATA5.BIN#4059232,DATA5.BIN,4059232,菜单,あつよし,,untranslated,
DATA5.BIN#4059248,DATA5.BIN,4059248,菜单,あつゆき,,untranslated,
DATA5.BIN#4059272,DATA5.BIN,4059272,菜单,あつまさ,,untranslated,
DATA5.BIN#4059288,DATA5.BIN,4059288,菜单,あつひろ,,untranslated,
DATA5.BIN#4059304,DATA5.BIN,4059304,菜单,あつひと,,untranslated,
DATA5.BIN#4059320,DATA5.BIN,4059320,菜单,あつひこ,,untranslated,
DATA5.BIN#4059336,DATA5.BIN,4059336,菜单,あつのり,,untranslated,
DATA5.BIN#4059352,DATA5.BIN,4059352,菜单,あつのぶ,,untranslated,
DATA5.BIN#4059376,DATA5.BIN,4059376,菜单,あつたか,,untranslated,
DATA5.BIN#4059424,DATA5.BIN,4059424,菜单,あきゆき,,untranslated,
DATA5.BIN#4059448,DATA5.BIN,4059448,菜单,あきもり,,untranslated,
DATA5.BIN#4059464,DATA5.BIN,4059464,菜单,あきみつ,,untranslated,
DATA5.BIN#4059480,DATA5.BIN,4059480,菜单,あきまさ,,untranslated,
DATA5.BIN#4059496,DATA5.BIN,4059496,菜单,あきふみ,,untranslated,
DATA5.BIN#4059512,DATA5.BIN,4059512,菜单,あきひろ,,untranslated,
DATA5.BIN#4059528,DATA5.BIN,4059528,菜单,あきひと,,untranslated,
DATA5.BIN#4059544,DATA5.BIN,4059544,菜单,あきひで,,untranslated,
DATA5.BIN#4059560,DATA5.BIN,4059560,菜单,あきひこ,,untranslated,
DATA5.BIN#4059576,DATA5.BIN,4059576,菜单,あきはる,,untranslated,
DATA5.BIN#4059592,DATA5.BIN,4059592,菜单,あきのり,,untranslated,
DATA5.BIN#4059608,DATA5.BIN,4059608,菜单,あきのぶ,,untranslated,
DATA5.BIN#4059624,DATA5.BIN,4059624,菜单,あきなり,,untranslated,
DATA5.BIN#4059640,DATA5.BIN,4059640,菜单,あきとも,,untranslated,
DATA5.BIN#4059656,DATA5.BIN,4059656,菜单,あきとし,,untranslated,
DATA5.BIN#4059680,DATA5.BIN,4059680,菜单,あきつね,,untranslated,
DATA5.BIN#4059696,DATA5.BIN,4059696,菜单,あきつぐ,,untranslated,
DATA5.BIN#4059712,DATA5.BIN,4059712,菜单,あきたろう,,untranslated,
DATA5.BIN#4059728,DATA5.BIN,4059728,菜单,あきただ,,untranslated,
DATA5.BIN#4059744,DATA5.BIN,4059744,菜单,あきたけ,,untranslated,
DATA5.BIN#4059760,DATA5.BIN,4059760,菜单,あきたか,,untranslated,
DATA5.BIN#4059776,DATA5.BIN,4059776,菜单,あきしげ,,untranslated,
DATA5.BIN#4059792,DATA5.BIN,4059792,菜单,あきさと,,untranslated,
DATA5.BIN#4059816,DATA5.BIN,4059816,菜单,あいいちろう,,untranslated,
DATA5.BIN#4059936,DATA5.BIN,4059936,菜单,渡井　かずみ,,untranslated,
DATA5.BIN#4059984,DATA5.BIN,4059984,菜单,相沢　ちとせ,,untranslated,
DATA5.BIN#4060064,DATA5.BIN,4060064,对话,入力された読みデータを検索しています。,,untranslated,
DATA5.BIN#4060112,DATA5.BIN,4060112,对话,作成したＥＶＳデータをセーブしますか？,,untranslated,
DATA5.BIN#4060152,DATA5.BIN,4060152,对话,ＥＶＳの作成が終了しました。,,untranslated,
DATA5.BIN#4060184,DATA5.BIN,4060184,菜单,ＥＶＳを作成しています。,,untranslated,
DATA5.BIN#4060216,DATA5.BIN,4060216,对话,"ＥＶＳを作成せずにゲームを始めます。
よろしいですか？",,untranslated,
DATA5.BIN#4060272,DATA5.BIN,4060272,对话,"ＥＶＳをこの呼び方で作成します。
よろしいですか？",,untranslated,
DATA5.BIN#4060328,DATA5.BIN,4060328,对话,編集する女の子を選択してください。,,untranslated,
DATA5.BIN#4060368,DATA5.BIN,4060368,对话,現在のＥＶＳを個別に編集します。,,untranslated,
DATA5.BIN#4060408,DATA5.BIN,4060408,对话,新しくＥＶＳを作成します。,,untranslated,
DATA5.BIN#4060440,DATA5.BIN,4060440,对话,"メモリーカード（PS2）からＥＶＳデータを
ロードします。",,untranslated,
DATA5.BIN#4060496,DATA5.BIN,4060496,对话,現在のＥＶＳデータをセーブします。,,untranslated,
DATA5.BIN#4060610,DATA5.BIN,4060610,菜单,%cあだ名：%s,,untranslated,
DATA5.BIN#4079200,DATA5.BIN,4079200,菜单,まさくん,,untranslated,
DATA5.BIN#4079216,DATA5.BIN,4079216,菜单,まーくん,,untranslated,
DATA5.BIN#4079232,DATA5.BIN,4079232,菜单,よしくん,,untranslated,
DATA5.BIN#4079248,DATA5.BIN,4079248,菜单,よっくん,,untranslated,
DATA5.BIN#4079264,DATA5.BIN,4079264,菜单,やすくん,,untranslated,
DATA5.BIN#4079280,DATA5.BIN,4079280,菜单,かずくん,,untranslated,
DATA5.BIN#4079296,DATA5.BIN,4079296,菜单,なおくん,,untranslated,
DATA5.BIN#4079312,DATA5.BIN,4079312,菜单,のぶくん,,untranslated,
DATA5.BIN#4305675,DATA5.BIN,4305675,菜单,$限ぎ-,,untranslated,
DATA5.BIN#4414984,DATA5.BIN,4414984,对话,○ボタンを押してください。,,untranslated,
DATA5.BIN#5914768,DATA5.BIN,5914768,菜单,バンダナ,,untranslated,
DATA5.BIN#5914800,DATA5.BIN,5914800,菜单,ダイヤのイヤリング,,untranslated,
DATA5.BIN#5914832,DATA5.BIN,5914832,菜单,ピンクのルージュ,,untranslated,
DATA5.BIN#5914864,DATA5.BIN,5914864,菜单,真紅のルージュ,,untranslated,
DATA5.BIN#5914896,DATA5.BIN,5914896,菜单,革ジャン,,untranslated,
DATA5.BIN#5914928,DATA5.BIN,5914928,菜单,犬のぬいぐるみ,,untranslated,
DATA5.BIN#5914960,DATA5.BIN,5914960,菜单,温泉旅行ファミリー宿泊券,,untranslated,
DATA5.BIN#5914992,DATA5.BIN,5914992,菜单,ハワイファミリー航空券,,untranslated,
DATA5.BIN#5915024,DATA5.BIN,5915024,菜单,男性アイドルのブロマイド,,untranslated,
DATA5.BIN#5915056,DATA5.BIN,5915056,菜单,女性アイドルのプロマイド,,untranslated,
DATA5.BIN#5915088,DATA5.BIN,5915088,菜单,男性演歌歌手のブロマイド,,untranslated,
DATA5.BIN#5915120,DATA5.BIN,5915120,菜单,女性演歌歌手のブロマイド,,untranslated,
DATA5.BIN#5915152,DATA5.BIN,5915152,菜单,伝説的ハッカーの生写真,,untranslated,
DATA5.BIN#5915184,DATA5.BIN,5915184,菜单,ポケットティッシュ,,untranslated,
DATA5.BIN#5915216,DATA5.BIN,5915216,菜单,トイレットペーパー,,untranslated,
DATA5.BIN#5915248,DATA5.BIN,5915248,菜单,石鹸詰め合わせ,,untranslated,
DATA5.BIN#5915280,DATA5.BIN,5915280,菜单,ハムスター,,untranslated,
DATA5.BIN#5915344,DATA5.BIN,5915344,菜单,健康のお守り,,untranslated,
DATA5.BIN#5915376,DATA5.BIN,5915376,菜单,勉学のお守り,,untranslated,
DATA5.BIN#5915408,DATA5.BIN,5915408,菜单,開運のお守り,,untranslated,
DATA5.BIN#6340592,DATA5.BIN,6340592,菜单,(禀&倪ヮ,,untranslated,
DATA5.BIN#6393832,DATA5.BIN,6393832,菜单,ＣＰＵアクセラレータ,,untranslated,
DATA5.BIN#6396400,DATA5.BIN,6396400,菜单,操作説明は以上です。,,untranslated,
DATA5.BIN#6396424,DATA5.BIN,6396424,对话,ゲーム開始時にクリアの条件を表示します。カエルの残数が０のときに条件を満たせばゲームクリアとなります。,,untranslated,
DATA5.BIN#6396528,DATA5.BIN,6396528,对话,カエル残数が０になるとゲーム終了です。,,untranslated,
DATA5.BIN#6396568,DATA5.BIN,6396568,对话,カエルがはすの上に乗れば成功で、乗ったはすの上に描かれたポイント数を獲得することができます。,,untranslated,
DATA5.BIN#6396664,DATA5.BIN,6396664,对话,○ボタンを離すとパワーが確定してカエルを飛ばすことができます。,,untranslated,
DATA5.BIN#6396728,DATA5.BIN,6396728,对话,○ボタンを押し続けるとパワーゲージが上昇します。,,untranslated,
DATA5.BIN#6396784,DATA5.BIN,6396784,对话,方向キーでカエルが乗っている台の向きを変更することができます。,,untranslated,
DATA5.BIN#6396848,DATA5.BIN,6396848,对话,画面右下には獲得ポイント数表示があります。,,untranslated,
DATA5.BIN#6396896,DATA5.BIN,6396896,对话,画面左下にはカエル残数表示があります。,,untranslated,
DATA5.BIN#6396936,DATA5.BIN,6396936,对话,画面右側にはパワーメーター表示があります。,,untranslated,
DATA5.BIN#6396984,DATA5.BIN,6396984,菜单,操作説明を行います。,,untranslated,
DATA5.BIN#6942368,DATA5.BIN,6942368,对话,相手よりも高ければ勝利です。,,untranslated,
DATA5.BIN#6942400,DATA5.BIN,6942400,对话,１０ゲーム終了時点でスコアが,,untranslated,
DATA5.BIN#6942432,DATA5.BIN,6942432,菜单,上手く調整して下さい。,,untranslated,
DATA5.BIN#6942456,DATA5.BIN,6942456,对话,球の曲がり方が変化しますので、,,untranslated,
DATA5.BIN#6942488,DATA5.BIN,6942488,对话,パワーと球の回転方向に応じて,,untranslated,
DATA5.BIN#6942520,DATA5.BIN,6942520,对话,球の回転方向を決定して下さい。,,untranslated,
DATA5.BIN#6942552,DATA5.BIN,6942552,对话,投げ終わるまでの間に方向キーで,,untranslated,
DATA5.BIN#6942584,DATA5.BIN,6942584,对话,プレイヤーが投球に入りますので、,,untranslated,
DATA5.BIN#6942624,DATA5.BIN,6942624,菜单,パワーを決定して下さい。,,untranslated,
DATA5.BIN#6942656,DATA5.BIN,6942656,对话,パワーゲージが上下しますので、,,untranslated,
DATA5.BIN#6942688,DATA5.BIN,6942688,对话,投げる方向を決定して下さい。,,untranslated,
DATA5.BIN#6942720,DATA5.BIN,6942720,对话,プレイヤーが向きを変えますので、,,untranslated,
DATA5.BIN#6942760,DATA5.BIN,6942760,对话,投げる位置を決定して下さい。,,untranslated,
DATA5.BIN#6942792,DATA5.BIN,6942792,对话,タイミング良く○ボタンを押して,,untranslated,
DATA5.BIN#6942824,DATA5.BIN,6942824,对话,プレイヤーが左右に移動しますので、,,untranslated,
DATA5.BIN#6942864,DATA5.BIN,6942864,对话,ボールの回転方向表示があります。,,untranslated,
DATA5.BIN#6942904,DATA5.BIN,6942904,菜单,画面左下には,,untranslated,
DATA5.BIN#6942920,DATA5.BIN,6942920,对话,パワーメーター表示があります。,,untranslated,
DATA5.BIN#6942952,DATA5.BIN,6942952,菜单,画面左上には,,untranslated,
DATA5.BIN#6942968,DATA5.BIN,6942968,菜单,スコア表示があります。,,untranslated,
DATA5.BIN#6942992,DATA5.BIN,6942992,菜单,画面右上には,,untranslated,
DATA5.BIN#7126789,DATA5.BIN,7126789,菜单,ウ鈷パ$,,untranslated,
DATA5.BIN#7127105,DATA5.BIN,7127105,菜单,ウ限“$,,untranslated,
DATA5.BIN#7127253,DATA5.BIN,7127253,菜单,ゥ限“$,,untranslated,
DATA5.BIN#7127722,DATA5.BIN,7127722,菜单,D灼パ$,,untranslated,
DATA5.BIN#7140941,DATA5.BIN,7140941,菜单,κ省ョ座,,untranslated,
DATA5.BIN#7141105,DATA5.BIN,7141105,菜单,δ省エ座@,,untranslated,
DATA5.BIN#7176216,DATA5.BIN,7176216,对话,画面左上にはミニマップ表示があります。,,untranslated,
DATA5.BIN#7176256,DATA5.BIN,7176256,对话,画面右上には残りタイム表示があります。,,untranslated,
DATA5.BIN#7176296,DATA5.BIN,7176296,对话,"このゲームは制限時間内に迷路を進み、
規定のゴールへと辿り着くことが目的です。",,untranslated,
DATA5.BIN#7176376,DATA5.BIN,7176376,对话,方向キーの上で１ブロック先へ進むことができます。,,untranslated,
DATA5.BIN#7176432,DATA5.BIN,7176432,对话,"止まっている時に○ボタンを押すと
マップ表示画面に切り替わります。",,untranslated,
DATA5.BIN#7176504,DATA5.BIN,7176504,对话,"マップ表示画面では、
今までに通過した部分のみ表示されます。",,untranslated,
DATA5.BIN#7176568,DATA5.BIN,7176568,对话,"方向キーの左右でそれぞれの方向へ９０度
向きを変えることができます。",,untranslated,
DATA5.BIN#7176640,DATA5.BIN,7176640,对话,方向キーの下で１ブロック後へ戻ることができます。,,untranslated,
DATA5.BIN#7176696,DATA5.BIN,7176696,对话,"迷路内にはゴーストがうろうろしています。
ゴーストに接触されてしまうと
スタート地点へと引き戻されてしまいます。",,untranslated,
DATA5.BIN#7176808,DATA5.BIN,7176808,对话,"フットスイッチも迷路内には存在します。
フットスイッチのあるブロックに移動すると
スイッチを踏んだことになります。",,untranslated,
DATA5.BIN#7176928,DATA5.BIN,7176928,对话,"フットスイッチを踏むことで
ゴール手前の鉄柵が開きます。
鉄柵を開けないとゴールできません。",,untranslated,
DATA5.BIN#7177048,DATA5.BIN,7177048,对话,"無事にゴールまでたどりついた後や
時間切れになった後は
リザルト画面に移行します。",,untranslated,
DATA5.BIN#7177136,DATA5.BIN,7177136,对话,"リザルト画面では、そのゲームにおける
プレイヤーの移動経路をたどります。",,untranslated,
DATA5.BIN#7853766,DATA5.BIN,7853766,菜单,ぎ漾~$@,,untranslated,
DATA5.BIN#7917376,DATA5.BIN,7917376,菜单,ゆっこすろー,,untranslated,
DATA5.BIN#7917416,DATA5.BIN,7917416,菜单,りかすろー,,untranslated,
DATA5.BIN#7917456,DATA5.BIN,7917456,菜单,まりすろー,,untranslated,
DATA5.BIN#7917496,DATA5.BIN,7917496,菜单,ちとせすろー,,untranslated,
DATA5.BIN#7917536,DATA5.BIN,7917536,菜单,えみすろー,,untranslated,
DATA5.BIN#7917576,DATA5.BIN,7917576,菜单,せりかすろー,,untranslated,
DATA5.BIN#7917616,DATA5.BIN,7917616,菜单,かずみすろー,,untranslated,
DATA5.BIN#7917656,DATA5.BIN,7917656,菜单,ほたるすろー,,untranslated,
DATA5.BIN#7917696,DATA5.BIN,7917696,菜单,キザすろー,,untranslated,
DATA5.BIN#7917736,DATA5.BIN,7917736,菜单,デブすろー,,untranslated,
DATA5.BIN#7930496,DATA5.BIN,7930496,对话,モード選べー、、、うにゅう。,,untranslated,
DATA5.BIN#7933304,DATA5.BIN,7933304,对话,以上、枕投げの遊戯説明でした。,,untranslated,
DATA5.BIN#7933336,DATA5.BIN,7933336,对话,"必殺投げゲージは時間と共に増え、
必殺投げができる状態になると
黄色に変化します。",,untranslated,
DATA5.BIN#7933424,DATA5.BIN,7933424,对话,"必殺投げは、必殺投げゲージが
赤色のうちは使うことができません。",,untranslated,
DATA5.BIN#7933488,DATA5.BIN,7933488,对话,"ただし、主人公に必殺投げは
ありません。",,untranslated,
DATA5.BIN#7933528,DATA5.BIN,7933528,对话,"枕を持った状態でＬ１ボタンを
押すと、各キャラクター固有の
必殺投げができます。",,untranslated,
DATA5.BIN#7933608,DATA5.BIN,7933608,对话,"何も持たない状態で○ボタンを
押すと、ジャンプする事が
できます。",,untranslated,
DATA5.BIN#7933680,DATA5.BIN,7933680,对话,"まくらを持った状態で×ボタンを
押すと、まくらを投げます。",,untranslated,
DATA5.BIN#7933744,DATA5.BIN,7933744,对话,"まくらに近づいて×ボタンを押すと、
まくらを拾います。",,untranslated,
DATA5.BIN#7933800,DATA5.BIN,7933800,菜单,次に操作説明を行います。,,untranslated,
DATA5.BIN#7933832,DATA5.BIN,7933832,对话,"パートナーと協力して
上手にポイントを積み重ね、
チームを勝利に導きましょう。",,untranslated,
DATA5.BIN#7933912,DATA5.BIN,7933912,对话,"枕を当てた回数、ポイントアイテムを
取った回数、残り体力値に応じて
ポイントが入ります。",,untranslated,
DATA5.BIN#7934000,DATA5.BIN,7934000,对话,"チームの勝敗は獲得ポイントによって
決まります。",,untranslated,
DATA5.BIN#7934048,DATA5.BIN,7934048,对话,"このゲームは、パートナーとチームを
組んで、フィールドに落ちている枕や
布団をぶつけ合うゲームです。",,untranslated,
DATA5.BIN#7934152,DATA5.BIN,7934152,对话,最初にゲームのルールを説明します。,,untranslated,
DATA5.BIN#8058368,DATA5.BIN,8058368,对话,"からの年賀状だ。
ほんわかした色使いだなぁ。",,untranslated,
DATA5.BIN#8058447,DATA5.BIN,8058447,对话,"からの年賀状だ。
全然正月らしくないけど…まあいいか。",,untranslated,
DATA5.BIN#8058536,DATA5.BIN,8058536,对话,"からの年賀状だ。
こ、これは…なんというか
独特のセンスだなぁ…。",,untranslated,
DATA5.BIN#8058636,DATA5.BIN,8058636,对话,"からの年賀状だ。
にぎやかで",,untranslated,
DATA5.BIN#8058668,DATA5.BIN,8058668,菜单,らしいな。,,untranslated,
DATA5.BIN#8058714,DATA5.BIN,8058714,对话,"からの年賀状だ。
筆書きの文字か。味があっていいな。",,untranslated,
DATA5.BIN#8058801,DATA5.BIN,8058801,对话,"からの年賀状だ。
でも、文字だけ…？",,untranslated,
DATA5.BIN#8058842,DATA5.BIN,8058842,菜单,らしいけど…。,,untranslated,
DATA5.BIN#8058892,DATA5.BIN,8058892,对话,"からの年賀状だ。
おもちか…何個食べたっけ？",,untranslated,
DATA5.BIN#8058971,DATA5.BIN,8058971,对话,"からの年賀状だ。
きれいな色づかいだな。",,untranslated,
DATA5.BIN#8059046,DATA5.BIN,8059046,对话,"からの年賀状だ。
いかにも社交辞令って感じだな。",,untranslated,
DATA5.BIN#8059129,DATA5.BIN,8059129,对话,"からの年賀状だ。
ご、豪快だな…。",,untranslated,
DATA5.BIN#8059198,DATA5.BIN,8059198,对话,"からの年賀状だ。
ワンポイントのイラストがかわいいな。",,untranslated,
DATA5.BIN#8059287,DATA5.BIN,8059287,菜单,"からの年賀状だ。
まあ、",,untranslated,
DATA5.BIN#8059315,DATA5.BIN,8059315,菜单,らしいというか…。,,untranslated,
DATA5.BIN#8059369,DATA5.BIN,8059369,对话,"からの年賀状だ。
個性的と言うか…すごいセンスだなぁ…。",,untranslated,
DATA5.BIN#8059460,DATA5.BIN,8059460,菜单,からの年賀状だ。,,untranslated,
DATA5.BIN#8059482,DATA5.BIN,8059482,菜单,らしいデザインだな。,,untranslated,
DATA5.BIN#8059538,DATA5.BIN,8059538,对话,"からの年賀状だ。
一枚一枚手書きなのかな…
大変そうだ。",,untranslated,
DATA5.BIN#8059628,DATA5.BIN,8059628,对话,"からの年賀状だ。
質素といえばいいのか…。",,untranslated,
DATA5.BIN#8059705,DATA5.BIN,8059705,对话,"からの年賀状だ。
かわいらしいイラストだな。
自分で描いたのかな？",,untranslated,
DATA5.BIN#8059805,DATA5.BIN,8059805,对话,"からの年賀状だ。
シンプルだけど、きれいな色使いだな。",,untranslated,
DATA5.BIN#8059894,DATA5.BIN,8059894,对话,"からの年賀状だ。
いかにもまとめて作った感じだな。",,untranslated,
DATA5.BIN#8059979,DATA5.BIN,8059979,对话,"からの年賀状だ。
相変わらず勢いがあるな…。",,untranslated,
DATA5.BIN#8060147,DATA5.BIN,8060147,对话,"からの年賀状だ。
なんだか全然正月らしくないけど…
まあいいや。",,untranslated,
DATA5.BIN#8060245,DATA5.BIN,8060245,对话,"からの年賀状だ。
シャープなデザインの年賀状だな…。",,untranslated,
DATA5.BIN#8060332,DATA5.BIN,8060332,对话,"からの年賀状だ。
はじけてるデザインだなぁ…。",,untranslated,
DATA5.BIN#8060413,DATA5.BIN,8060413,对话,"からの年賀状だ。
人柄を感じさせる丁寧な文面だな。",,untranslated,
DATA5.BIN#8060498,DATA5.BIN,8060498,对话,"からの年賀状だ。
なんというか…",,untranslated,
DATA5.BIN#8060534,DATA5.BIN,8060534,菜单,らしいなぁ…。,,untranslated,
DATA5.BIN#8060584,DATA5.BIN,8060584,对话,"からの年賀状だ。
かわいらしいイラストだな。",,untranslated,
DATA5.BIN#8060663,DATA5.BIN,8060663,对话,"からの年賀状だ。
きれいな色合いだな。",,untranslated,
DATA5.BIN#8060736,DATA5.BIN,8060736,对话,"からの年賀状だ。
毎年手を抜いてる感じだなぁ…。",,untranslated,
DATA5.BIN#8060819,DATA5.BIN,8060819,对话,"からの年賀状だ。
毎年ぶっとんでるなぁ…。",,untranslated,
DATA5.BIN#8282573,DATA5.BIN,8282573,菜单,な尿活巻R|,,untranslated,
DATA5.BIN#8296278,DATA5.BIN,8296278,菜单,きg莱揖,,untranslated,
DATA5.BIN#8302250,DATA5.BIN,8302250,菜单,劔厩ヴd,,untranslated,
DATA5.BIN#8315958,DATA5.BIN,8315958,菜单,八@Uふ,,untranslated,
DATA5.BIN#8342738,DATA5.BIN,8342738,菜单,囮俺ト←1@,,untranslated,
DATA5.BIN#8354068,DATA5.BIN,8354068,菜单,24ォEゐ,,untranslated,
DATA5.BIN#8355615,DATA5.BIN,8355615,菜单,'`斧ァ,,untranslated,
DATA5.BIN#8374872,DATA5.BIN,8374872,菜单,ぐ楔@界,,untranslated,
DATA5.BIN#8390727,DATA5.BIN,8390727,菜单,2リА遂,,untranslated,
DATA5.BIN#8403317,DATA5.BIN,8403317,菜单,メe$!伜,,untranslated,
DATA5.BIN#8405166,DATA5.BIN,8405166,菜单,)せ銛x,,untranslated,
DATA5.BIN#8412787,DATA5.BIN,8412787,菜单,巳モ+h,,untranslated,
DATA5.BIN#8424440,DATA5.BIN,8424440,菜单,舷%ィR,,untranslated,
DATA5.BIN#8425426,DATA5.BIN,8425426,菜单,уZォ渇,,untranslated,
DATA5.BIN#8425780,DATA5.BIN,8425780,菜单,海@2ガ,,untranslated,
DATA5.BIN#8425850,DATA5.BIN,8425850,菜单,岔4がP*ｋ,,untranslated,
DATA5.BIN#8430158,DATA5.BIN,8430158,菜单,勠01T厩ム,,untranslated,
DATA5.BIN#8463937,DATA5.BIN,8463937,菜单,尋K1Вヵ,,untranslated,
DATA5.BIN#8487351,DATA5.BIN,8487351,菜单,1*嵐そQ,,untranslated,
DATA5.BIN#8507818,DATA5.BIN,8507818,菜单,(ァB駅,,untranslated,
DATA5.BIN#8511489,DATA5.BIN,8511489,菜单,@Cみ禍,,untranslated,
DATA5.BIN#8513111,DATA5.BIN,8513111,菜单,ァ鼓+1,,untranslated,
DATA5.BIN#8514062,DATA5.BIN,8514062,菜单,??ぁ醗,,untranslated,
DATA5.BIN#8536867,DATA5.BIN,8536867,菜单,卷\wゐ,,untranslated,
DATA5.BIN#8539149,DATA5.BIN,8539149,菜单,"""な冽w浜",,untranslated,
DATA5.BIN#8540620,DATA5.BIN,8540620,菜单,P*勗は6/,,untranslated,
DATA5.BIN#8581491,DATA5.BIN,8581491,菜单,Uば行搏,,untranslated,
DATA5.BIN#8587601,DATA5.BIN,8587601,菜单,sァ1汚,,untranslated,
DATA5.BIN#8594181,DATA5.BIN,8594181,菜单,硤ツI苳~,,untranslated,
DATA5.BIN#8600068,DATA5.BIN,8600068,菜单,約@Eぶ,,untranslated,
DATA5.BIN#8607592,DATA5.BIN,8607592,菜单,q2>#@M睥た,,untranslated,
DATA5.BIN#8639470,DATA5.BIN,8639470,菜单,?磧の|R,,untranslated,
DATA5.BIN#8664109,DATA5.BIN,8664109,菜单,$嶌ろ囗,,untranslated,
DATA5.BIN#8664154,DATA5.BIN,8664154,菜单,緩3`$ハ寢,,untranslated,
DATA5.BIN#8689936,DATA5.BIN,8689936,菜单,乕&*o◎し,,untranslated,
DATA5.BIN#8695017,DATA5.BIN,8695017,菜单,ぇ@デ6,,untranslated,
DATA5.BIN#8703855,DATA5.BIN,8703855,菜单,h萱ム3,,untranslated,
DATA5.BIN#8716085,DATA5.BIN,8716085,菜单,ザ彷v鳴,,untranslated,
DATA5.BIN#8761850,DATA5.BIN,8761850,菜单,ウ迎@%,,untranslated,
DATA5.BIN#8782642,DATA5.BIN,8782642,菜单,;ァ靭s,,untranslated,
DATA5.BIN#8782711,DATA5.BIN,8782711,菜单,:v茁&ツ@,,untranslated,
DATA5.BIN#8783037,DATA5.BIN,8783037,菜单,"D攣7ピ""",,untranslated,
DATA5.BIN#8783150,DATA5.BIN,8783150,菜单,閠ω梨sデ:>,,untranslated,
DATA5.BIN#8788608,DATA5.BIN,8788608,菜单,5ヘ$7C#s 凰,,untranslated,
DATA5.BIN#8800608,DATA5.BIN,8800608,菜单,絏Xヨ伉,,untranslated,
DATA5.BIN#8836613,DATA5.BIN,8836613,菜单,グ担C諦,,untranslated,
DATA5.BIN#8860969,DATA5.BIN,8860969,菜单,嚠5@h@ヨ,,untranslated,
DATA5.BIN#8881252,DATA5.BIN,8881252,菜单,%ぼ0拌,,untranslated,
DATA5.BIN#8881776,DATA5.BIN,8881776,菜单,ン佳劔嶋丱H,,untranslated,
DATA5.BIN#8884587,DATA5.BIN,8884587,菜单,ン甥`剴,,untranslated,
DATA5.BIN#8887983,DATA5.BIN,8887983,菜单,32ゥEヨ,,untranslated,
DATA5.BIN#8895163,DATA5.BIN,8895163,菜单,ぅ@岐 1j,,untranslated,
DATA5.BIN#8909590,DATA5.BIN,8909590,菜单,"""烹^:Fサ笛",,untranslated,
DATA5.BIN#8912308,DATA5.BIN,8912308,菜单,巍@ァD,,untranslated,
DATA5.BIN#8912664,DATA5.BIN,8912664,菜单,烹:哥サJ,,untranslated,
DATA5.BIN#8917015,DATA5.BIN,8917015,菜单,隰わU#,,untranslated,
DATA5.BIN#8930299,DATA5.BIN,8930299,菜单,み@笈X,,untranslated,
DATA5.BIN#9047548,DATA5.BIN,9047548,菜单,$だょ$,,untranslated,
DATA5.BIN#9187521,DATA5.BIN,9187521,菜单,">尻
Eオ",,untranslated,
DATA5.BIN#9197015,DATA5.BIN,9197015,对话,"-""""""""""""""""""""""""""""""""""""""""""""""""""""""""""""""""""""""""""""""""""""""""""""""""""""菜""麹-ぺ""",,untranslated,
DATA5.BIN#9292875,DATA5.BIN,9292875,对话,儷333333333333ヨ,,untranslated,
DATA5.BIN#9454652,DATA5.BIN,9454652,菜单,ヨ緒藷等,,untranslated,
DATA5.BIN#9454664,DATA5.BIN,9454664,对话,棗棍棘純イ4v給給給給給給給給給給給給給給給給給給許,,untranslated,
DATA5.BIN#9471097,DATA5.BIN,9471097,菜单,ヨ緒拍緯,,untranslated,
DATA5.BIN#9475981,DATA5.BIN,9475981,菜单,dワ緒粕爆椒,,untranslated,
DATA5.BIN#9476109,DATA5.BIN,9476109,菜单,ン劔圉椢屓,,untranslated,
DATA5.BIN#9492619,DATA5.BIN,9492619,菜单,",lヨ到",,untranslated,
DATA5.BIN#9786907,DATA5.BIN,9786907,菜单,>}羮(ゆ歩,,untranslated,
DATA5.BIN#9787153,DATA5.BIN,9787153,菜单,H7ム<票,,untranslated,
DATA5.BIN#9801648,DATA5.BIN,9801648,菜单,ぢ狐A~,,untranslated,
DATA5.BIN#9824900,DATA5.BIN,9824900,菜单,茜61◯グ,,untranslated,
DATA5.BIN#9947384,DATA5.BIN,9947384,菜单,ゎ語t呷8,,untranslated,
DATA5.BIN#9954528,DATA5.BIN,9954528,菜单,{②@s冽иぷ,,untranslated,
DATA5.BIN#9962266,DATA5.BIN,9962266,菜单,"z,芥ベ",,untranslated,
DATA5.BIN#9976125,DATA5.BIN,9976125,菜单,T闇孤4+ち,,untranslated,
DATA5.BIN#9978078,DATA5.BIN,9978078,菜单,"秩半,2""まL",,untranslated,
DATA5.BIN#9999705,DATA5.BIN,9999705,菜单,鰍2び9B96!A^,,untranslated,
DATA5.BIN#10000927,DATA5.BIN,10000927,菜单,5そx$ 号9:8<;,,untranslated,
DATA5.BIN#10004787,DATA5.BIN,10004787,菜单,Bゾ3テ,,untranslated,
DATA5.BIN#10009025,DATA5.BIN,10009025,菜单,.黴>:あ,,untranslated,
DATA5.BIN#10011033,DATA5.BIN,10011033,菜单,4ユ`炭X,,untranslated,
DATA5.BIN#10206140,DATA5.BIN,10206140,菜单,ぷ`誉Q,,untranslated,
DATA5.BIN#10220858,DATA5.BIN,10220858,菜单,ぽ魁v(,,untranslated,
DATA5.BIN#10223956,DATA5.BIN,10223956,菜单,現:%ザ,,untranslated,
DATA5.BIN#10295577,DATA5.BIN,10295577,菜单,棗R7かD υ柧,,untranslated,
DATA5.BIN#10313107,DATA5.BIN,10313107,菜单,O癇が慟,,untranslated,
DATA5.BIN#10317230,DATA5.BIN,10317230,菜单,"2""ブ奩",,untranslated,
DATA5.BIN#10318990,DATA5.BIN,10318990,菜单,層Sモ企,,untranslated,
DATA5.BIN#10341029,DATA5.BIN,10341029,菜单,ァ1劔y2,,untranslated,
DATA5.BIN#10354914,DATA5.BIN,10354914,菜单,'兇ぇ~,,untranslated,
DATA5.BIN#10391824,DATA5.BIN,10391824,菜单,;隋hじ,,untranslated,
DATA5.BIN#10393602,DATA5.BIN,10393602,菜单,`徂$の0,,untranslated,
DATA5.BIN#10394202,DATA5.BIN,10394202,菜单,X霊睆ぐ穃,,untranslated,
DATA5.BIN#10467086,DATA5.BIN,10467086,菜单,#<っゃゅょ,,untranslated,
DATA5.BIN#10467840,DATA5.BIN,10467840,对话,、。，．・：；？！゛゜´｀¨＾￣＿ヽヾゝゞ〃仝々〆〇ー―‐／＼～∥｜…‥‘’“”（）〔〕［］｛｝〈〉《》「」『』【】＋－±×÷＝≠＜＞≦≧∞∴♂♀°′″℃￥＄￠￡％＃＆＊＠§☆★○●◎◇◆□■△▲▽▼※〒→←↑↓〓∈∋⊆⊇⊂⊃∪∩∧∨￢⇒⇔∀∃∠⊥⌒∂∇≡≒≪≫√∽∝∵∫∬Å‰♯♭♪†‡¶◯ΑΒΓΔΕΖΗΘΙΚΛΜΝΞΟΠΡΣΤΥΦΧΨΩαβγδεζηθικλμνξοπρστυφχψωАБВГДЕЁЖЗИЙКЛМНОПРСТУФХЦЧШЩЪЫЬЭЮЯабвгдеёжзийклмнопрстуфхцчшщъыьэюя,,untranslated,
DATA5.BIN#10468944,DATA5.BIN,10468944,菜单,セーブに,,untranslated,
DATA5.BIN#10468976,DATA5.BIN,10468976,菜单,セーブが終了しました。,,untranslated,
DATA5.BIN#10469010,DATA5.BIN,10469010,对话,"変更されたタイトルでセーブしています。
　　　メモリーカード(PS2)を抜き差ししないで
　　　下さい。",,untranslated,
DATA5.BIN#10469328,DATA5.BIN,10469328,菜单,まくらなげ負けジングル,,untranslated,
DATA5.BIN#10469352,DATA5.BIN,10469352,菜单,まくらなげ勝ちジングル,,untranslated,
DATA5.BIN#10469376,DATA5.BIN,10469376,菜单,まくらなげ競技中,,untranslated,
DATA5.BIN#10469400,DATA5.BIN,10469400,对话,まくらなげパートナー選択画面,,untranslated,
DATA5.BIN#10469432,DATA5.BIN,10469432,菜单,まくらなげ説明画面,,untranslated,
DATA5.BIN#10469456,DATA5.BIN,10469456,对话,ゴーストハウス負けジングル,,untranslated,
DATA5.BIN#10469488,DATA5.BIN,10469488,对话,ゴーストハウス勝ちジングル,,untranslated,
DATA5.BIN#10469520,DATA5.BIN,10469520,菜单,ゴーストハウス,,untranslated,
DATA5.BIN#10469536,DATA5.BIN,10469536,菜单,ボーリング負けジングル,,untranslated,
DATA5.BIN#10469560,DATA5.BIN,10469560,菜单,ボーリング勝ちジングル,,untranslated,
DATA5.BIN#10469584,DATA5.BIN,10469584,菜单,ボーリング競技中,,untranslated,
DATA5.BIN#10469608,DATA5.BIN,10469608,菜单,ボーリング説明画面,,untranslated,
DATA5.BIN#10469632,DATA5.BIN,10469632,菜单,カエル飛ばし負けジングル,,untranslated,
DATA5.BIN#10469664,DATA5.BIN,10469664,菜单,カエル飛ばし勝ちジングル,,untranslated,
DATA5.BIN#10469696,DATA5.BIN,10469696,菜单,カエル飛ばし競技中,,untranslated,
DATA5.BIN#10469720,DATA5.BIN,10469720,菜单,カエル飛ばし説明画面,,untranslated,
DATA5.BIN#10469744,DATA5.BIN,10469744,对话,スマートボール負けジングル,,untranslated,
DATA5.BIN#10469776,DATA5.BIN,10469776,对话,スマートボール勝ちジングル,,untranslated,
DATA5.BIN#10469808,DATA5.BIN,10469808,菜单,スマートボール競技中,,untranslated,
DATA5.BIN#10469832,DATA5.BIN,10469832,菜单,スマートボール説明画面,,untranslated,
DATA5.BIN#10469856,DATA5.BIN,10469856,对话,ミニゲーム アイテム選択画面,,untranslated,
DATA5.BIN#10469920,DATA5.BIN,10469920,对话,ホッケーゲーム負けジングル,,untranslated,
DATA5.BIN#10469952,DATA5.BIN,10469952,对话,ホッケーゲーム勝ちジングル,,untranslated,
DATA5.BIN#10469984,DATA5.BIN,10469984,菜单,ホッケーゲーム競技中,,untranslated,
DATA5.BIN#10470008,DATA5.BIN,10470008,菜单,ホッケーゲーム説明画面,,untranslated,
DATA5.BIN#10470032,DATA5.BIN,10470032,对话,体育祭ミニゲーム負けジングル,,untranslated,
DATA5.BIN#10470064,DATA5.BIN,10470064,对话,体育祭ミニゲーム勝ちジングル,,untranslated,
DATA5.BIN#10470096,DATA5.BIN,10470096,菜单,体育祭ミニゲーム競技中,,untranslated,
DATA5.BIN#10470120,DATA5.BIN,10470120,菜单,体育祭ミニゲーム説明画面,,untranslated,
DATA5.BIN#10470200,DATA5.BIN,10470200,菜单,やわらかな光,,untranslated,
DATA5.BIN#10470216,DATA5.BIN,10470216,菜单,忘られぬもの,,untranslated,
DATA5.BIN#10470232,DATA5.BIN,10470232,菜单,たそがれ,,untranslated,
DATA5.BIN#10470248,DATA5.BIN,10470248,菜单,忘れられない....,,untranslated,
DATA5.BIN#10470272,DATA5.BIN,10470272,菜单,淋しくないもん,,untranslated,
DATA5.BIN#10470288,DATA5.BIN,10470288,菜单,どうしたらいいの...？,,untranslated,
DATA5.BIN#10470312,DATA5.BIN,10470312,菜单,知られざる真実,,untranslated,
DATA5.BIN#10470344,DATA5.BIN,10470344,菜单,魔物との死闘,,untranslated,
DATA5.BIN#10470368,DATA5.BIN,10470368,菜单,やさしい潮風,,untranslated,
DATA5.BIN#10470384,DATA5.BIN,10470384,菜单,げっ、ヤバっ！,,untranslated,
DATA5.BIN#10470400,DATA5.BIN,10470400,菜单,透き通った空,,untranslated,
DATA5.BIN#10470416,DATA5.BIN,10470416,菜单,ゆっくりと....,,untranslated,
DATA5.BIN#10470432,DATA5.BIN,10470432,菜单,離れていくキモチ,,untranslated,
DATA5.BIN#10470456,DATA5.BIN,10470456,菜单,なんて言えば....,,untranslated,
DATA5.BIN#10470480,DATA5.BIN,10470480,菜单,ほっとする瞬間,,untranslated,
DATA5.BIN#10470496,DATA5.BIN,10470496,菜单,君を探して,,untranslated,
DATA5.BIN#10470544,DATA5.BIN,10470544,对话,今日、ウチ誰も居ないんだ....,,untranslated,
DATA5.BIN#10470576,DATA5.BIN,10470576,菜单,愛とは永遠なる物....,,untranslated,
DATA5.BIN#10470600,DATA5.BIN,10470600,菜单,薔薇の色は....,,untranslated,
DATA5.BIN#10470616,DATA5.BIN,10470616,菜单,ホントのキモチ,,untranslated,
DATA5.BIN#10470632,DATA5.BIN,10470632,菜单,素直になれる,,untranslated,
DATA5.BIN#10470648,DATA5.BIN,10470648,菜单,うそでしょっ！,,untranslated,
DATA5.BIN#10470664,DATA5.BIN,10470664,对话,ヒミツだったんだけど....,,untranslated,
DATA5.BIN#10470696,DATA5.BIN,10470696,菜单,あ、あぶない！！,,untranslated,
DATA5.BIN#10470720,DATA5.BIN,10470720,对话,ねぇねぇ、ちょっと見せてみて,,untranslated,
DATA5.BIN#10470752,DATA5.BIN,10470752,菜单,ふぁんふぁーれ,,untranslated,
DATA5.BIN#10470768,DATA5.BIN,10470768,菜单,輝いていた頃,,untranslated,
DATA5.BIN#10470784,DATA5.BIN,10470784,菜单,おばあちゃん、あのね,,untranslated,
DATA5.BIN#10470960,DATA5.BIN,10470960,菜单,駆け抜ける涼風,,untranslated,
DATA5.BIN#10471000,DATA5.BIN,10471000,菜单,かけひき上手,,untranslated,
DATA5.BIN#10471016,DATA5.BIN,10471016,菜单,一年の計は...,,untranslated,
DATA5.BIN#10471032,DATA5.BIN,10471032,菜单,鍋もいいよね,,untranslated,
DATA5.BIN#10471048,DATA5.BIN,10471048,菜单,聖なる空間,,untranslated,
DATA5.BIN#10471096,DATA5.BIN,10471096,菜单,合体！！そして発射！！,,untranslated,
DATA5.BIN#10471120,DATA5.BIN,10471120,菜单,文化祭のテーマ,,untranslated,
DATA5.BIN#10471160,DATA5.BIN,10471160,菜单,みんなで行こう！,,untranslated,
DATA5.BIN#10471184,DATA5.BIN,10471184,菜单,なんてこった！？,,untranslated,
DATA5.BIN#10471208,DATA5.BIN,10471208,菜单,鼻の下のびまくり,,untranslated,
DATA5.BIN#10471256,DATA5.BIN,10471256,菜单,いいもん、み～っけ,,untranslated,
DATA5.BIN#10471280,DATA5.BIN,10471280,对话,ねぇ、手つないでていい？（汗）,,untranslated,
DATA5.BIN#10471312,DATA5.BIN,10471312,菜单,体育系イベントテーマ曲,,untranslated,
DATA5.BIN#10471336,DATA5.BIN,10471336,菜单,メルヘンワールド,,untranslated,
DATA5.BIN#10471360,DATA5.BIN,10471360,菜单,テスト中～できるかな？,,untranslated,
DATA5.BIN#10471384,DATA5.BIN,10471384,菜单,こたつでぽてち,,untranslated,
DATA5.BIN#10471400,DATA5.BIN,10471400,菜单,ダイアモンドダスト,,untranslated,
DATA5.BIN#10471464,DATA5.BIN,10471464,菜单,もうすぐ晴れるかな...,,untranslated,
DATA5.BIN#10471488,DATA5.BIN,10471488,菜单,やわらかな風,,untranslated,
DATA5.BIN#10471520,DATA5.BIN,10471520,菜单,ネルシャツと紙袋と僕,,untranslated,
DATA5.BIN#10471544,DATA5.BIN,10471544,菜单,激烈フラメンコ,,untranslated,
DATA5.BIN#10471576,DATA5.BIN,10471576,菜单,ヒタムキニ、マエムキニ,,untranslated,
DATA5.BIN#10471600,DATA5.BIN,10471600,菜单,光と影と,,untranslated,
DATA5.BIN#10471616,DATA5.BIN,10471616,菜单,たおやかな時間,,untranslated,
DATA5.BIN#10471632,DATA5.BIN,10471632,菜单,超ポジティブ！！,,untranslated,
DATA5.BIN#10471656,DATA5.BIN,10471656,菜单,華麗なるヒロイン,,untranslated,
DATA5.BIN#10471680,DATA5.BIN,10471680,菜单,恋のパスワード,,untranslated,
DATA5.BIN#10471696,DATA5.BIN,10471696,菜单,カフェで待ってて,,untranslated,
DATA5.BIN#10471760,DATA5.BIN,10471760,菜单,伝説の坂で...,,untranslated,
DATA5.BIN#10471776,DATA5.BIN,10471776,菜单,桜の舞い散る頃,,untranslated,
DATA5.BIN#10472032,DATA5.BIN,10472032,菜单,おまけ その他,,untranslated,
DATA5.BIN#10472048,DATA5.BIN,10472048,菜单,おまけ 矢部,,untranslated,
DATA5.BIN#10472064,DATA5.BIN,10472064,菜单,おまけ 白鳥,,untranslated,
DATA5.BIN#10472080,DATA5.BIN,10472080,菜单,エンディング,,untranslated,
DATA5.BIN#10472104,DATA5.BIN,10472104,菜单,パターン２,,untranslated,
DATA5.BIN#10472120,DATA5.BIN,10472120,菜单,パターン１,,untranslated,
DATA5.BIN#10472474,DATA5.BIN,10472474,系统文本,%cＥＶＳをロードしますか？,,untranslated,
DATA5.BIN#10472514,DATA5.BIN,10472514,系统文本,"%cミニゲームは、ＵＳＢマウスでは遊べません。
コントローラで操作して下さい。",,untranslated,
DATA5.BIN#10472768,DATA5.BIN,10472768,对话,"メモリーカード（PS2）の
空き容量が足りません。卒業
データの番号の変更には 86KB
以上の空き容量が必要です。",,untranslated,
DATA5.BIN#10472880,DATA5.BIN,10472880,对话,番号の変更に失敗しました。,,untranslated,
DATA5.BIN#10472912,DATA5.BIN,10472912,对话,"卒業データの番号を変更
しました。",,untranslated,
DATA5.BIN#10472952,DATA5.BIN,10472952,对话,"卒業データの番号を変更して
います。
メモリーカード（PS2）を
抜き差ししないで下さい。",,untranslated,
DATA5.BIN#10473040,DATA5.BIN,10473040,对话,"番の卒業データが上書き
されます。
よろしいですか？",,untranslated,
DATA5.BIN#10473096,DATA5.BIN,10473096,菜单,"を入れ換え
ますか？",,untranslated,
DATA5.BIN#10473120,DATA5.BIN,10473120,对话,"に変更します。
よろしいですか？",,untranslated,
DATA5.BIN#10473152,DATA5.BIN,10473152,对话,"卒業データの番号を変更
します。
何番に変更しますか？",,untranslated,
DATA5.BIN#10473208,DATA5.BIN,10473208,对话,"卒業データの番号を変更
します。
何番を変更しますか？",,untranslated,
DATA5.BIN#10473264,DATA5.BIN,10473264,对话,"番のタイトルを変更
します。
よろしいですか？",,untranslated,
DATA5.BIN#10473312,DATA5.BIN,10473312,对话,"卒業データのタイトルを変更
します。
何番を変更しますか？",,untranslated,
DATA5.BIN#10473376,DATA5.BIN,10473376,对话,"卒業データのロードに失敗
しました。",,untranslated,
DATA5.BIN#10473416,DATA5.BIN,10473416,对话,卒業データをロードしました。,,untranslated,
DATA5.BIN#10473448,DATA5.BIN,10473448,对话,"卒業データをロードして
います。",,untranslated,
DATA5.BIN#10473480,DATA5.BIN,10473480,对话,"番をロードします。
よろしいですか？",,untranslated,
DATA5.BIN#10473520,DATA5.BIN,10473520,对话,"卒業データをロードします。
何番をロードしますか？",,untranslated,
DATA5.BIN#10473632,DATA5.BIN,10473632,菜单,番号を変更,,untranslated,
DATA5.BIN#10473648,DATA5.BIN,10473648,菜单,タイトルを変更,,untranslated,
DATA5.BIN#10474168,DATA5.BIN,10474168,菜单,コナミマン,,untranslated,
DATA5.BIN#10474352,DATA5.BIN,10474352,菜单,生きててよかった！！,,untranslated,
DATA5.BIN#10474376,DATA5.BIN,10474376,对话,今日も 元気を出して さぁ行こう,,untranslated,
DATA5.BIN#10474408,DATA5.BIN,10474408,对话,「ちょっとはマシだね」それが嬉しくて,,untranslated,
DATA5.BIN#10474480,DATA5.BIN,10474480,对话,はっきり答えて（られなかったのかナ）,,untranslated,
DATA5.BIN#10474520,DATA5.BIN,10474520,对话,本当に好きなのは 君だとなぜあの時,,untranslated,
DATA5.BIN#10474592,DATA5.BIN,10474592,对话,Ohh 足りなくて 誤解されるけど…,,untranslated,
DATA5.BIN#10474672,DATA5.BIN,10474672,对话,それを ずっと 黙って聞いているのが好きだった,,untranslated,
DATA5.BIN#10474720,DATA5.BIN,10474720,对话,君が夢 嬉しそうに話す顔が好きだった,,untranslated,
DATA5.BIN#10567066,DATA5.BIN,10567066,菜单,との相性は…っと…。,,untranslated,
DATA5.BIN#10567586,DATA5.BIN,10567586,菜单,「相性は…っと…。,,untranslated,
DATA5.BIN#10567678,DATA5.BIN,10567678,对话,「誰との相性を占おうかな？,,untranslated,
DATA5.BIN#10567778,DATA5.BIN,10567778,对话,《占いたい相手の誕生日は？》,,untranslated,
DATA5.BIN#10567888,DATA5.BIN,10567888,对话,（こんな結果嫌だ～～～！！）,,untranslated,
DATA5.BIN#10567945,DATA5.BIN,10567945,对话,（…って言われてもなぁ…）,,untranslated,
DATA5.BIN#10568000,DATA5.BIN,10568000,菜单,（まあこんなもんか）,,untranslated,
DATA5.BIN#10568049,DATA5.BIN,10568049,对话,（ふーん、当たってるようないないような…）,,untranslated,
DATA5.BIN#10568120,DATA5.BIN,10568120,对话,（やっぱりね…いいはず無いとは思ってたよ）,,untranslated,
DATA5.BIN#10568204,DATA5.BIN,10568204,对话,（やった！　バッチリだ！）,,untranslated,
DATA5.BIN#10568259,DATA5.BIN,10568259,对话,（おお、なかなかいい感触だ）,,untranslated,
DATA5.BIN#10568316,DATA5.BIN,10568316,对话,（ふむふむ…当たってるかなぁ？）,,untranslated,
DATA5.BIN#10568377,DATA5.BIN,10568377,对话,（うっ…がんばらなくちゃ）,,untranslated,
DATA5.BIN#10568432,DATA5.BIN,10568432,对话,（が～～～～～～ん、そんなぁ…）,,untranslated,
DATA5.BIN#10568512,DATA5.BIN,10568512,菜单,《あなたの誕生日は？》,,untranslated,
DATA5.BIN#10570288,DATA5.BIN,10570288,菜单,カップルです。,,untranslated,
DATA5.BIN#10570304,DATA5.BIN,10570304,菜单,端から見てもお似合いの,,untranslated,
DATA5.BIN#10570344,DATA5.BIN,10570344,对话,楽しいひとときをすごせます。,,untranslated,
DATA5.BIN#10570376,DATA5.BIN,10570376,对话,退屈なんて感じる暇も無いくらい,,untranslated,
DATA5.BIN#10570408,DATA5.BIN,10570408,对话,話題が尽きることはありません。,,untranslated,
DATA5.BIN#10570440,DATA5.BIN,10570440,对话,お互いに話好きな性格ですので,,untranslated,
DATA5.BIN#10570472,DATA5.BIN,10570472,菜单,とても良いです。,,untranslated,
DATA5.BIN#10570496,DATA5.BIN,10570496,菜单,あなたと相手の相性は,,untranslated,
DATA5.BIN#10570520,DATA5.BIN,10570520,对话,ことだって夢ではありません。,,untranslated,
DATA5.BIN#10570552,DATA5.BIN,10570552,对话,いつかは幸せのゴールをくぐる,,untranslated,
DATA5.BIN#10570584,DATA5.BIN,10570584,菜单,堅実に交際を進めていけば,,untranslated,
DATA5.BIN#10570616,DATA5.BIN,10570616,对话,カップルになれるでしょう。,,untranslated,
DATA5.BIN#10570648,DATA5.BIN,10570648,对话,ほのぼのした幸せを感じ合える,,untranslated,
DATA5.BIN#10570680,DATA5.BIN,10570680,菜单,派手さはないけれども,,untranslated,
DATA5.BIN#10570704,DATA5.BIN,10570704,菜单,なんてことも？,,untranslated,
DATA5.BIN#10570720,DATA5.BIN,10570720,对话,勢いでそのままゴールイン、,,untranslated,
DATA5.BIN#10570752,DATA5.BIN,10570752,对话,突き進んでいけるでしょう。,,untranslated,
DATA5.BIN#10570784,DATA5.BIN,10570784,对话,息の合ったコンビネーションで,,untranslated,
DATA5.BIN#10570816,DATA5.BIN,10570816,对话,ツーといえばカー、山といえば川。,,untranslated,
DATA5.BIN#10570856,DATA5.BIN,10570856,菜单,ウマが合う二人。,,untranslated,
DATA5.BIN#10570880,DATA5.BIN,10570880,菜单,出会った当初から妙に,,untranslated,
DATA5.BIN#10570904,DATA5.BIN,10570904,对话,このカップルは運が向いてきます。,,untranslated,
DATA5.BIN#10570944,DATA5.BIN,10570944,菜单,補い合うことで,,untranslated,
DATA5.BIN#10570960,DATA5.BIN,10570960,菜单,お互いに足りないものを,,untranslated,
DATA5.BIN#10570992,DATA5.BIN,10570992,菜单,感じます。,,untranslated,
DATA5.BIN#10571008,DATA5.BIN,10571008,对话,活発な性格のあなたは魅力を,,untranslated,
DATA5.BIN#10571040,DATA5.BIN,10571040,菜单,相手のさわやかな知性に,,untranslated,
DATA5.BIN#10571072,DATA5.BIN,10571072,菜单,わりと良いです。,,untranslated,
DATA5.BIN#10571096,DATA5.BIN,10571096,菜单,期待できるでしょう。,,untranslated,
DATA5.BIN#10571120,DATA5.BIN,10571120,菜单,明るくさわやかな交際が,,untranslated,
DATA5.BIN#10571152,DATA5.BIN,10571152,对话,バランスの取れた相性といえます。,,untranslated,
DATA5.BIN#10571192,DATA5.BIN,10571192,菜单,知的で社交的なあなたとは,,untranslated,
DATA5.BIN#10571224,DATA5.BIN,10571224,对话,積極的で明るい性格の相手と、,,untranslated,
DATA5.BIN#10571256,DATA5.BIN,10571256,菜单,でしょう。,,untranslated,
DATA5.BIN#10571272,DATA5.BIN,10571272,对话,出来れば着実に愛を育んでいける,,untranslated,
DATA5.BIN#10571304,DATA5.BIN,10571304,菜单,きっかけさえつかむことが,,untranslated,
DATA5.BIN#10571336,DATA5.BIN,10571336,对话,進展は遅いかもしれませんが,,untranslated,
DATA5.BIN#10571368,DATA5.BIN,10571368,对话,慎重な姿勢を取るタイプですので、,,untranslated,
DATA5.BIN#10571408,DATA5.BIN,10571408,菜单,お互い恋に対しては,,untranslated,
DATA5.BIN#10571432,DATA5.BIN,10571432,菜单,悪い相性ではありません。,,untranslated,
DATA5.BIN#10571464,DATA5.BIN,10571464,对话,理解し合う努力を怠らなければ,,untranslated,
DATA5.BIN#10571496,DATA5.BIN,10571496,菜单,が多いかも。,,untranslated,
DATA5.BIN#10571512,DATA5.BIN,10571512,对话,うまく行かないとお互い悩むこと,,untranslated,
DATA5.BIN#10571544,DATA5.BIN,10571544,对话,でも、実際付き合ってみると、,,untranslated,
DATA5.BIN#10571576,DATA5.BIN,10571576,对话,憧れを抱くこともあるでしょう。,,untranslated,
DATA5.BIN#10571608,DATA5.BIN,10571608,对话,あなたは相手の快活な人柄に,,untranslated,
DATA5.BIN#10571640,DATA5.BIN,10571640,对话,あなたと相手の相性は普通です。,,untranslated,
DATA5.BIN#10571680,DATA5.BIN,10571680,菜单,目標を持っているのなら,,untranslated,
DATA5.BIN#10571704,DATA5.BIN,10571704,对话,ただ、相手と共通の価値観、,,untranslated,
DATA5.BIN#10571736,DATA5.BIN,10571736,菜单,しまうかもしれません。,,untranslated,
DATA5.BIN#10571760,DATA5.BIN,10571760,菜单,あなたは何かと気をもんで,,untranslated,
DATA5.BIN#10571792,DATA5.BIN,10571792,菜单,あるタイプなので、,,untranslated,
DATA5.BIN#10571816,DATA5.BIN,10571816,对话,相手は男女問わず周囲に人気が,,untranslated,
DATA5.BIN#10571848,DATA5.BIN,10571848,菜单,あれば大丈夫。,,untranslated,
DATA5.BIN#10571864,DATA5.BIN,10571864,对话,しっかり支えてあげる度量が,,untranslated,
DATA5.BIN#10571896,DATA5.BIN,10571896,菜单,相手のやり方を理解し、,,untranslated,
DATA5.BIN#10571928,DATA5.BIN,10571928,菜单,知れません。,,untranslated,
DATA5.BIN#10571944,DATA5.BIN,10571944,菜单,頼りなく見えてしまうかも,,untranslated,
DATA5.BIN#10571976,DATA5.BIN,10571976,对话,時にマイペースな相手のことが,,untranslated,
DATA5.BIN#10572008,DATA5.BIN,10572008,菜单,活発で積極的なあなたは、,,untranslated,
DATA5.BIN#10572040,DATA5.BIN,10572040,菜单,可能です。,,untranslated,
DATA5.BIN#10572056,DATA5.BIN,10572056,菜单,長く付き合っていくことも,,untranslated,
DATA5.BIN#10572088,DATA5.BIN,10572088,菜单,認めることができるなら、,,untranslated,
DATA5.BIN#10572120,DATA5.BIN,10572120,菜单,自分に無い相手の良さを,,untranslated,
DATA5.BIN#10572152,DATA5.BIN,10572152,对话,魅力を感じることもあるでしょう。,,untranslated,
DATA5.BIN#10572192,DATA5.BIN,10572192,对话,組み合わせです。その違う部分に,,untranslated,
DATA5.BIN#10572224,DATA5.BIN,10572224,菜单,本質的に違うものを感じる,,untranslated,
DATA5.BIN#10572256,DATA5.BIN,10572256,对话,真剣に相手に向き合う努力を。,,untranslated,
DATA5.BIN#10572288,DATA5.BIN,10572288,对话,本気で付き合う気があるならば、,,untranslated,
DATA5.BIN#10572328,DATA5.BIN,10572328,对话,いけないものを感じるかも。,,untranslated,
DATA5.BIN#10572360,DATA5.BIN,10572360,菜单,相手の性格にどうもついて,,untranslated,
DATA5.BIN#10572392,DATA5.BIN,10572392,菜单,穏やかな性格のあなたは,,untranslated,
DATA5.BIN#10572424,DATA5.BIN,10572424,菜单,あまり良くないです。,,untranslated,
DATA5.BIN#10572448,DATA5.BIN,10572448,对话,うまく行かないこともないかも…,,untranslated,
DATA5.BIN#10572480,DATA5.BIN,10572480,对话,歩み寄りの精神を大切にすれば,,untranslated,
DATA5.BIN#10572512,DATA5.BIN,10572512,对话,持っていることが多いのです。,,untranslated,
DATA5.BIN#10572544,DATA5.BIN,10572544,对话,相手も実はあなたに苦手意識を,,untranslated,
DATA5.BIN#10572576,DATA5.BIN,10572576,对话,する傾向があるかと思いますが、,,untranslated,
DATA5.BIN#10572608,DATA5.BIN,10572608,对话,あなた。自然、そんな相手を敬遠,,untranslated,
DATA5.BIN#10572640,DATA5.BIN,10572640,对话,口のうまい相手はどうも苦手な,,untranslated,
DATA5.BIN#10572672,DATA5.BIN,10572672,对话,こともないかと思われます。,,untranslated,
DATA5.BIN#10572704,DATA5.BIN,10572704,对话,包容力があればうまくいかない,,untranslated,
DATA5.BIN#10572736,DATA5.BIN,10572736,对话,あなたに相手を受け止めてあげる,,untranslated,
DATA5.BIN#10572768,DATA5.BIN,10572768,对话,苛立ちを覚えるかもしれませんが、,,untranslated,
DATA5.BIN#10572808,DATA5.BIN,10572808,对话,何事に対しても慎重な相手に,,untranslated,
DATA5.BIN#10572840,DATA5.BIN,10572840,菜单,組み合わせです。,,untranslated,
DATA5.BIN#10572864,DATA5.BIN,10572864,菜单,性格の不一致が強く出る,,untranslated,
DATA5.BIN#10572896,DATA5.BIN,10572896,对话,うまくやっていくのは難しいかも。,,untranslated,
DATA5.BIN#10572936,DATA5.BIN,10572936,对话,そこをうまく汲んてあげないと,,untranslated,
DATA5.BIN#10572968,DATA5.BIN,10572968,对话,内に秘めた思いは人一倍強いはず。,,untranslated,
DATA5.BIN#10573008,DATA5.BIN,10573008,菜单,でも、口に出さない分,,untranslated,
DATA5.BIN#10573032,DATA5.BIN,10573032,对话,あなたは物足りなさを感じるかも。,,untranslated,
DATA5.BIN#10573072,DATA5.BIN,10573072,对话,なかなか本音を出さない相手に,,untranslated,
DATA5.BIN#10573104,DATA5.BIN,10573104,菜单,しれません。,,untranslated,
DATA5.BIN#10573120,DATA5.BIN,10573120,菜单,あきらめたほうが良いかも,,untranslated,
DATA5.BIN#10573152,DATA5.BIN,10573152,菜单,よほどの覚悟がなければ、,,untranslated,
DATA5.BIN#10573184,DATA5.BIN,10573184,对话,相当の努力が必要とされます。,,untranslated,
DATA5.BIN#10573216,DATA5.BIN,10573216,菜单,やっていくには、,,untranslated,
DATA5.BIN#10573240,DATA5.BIN,10573240,对话,性格が全く違う相手とうまく,,untranslated,
DATA5.BIN#10573272,DATA5.BIN,10573272,对话,あなたと相手の相性は悪いです。,,untranslated,
DATA5.BIN#10573312,DATA5.BIN,10573312,菜单,しれません…。,,untranslated,
DATA5.BIN#10573328,DATA5.BIN,10573328,菜单,別れたほうが賢明かも,,untranslated,
DATA5.BIN#10573352,DATA5.BIN,10573352,菜单,それが無理なら…,,untranslated,
DATA5.BIN#10573376,DATA5.BIN,10573376,菜单,必要です。,,untranslated,
DATA5.BIN#10573392,DATA5.BIN,10573392,对话,二人。常にお互い歩み寄る努力が,,untranslated,
DATA5.BIN#10573424,DATA5.BIN,10573424,对话,価値観があまりに違い過ぎる,,untranslated,
DATA5.BIN#10573456,DATA5.BIN,10573456,菜单,あるのです。,,untranslated,
DATA5.BIN#10573472,DATA5.BIN,10573472,菜单,どうにも出来ないことも,,untranslated,
DATA5.BIN#10573496,DATA5.BIN,10573496,菜单,世の中には努力だけでは,,untranslated,
DATA5.BIN#10573528,DATA5.BIN,10573528,对话,深い溝へと変わるでしょう。,,untranslated,
DATA5.BIN#10573560,DATA5.BIN,10573560,菜单,付き合いを深めるうちに,,untranslated,
DATA5.BIN#10573584,DATA5.BIN,10573584,菜单,そんな小さな違和感は,,untranslated,
DATA5.BIN#10573608,DATA5.BIN,10573608,菜单,イマイチそりがあわない、,,untranslated,
DATA5.BIN#10574194,DATA5.BIN,10574194,菜单,誕生日を入力してください,,untranslated,
DATA5.BIN#10574226,DATA5.BIN,10574226,菜单,占いたい人の,,untranslated,
DATA5.BIN#10574242,DATA5.BIN,10574242,菜单,あなたの,,untranslated,
DATA5.BIN#10574256,DATA5.BIN,10574256,菜单,もえぎの高校　天文部,,untranslated,
DATA5.BIN#10574281,DATA5.BIN,10574281,菜单,E星占い,,untranslated,
DATA5.BIN#10574296,DATA5.BIN,10574296,菜单,君と僕はラブラブだ,,untranslated,
DATA5.BIN#10608256,DATA5.BIN,10608256,菜单,サッカー,,untranslated,
DATA5.BIN#10608304,DATA5.BIN,10608304,菜单,ネオ宮城学園,,untranslated,
SLPM_650.80#2038423,SLPM_650.80,2038423,系统文本,}}}}}}}イΘ}ヰムR+!,,untranslated,
SLPM_650.80#2038551,SLPM_650.80,2038551,系统文本,oo}}}演イΝ帥ヰウ+!,,untranslated,
SLPM_650.80#2039013,SLPM_650.80,2039013,系统文本,纔ヮャヮ姉J,,untranslated,
SLPM_650.80#2039587,SLPM_650.80,2039587,系统文本,}ムバ=!,,untranslated,
SLPM_650.80#2039843,SLPM_650.80,2039843,系统文本,}ヰピ5!,,untranslated,
SLPM_650.80#2040258,SLPM_650.80,2040258,系统文本,厭}}}}JΡ}}}}}}Cs項ムャE,,untranslated,
SLPM_650.80#2040610,SLPM_650.80,2040610,系统文本,}}ャャ5!,,untranslated,
SLPM_650.80#2041026,SLPM_650.80,2041026,系统文本,}瑞マ}JΡマ},,untranslated,
SLPM_650.80#2041571,SLPM_650.80,2041571,系统文本,袒纔祉ヮヮ斬E,,untranslated,
SLPM_650.80#2169646,SLPM_650.80,2169646,系统文本,欄}}}}}eeesde]]]RNNNEEE?777777??7;?7741144444444444444444444444444444444444444*!*77;7777?EEEHURRRRR]]]]eee}}ャャ,,untranslated,
SLPM_650.80#2236492,SLPM_650.80,2236492,系统文本,>^ホ%Mぃ>,,untranslated,
SLPM_650.80#2248648,SLPM_650.80,2248648,系统文本,1Eチ]7ク,,untranslated,
SLPM_650.80#2418880,SLPM_650.80,2418880,系统文本,（なにを話そうかな？）,,untranslated,
SLPM_650.80#3064001,SLPM_650.80,3064001,系统文本,ノイローゼになってしまった。_,,untranslated,
SLPM_650.80#3064065,SLPM_650.80,3064065,系统文本,ノイローゼが治った。_,,untranslated,
SLPM_650.80#3064121,SLPM_650.80,3064121,系统文本,怪我をしてしまった。_,,untranslated,
SLPM_650.80#3064177,SLPM_650.80,3064177,系统文本,怪我が治った。_,,untranslated,
SLPM_650.80#3064225,SLPM_650.80,3064225,系统文本,病気になってしまった。_,,untranslated,
SLPM_650.80#3064281,SLPM_650.80,3064281,系统文本,病気が治った。_,,untranslated,
SLPM_650.80#3064329,SLPM_650.80,3064329,系统文本,今週は、補習期間だ。_,,untranslated,
SLPM_650.80#3064385,SLPM_650.80,3064385,系统文本,補習期間が終了した。_,,untranslated,
SLPM_650.80#3064522,SLPM_650.80,3064522,系统文本,今日から、春休みだ。_,,untranslated,
SLPM_650.80#3064652,SLPM_650.80,3064652,系统文本,今日から、夏休みだ。_,,untranslated,
SLPM_650.80#3064786,SLPM_650.80,3064786,系统文本,今日から、冬休みだ。_,,untranslated,
SLPM_650.80#3065018,SLPM_650.80,3065018,系统文本,今日から、学校が始まるぞ！_,,untranslated,
SLPM_650.80#3065162,SLPM_650.80,3065162,系统文本,今日から、新学期だ！_,,untranslated,
SLPM_650.80#3065217,SLPM_650.80,3065217,系统文本,体調不良になってしまった。_,,untranslated,
SLPM_650.80#3065273,SLPM_650.80,3065273,系统文本,体調不良が回復した。_,,untranslated,
SLPM_650.80#3065766,SLPM_650.80,3065766,系统文本,「どの部活に入ろうかな？,,untranslated,
SLPM_650.80#3065835,SLPM_650.80,3065835,系统文本,「科学部に入部した。,,untranslated,
SLPM_650.80#3065884,SLPM_650.80,3065884,系统文本,「放送部に入部した。,,untranslated,
SLPM_650.80#3065933,SLPM_650.80,3065933,系统文本,「演劇部に入部した。,,untranslated,
SLPM_650.80#3065982,SLPM_650.80,3065982,系统文本,「生徒会に入会した。,,untranslated,
SLPM_650.80#3066031,SLPM_650.80,3066031,系统文本,「天文部に入部した。,,untranslated,
SLPM_650.80#3066080,SLPM_650.80,3066080,系统文本,「野球部に入部した。,,untranslated,
SLPM_650.80#3066129,SLPM_650.80,3066129,系统文本,「サッカー部に入部した。,,untranslated,
SLPM_650.80#3066182,SLPM_650.80,3066182,系统文本,「陸上部に入部した。,,untranslated,
SLPM_650.80#3066231,SLPM_650.80,3066231,系统文本,「合気道部に入部した。,,untranslated,
SLPM_650.80#3066269,SLPM_650.80,3066269,系统文本,「テニス部に入部した。,,untranslated,
SLPM_650.80#3066341,SLPM_650.80,3066341,系统文本,「入る部活が無いや。,,untranslated,
SLPM_650.80#3066397,SLPM_650.80,3066397,系统文本,"「明日、卒業式だし
部活に入ってもしょうが無いよな。",,untranslated,
SLPM_650.80#3066506,SLPM_650.80,3066506,系统文本,『部活する』,,untranslated,
SLPM_650.80#3066521,SLPM_650.80,3066521,系统文本,『退部する』,,untranslated,
SLPM_650.80#3066621,SLPM_650.80,3066621,系统文本,「もう何もすることがないや。」,,untranslated,
SLPM_650.80#3066680,SLPM_650.80,3066680,系统文本,『アイテムを使用する』,,untranslated,
SLPM_650.80#3066705,SLPM_650.80,3066705,系统文本,『アイテムを使用しない』,,untranslated,
SLPM_650.80#3066798,SLPM_650.80,3066798,系统文本,』を使った。,,untranslated,
SLPM_650.80#3066873,SLPM_650.80,3066873,系统文本,アップ。_,,untranslated,
SLPM_650.80#3066938,SLPM_650.80,3066938,系统文本,ダウン。_,,untranslated,
SLPM_650.80#3067024,SLPM_650.80,3067024,系统文本,アップ。_,,untranslated,
SLPM_650.80#3067093,SLPM_650.80,3067093,系统文本,ダウン。_,,untranslated,
SLPM_650.80#3067185,SLPM_650.80,3067185,系统文本,アップ。_,,untranslated,
SLPM_650.80#3067260,SLPM_650.80,3067260,系统文本,ダウン。_,,untranslated,
SLPM_650.80#3067308,SLPM_650.80,3067308,系统文本,予習効果アップ。_,,untranslated,
SLPM_650.80#3068341,SLPM_650.80,3068341,系统文本,「部屋に置けるアイテムがないや。,,untranslated,
SLPM_650.80#3068411,SLPM_650.80,3068411,系统文本,（服を着替えよう）,,untranslated,
SLPM_650.80#3068563,SLPM_650.80,3068563,系统文本,（どこで待ち合わせだったかな？）,,untranslated,
SLPM_650.80#3068611,SLPM_650.80,3068611,系统文本,で待ち合わせ』,,untranslated,
SLPM_650.80#3068652,SLPM_650.80,3068652,系统文本,で待ち合わせ』,,untranslated,
SLPM_650.80#3068693,SLPM_650.80,3068693,系统文本,で待ち合わせ』,,untranslated,
SLPM_650.80#3068793,SLPM_650.80,3068793,系统文本,（それじゃ、,,untranslated,
SLPM_650.80#3068810,SLPM_650.80,3068810,系统文本,へ行こう！）,,untranslated,
SLPM_650.80#3069076,SLPM_650.80,3069076,系统文本,（もしかして，場所間違えたかな…）,,untranslated,
SLPM_650.80#3069119,SLPM_650.80,3069119,系统文本,『もう少し待つ』,,untranslated,
SLPM_650.80#3069157,SLPM_650.80,3069157,系统文本,で待ち合わせ』,,untranslated,
SLPM_650.80#3069198,SLPM_650.80,3069198,系统文本,で待ち合わせ』,,untranslated,
SLPM_650.80#3069239,SLPM_650.80,3069239,系统文本,で待ち合わせ』,,untranslated,
SLPM_650.80#3069287,SLPM_650.80,3069287,系统文本,（もう少し待ってみるか…）,,untranslated,
SLPM_650.80#3069490,SLPM_650.80,3069490,系统文本,（それじゃ、,,untranslated,
SLPM_650.80#3069507,SLPM_650.80,3069507,系统文本,へ行こう！）,,untranslated,
SLPM_650.80#3069723,SLPM_650.80,3069723,系统文本,（それじゃ、,,untranslated,
SLPM_650.80#3069740,SLPM_650.80,3069740,系统文本,へ行こう！）,,untranslated,
SLPM_650.80#3069904,SLPM_650.80,3069904,系统文本,"（どうしたんだろう…来ないや…
はあ～、家に帰ろう…）",,untranslated,
SLPM_650.80#3070204,SLPM_650.80,3070204,系统文本,（それじゃ、,,untranslated,
SLPM_650.80#3070221,SLPM_650.80,3070221,系统文本,へ行こう！）,,untranslated,
SLPM_650.80#3070806,SLPM_650.80,3070806,系统文本,"（そういえば、
橘さんは来られないんだよな…。
はあ～、家に帰ろう…）",,untranslated,
SLPM_650.80#3070961,SLPM_650.80,3070961,系统文本,"（そういえば、
橘さんは怪我したんだっけ…。
はあ～、家に帰ろう…）",,untranslated,
SLPM_650.80#3071260,SLPM_650.80,3071260,系统文本,"（そういえば、
和泉さんは来られないんだよな…。
はあ～、家に帰ろう…）",,untranslated,
SLPM_650.80#3071357,SLPM_650.80,3071357,系统文本,"（どうしたんだろう…来ないや…
はあ～、家に帰ろう…）",,untranslated,
SLPM_650.80#3071556,SLPM_650.80,3071556,系统文本,"（一人で帰るのもなんだから、
誰か誘って帰ろうかな）",,untranslated,
SLPM_650.80#3071826,SLPM_650.80,3071826,系统文本,『待たない』,,untranslated,
SLPM_650.80#3072004,SLPM_650.80,3072004,系统文本,"（ま、いいか。
早く家に帰ろうっと）",,untranslated,
SLPM_650.80#3072089,SLPM_650.80,3072089,系统文本,の帰りを待とう。）,,untranslated,
SLPM_650.80#3072217,SLPM_650.80,3072217,系统文本,"（誰も来ないな。
しょうがない、一人で帰ろう。）",,untranslated,
SLPM_650.80#3072401,SLPM_650.80,3072401,系统文本,"（誰も来ないな。
しょうがない、一人で帰ろう。）",,untranslated,
SLPM_650.80#3072520,SLPM_650.80,3072520,系统文本,（おっ、ちょうどいい所に,,untranslated,
SLPM_650.80#3072550,SLPM_650.80,3072550,系统文本,がやってきたぞ）,,untranslated,
SLPM_650.80#3073424,SLPM_650.80,3073424,系统文本,「ところで、今度デートに行かない？,,untranslated,
SLPM_650.80#3073467,SLPM_650.80,3073467,系统文本,"「いつに誘う
ほんとは、カレンダーで選択ー。",,untranslated,
SLPM_650.80#3073519,SLPM_650.80,3073519,系统文本,『次の休みに誘う』,,untranslated,
SLPM_650.80#3073540,SLPM_650.80,3073540,系统文本,『次の日曜日に誘う』,,untranslated,
SLPM_650.80#3073563,SLPM_650.80,3073563,系统文本,『次の次の日曜日に誘う』,,untranslated,
SLPM_650.80#3073655,SLPM_650.80,3073655,系统文本,"「何処に誘う
ほんとは、マップでで選択ー。",,untranslated,
SLPM_650.80#3073739,SLPM_650.80,3073739,系统文本,『ショッピング街』,,untranslated,
SLPM_650.80#3073760,SLPM_650.80,3073760,系统文本,『ゲームセンター』,,untranslated,
SLPM_650.80#3073781,SLPM_650.80,3073781,系统文本,『ドーム』,,untranslated,
SLPM_650.80#3073794,SLPM_650.80,3073794,系统文本,『デパート』,,untranslated,
SLPM_650.80#3074064,SLPM_650.80,3074064,系统文本,に行かない？,,untranslated,
SLPM_650.80#3074085,SLPM_650.80,3074085,系统文本,「うん、いいよ。,,untranslated,
SLPM_650.80#3074110,SLPM_650.80,3074110,系统文本,「それじゃあ、約束だよ。,,untranslated,
SLPM_650.80#3074143,SLPM_650.80,3074143,系统文本,「うん、バイバーイ。,,untranslated,
SLPM_650.80#3074192,SLPM_650.80,3074192,系统文本,（楽しみー。）,,untranslated,
SLPM_650.80#3074277,SLPM_650.80,3074277,系统文本,１日目の試験は、国語だ。,,untranslated,
SLPM_650.80#3074349,SLPM_650.80,3074349,系统文本,２日目の試験は、数学だ。,,untranslated,
SLPM_650.80#3074421,SLPM_650.80,3074421,系统文本,３日目の試験は、英語だ。,,untranslated,
SLPM_650.80#3074493,SLPM_650.80,3074493,系统文本,４日目の試験は、理科だ。,,untranslated,
SLPM_650.80#3074565,SLPM_650.80,3074565,系统文本,５日目の試験は、芸術だ。,,untranslated,
SLPM_650.80#3074685,SLPM_650.80,3074685,系统文本,「もうだめだー。,,untranslated,
SLPM_650.80#3074717,SLPM_650.80,3074717,系统文本,「ちょっとダメだったな。,,untranslated,
SLPM_650.80#3074757,SLPM_650.80,3074757,系统文本,「まあまあかな。,,untranslated,
SLPM_650.80#3074789,SLPM_650.80,3074789,系统文本,「いいできだ。,,untranslated,
SLPM_650.80#3074819,SLPM_650.80,3074819,系统文本,「バッチリだ！,,untranslated,
SLPM_650.80#3074918,SLPM_650.80,3074918,系统文本,（どこに電話をかけようかな？）,,untranslated,
SLPM_650.80#3076460,SLPM_650.80,3076460,系统文本,トゥルルルルルル,,untranslated,
SLPM_650.80#3076526,SLPM_650.80,3076526,系统文本,"（留守かな？
しょうがないあきらめよう。）",,untranslated,
SLPM_650.80#3076766,SLPM_650.80,3076766,系统文本,上演内容を選択してください,,untranslated,
SLPM_650.80#3077002,SLPM_650.80,3077002,系统文本,『北天をめぐる星々』,,untranslated,
SLPM_650.80#3077038,SLPM_650.80,3077038,系统文本,『七夕と夏の大三角』,,untranslated,
SLPM_650.80#3077074,SLPM_650.80,3077074,系统文本,『しし座流星群を見よう』,,untranslated,
SLPM_650.80#3077454,SLPM_650.80,3077454,系统文本,弁論の演者を選択してください,,untranslated,
SLPM_650.80#3077740,SLPM_650.80,3077740,系统文本,『牧原優紀子パターン１』,,untranslated,
SLPM_650.80#3077780,SLPM_650.80,3077780,系统文本,『牧原優紀子パターン２』,,untranslated,
SLPM_650.80#3077848,SLPM_650.80,3077848,系统文本,『相沢ちとせ』,,untranslated,
SLPM_650.80#3078366,SLPM_650.80,3078366,系统文本,早口大会の内容を選択してください。,,untranslated,
SLPM_650.80#3078562,SLPM_650.80,3078562,系统文本,『パターン１』,,untranslated,
SLPM_650.80#3078592,SLPM_650.80,3078592,系统文本,『パターン２』,,untranslated,
SLPM_650.80#3078878,SLPM_650.80,3078878,系统文本,ロボット起動の内容を選択してください。,,untranslated,
SLPM_650.80#3079078,SLPM_650.80,3079078,系统文本,『パターン１』,,untranslated,
SLPM_650.80#3079108,SLPM_650.80,3079108,系统文本,『パターン２』,,untranslated,
SLPM_650.80#3079398,SLPM_650.80,3079398,系统文本,ビーム砲発射の内容を選択してください。,,untranslated,
SLPM_650.80#3079598,SLPM_650.80,3079598,系统文本,『パターン１』,,untranslated,
SLPM_650.80#3079628,SLPM_650.80,3079628,系统文本,『パターン２』,,untranslated,
SLPM_650.80#3080094,SLPM_650.80,3080094,系统文本,年賀状を閲覧したい年を選択してください。,,untranslated,
SLPM_650.80#3126550,SLPM_650.80,3126550,系统文本,スマートボールの盤面を選択してください。,,untranslated,
SLPM_650.80#3126664,SLPM_650.80,3126664,系统文本,『スマートボール盤面１』,,untranslated,
SLPM_650.80#3126691,SLPM_650.80,3126691,系统文本,『スマートボール盤面２』,,untranslated,
SLPM_650.80#3126718,SLPM_650.80,3126718,系统文本,『スマートボール盤面３』,,untranslated,
SLPM_650.80#3148673,SLPM_650.80,3148673,系统文本,み%へE｀,,untranslated,
SLPM_650.80#3268948,SLPM_650.80,3268948,系统文本,情報メモ/,,untranslated,
SLPM_650.80#3268964,SLPM_650.80,3268964,系统文本,月  日生まれ,,untranslated,
SLPM_650.80#3269276,SLPM_650.80,3269276,系统文本,内気で控えめな性格の女の子。,,untranslated,
SLPM_650.80#3269316,SLPM_650.80,3269316,系统文本,男の子と話すのがちょっと苦手。,,untranslated,
SLPM_650.80#3269356,SLPM_650.80,3269356,系统文本,メカいじりや怪しい実験が,,untranslated,
SLPM_650.80#3269388,SLPM_650.80,3269388,系统文本,好きなちょっと変わった女の子。,,untranslated,
SLPM_650.80#3269428,SLPM_650.80,3269428,系统文本,女優と映画監督を両親に持つ。,,untranslated,
SLPM_650.80#3269468,SLPM_650.80,3269468,系统文本,プライドの高さは学校一？,,untranslated,
SLPM_650.80#3269500,SLPM_650.80,3269500,系统文本,大のおしゃべり好きで、,,untranslated,
SLPM_650.80#3269532,SLPM_650.80,3269532,系统文本,ボケとツッコミ両方をこなせる。,,untranslated,
SLPM_650.80#3269572,SLPM_650.80,3269572,系统文本,和の心を愛する大和撫子。,,untranslated,
SLPM_650.80#3269604,SLPM_650.80,3269604,系统文本,家は昔からの造り酒屋だそうだ。,,untranslated,
SLPM_650.80#3269644,SLPM_650.80,3269644,系统文本,いつも屋上で昼寝している。,,untranslated,
SLPM_650.80#3269676,SLPM_650.80,3269676,系统文本,いつ勉強しているのかは謎。,,untranslated,
SLPM_650.80#3269708,SLPM_650.80,3269708,系统文本,アルバイトの掛け持ちで忙しく、,,untranslated,
SLPM_650.80#3269748,SLPM_650.80,3269748,系统文本,あまり遠い所に遊びに行けない。,,untranslated,
SLPM_650.80#3269788,SLPM_650.80,3269788,系统文本,一見おとなしそうに見えるが,,untranslated,
SLPM_650.80#3269820,SLPM_650.80,3269820,系统文本,スポーツ万能。その上成績優秀。,,untranslated,
SLPM_650.80#3269860,SLPM_650.80,3269860,系统文本,ルックスが良くてスポーツ万能。,,untranslated,
SLPM_650.80#3269900,SLPM_650.80,3269900,系统文本,女の子の人気が高い。,,untranslated,
SLPM_650.80#3269932,SLPM_650.80,3269932,系统文本,医者の息子で小金持ち。,,untranslated,
SLPM_650.80#3269964,SLPM_650.80,3269964,系统文本,写真を撮るのが趣味。,,untranslated,
SLPM_650.80#3269996,SLPM_650.80,3269996,系统文本,かわいい物やロマンチックな物、,,untranslated,
SLPM_650.80#3270036,SLPM_650.80,3270036,系统文本,動物に関連する場所が大好き。,,untranslated,
SLPM_650.80#3270076,SLPM_650.80,3270076,系统文本,ロボットの出てくるアニメや,,untranslated,
SLPM_650.80#3270108,SLPM_650.80,3270108,系统文本,テレビゲームが大好き。,,untranslated,
SLPM_650.80#3270140,SLPM_650.80,3270140,系统文本,美が感じられる場所を好む。,,untranslated,
SLPM_650.80#3270172,SLPM_650.80,3270172,系统文本,センスのない人間は嫌い。,,untranslated,
SLPM_650.80#3270204,SLPM_650.80,3270204,系统文本,流行物はなんでも試す性格。,,untranslated,
SLPM_650.80#3270236,SLPM_650.80,3270236,系统文本,チェックはいつもかかさない。,,untranslated,
SLPM_650.80#3270276,SLPM_650.80,3270276,系统文本,書道、華道をたしなみ、,,untranslated,
SLPM_650.80#3270308,SLPM_650.80,3270308,系统文本,日本武道全般に通じる。,,untranslated,
SLPM_650.80#3270340,SLPM_650.80,3270340,系统文本,自然や動物とふれあえる,,untranslated,
SLPM_650.80#3270372,SLPM_650.80,3270372,系统文本,静かな場所が好みのようだ。,,untranslated,
SLPM_650.80#3270404,SLPM_650.80,3270404,系统文本,お祭りなどのにぎやかな場所や,,untranslated,
SLPM_650.80#3270444,SLPM_650.80,3270444,系统文本,お得な気分になれる場所が好き。,,untranslated,
SLPM_650.80#3270484,SLPM_650.80,3270484,系统文本,人ごみが苦手なのか、,,untranslated,
SLPM_650.80#3270516,SLPM_650.80,3270516,系统文本,静かで落ち着ける場所を好む。,,untranslated,
SLPM_650.80#3270556,SLPM_650.80,3270556,系统文本,自分に絶対的な自信を持つ。,,untranslated,
SLPM_650.80#3270588,SLPM_650.80,3270588,系统文本,ちょっとナルシスト気味かも。,,untranslated,
SLPM_650.80#3270628,SLPM_650.80,3270628,系统文本,「瞬間ピント合わせ」など,,untranslated,
SLPM_650.80#3270660,SLPM_650.80,3270660,系统文本,数々の怪しい特技を持つ。,,untranslated,
SLPM_650.80#3270692,SLPM_650.80,3270692,系统文本,スポーツはあまり得意でないが,,untranslated,
SLPM_650.80#3270732,SLPM_650.80,3270732,系统文本,観戦するのは大好きらしい。,,untranslated,
SLPM_650.80#3270764,SLPM_650.80,3270764,系统文本,動物が出てくる場所へは,,untranslated,
SLPM_650.80#3270796,SLPM_650.80,3270796,系统文本,なぜか行きたがらないが…,,untranslated,
SLPM_650.80#3270828,SLPM_650.80,3270828,系统文本,芸術関連の知識は豊富だが、,,untranslated,
SLPM_650.80#3270860,SLPM_650.80,3270860,系统文本,一般常識にうとい一面も…,,untranslated,
SLPM_650.80#3270892,SLPM_650.80,3270892,系统文本,勉強はあまり得意ではないが、,,untranslated,
SLPM_650.80#3270932,SLPM_650.80,3270932,系统文本,英語の成績だけはいいらしい。,,untranslated,
SLPM_650.80#3270972,SLPM_650.80,3270972,系统文本,落ち着いていて滅多に怒らない。,,untranslated,
SLPM_650.80#3271012,SLPM_650.80,3271012,系统文本,実は結構天然ボケと言う説も…,,untranslated,
SLPM_650.80#3271052,SLPM_650.80,3271052,系统文本,運動神経抜群だが、,,untranslated,
SLPM_650.80#3271076,SLPM_650.80,3271076,系统文本,特に部活には入っていない。,,untranslated,
SLPM_650.80#3271108,SLPM_650.80,3271108,系统文本,様々な所でアルバイトしている。,,untranslated,
SLPM_650.80#3271148,SLPM_650.80,3271148,系统文本,思わぬ場所で出会えるかも？,,untranslated,
SLPM_650.80#3271180,SLPM_650.80,3271180,系统文本,ピアノを弾くのが趣味。,,untranslated,
SLPM_650.80#3271212,SLPM_650.80,3271212,系统文本,自分で作曲もしているらしい。,,untranslated,
SLPM_650.80#3271252,SLPM_650.80,3271252,系统文本,女の子にはモテモテだが、,,untranslated,
SLPM_650.80#3271284,SLPM_650.80,3271284,系统文本,男の友人は少ないようだ。,,untranslated,
SLPM_650.80#3271316,SLPM_650.80,3271316,系统文本,話し上手で人当たりが良く、,,untranslated,
SLPM_650.80#3271348,SLPM_650.80,3271348,系统文本,女の子には人気があるようだ。,,untranslated,
SLPM_650.80#3282146,SLPM_650.80,3282146,系统文本,冩ボ>S_1@_Gミ,,untranslated,
SLPM_650.80#4353696,SLPM_650.80,4353696,系统文本,ときめきメモリアル３,,untranslated,
SLPM_650.80#4357576,SLPM_650.80,4357576,系统文本,和泉合宿特殊イベント,,untranslated,
SLPM_650.80#4357616,SLPM_650.80,4357616,系统文本,荒らし撃退済み,,untranslated,
SLPM_650.80#4357656,SLPM_650.80,4357656,系统文本,和泉ピアノ弾きＯＫ,,untranslated,
SLPM_650.80#4357744,SLPM_650.80,4357744,系统文本,わんぱく１号の正体を知っている,,untranslated,
SLPM_650.80#4357776,SLPM_650.80,4357776,系统文本,月夜見の正体を知っている,,untranslated,
SLPM_650.80#4357808,SLPM_650.80,4357808,系统文本,渡井橘お見舞いＢ勧め,,untranslated,
SLPM_650.80#4357832,SLPM_650.80,4357832,系统文本,渡井お父さん病気入り,,untranslated,
SLPM_650.80#4357872,SLPM_650.80,4357872,系统文本,渡井合宿特殊イベント,,untranslated,
SLPM_650.80#4357896,SLPM_650.80,4357896,系统文本,渡井のカナズチ知っている,,untranslated,
SLPM_650.80#4357928,SLPM_650.80,4357928,系统文本,渡井のミコバイト既知,,untranslated,
SLPM_650.80#4357976,SLPM_650.80,4357976,系统文本,渡井お父さん病気で悩む,,untranslated,
SLPM_650.80#4358000,SLPM_650.80,4358000,系统文本,渡井お父さん病気,,untranslated,
SLPM_650.80#4358064,SLPM_650.80,4358064,系统文本,神条橘お見舞いＢ勧め,,untranslated,
SLPM_650.80#4358088,SLPM_650.80,4358088,系统文本,神条傘を借りた,,untranslated,
SLPM_650.80#4358104,SLPM_650.80,4358104,系统文本,神条合宿特殊イベント,,untranslated,
SLPM_650.80#4358128,SLPM_650.80,4358128,系统文本,神条ケガ３パターン夏制服,,untranslated,
SLPM_650.80#4358160,SLPM_650.80,4358160,系统文本,神条ケガ２パターン夏制服,,untranslated,
SLPM_650.80#4358192,SLPM_650.80,4358192,系统文本,神条ケガ１パターン夏制服,,untranslated,
SLPM_650.80#4358224,SLPM_650.80,4358224,系统文本,神条登場パターン夏制服,,untranslated,
SLPM_650.80#4358248,SLPM_650.80,4358248,系统文本,神条海で溺れる,,untranslated,
SLPM_650.80#4358264,SLPM_650.80,4358264,系统文本,神条魔物海デート避けた,,untranslated,
SLPM_650.80#4358288,SLPM_650.80,4358288,系统文本,神条魔物退治７Ｂ助ない,,untranslated,
SLPM_650.80#4358312,SLPM_650.80,4358312,系统文本,神条魔物退治７Ｂ助けた,,untranslated,
SLPM_650.80#4358384,SLPM_650.80,4358384,系统文本,橘合宿特殊イベント,,untranslated,
SLPM_650.80#4358408,SLPM_650.80,4358408,系统文本,橘お見舞に行った,,untranslated,
SLPM_650.80#4358528,SLPM_650.80,4358528,系统文本,相沢合宿特殊イベント,,untranslated,
SLPM_650.80#4358552,SLPM_650.80,4358552,系统文本,相沢さん家出,,untranslated,
SLPM_650.80#4358568,SLPM_650.80,4358568,系统文本,相沢さんちで一緒にお勉強予約ＳＰＡＯＫ,,untranslated,
SLPM_650.80#4358608,SLPM_650.80,4358608,系统文本,相沢主人公宅で一緒にお勉強予約ＳＰＯＫ,,untranslated,
SLPM_650.80#4358648,SLPM_650.80,4358648,系统文本,相沢さんちで一緒にお勉強予約ＡＯＫ,,untranslated,
SLPM_650.80#4358688,SLPM_650.80,4358688,系统文本,相沢主人公宅で一緒にお勉強予約ＡＯＫ,,untranslated,
SLPM_650.80#4358728,SLPM_650.80,4358728,系统文本,相沢さんひとりで立ち直り済み,,untranslated,
SLPM_650.80#4358760,SLPM_650.80,4358760,系统文本,相沢さん家出３済み,,untranslated,
SLPM_650.80#4358784,SLPM_650.80,4358784,系统文本,相沢さん家出２済み,,untranslated,
SLPM_650.80#4358808,SLPM_650.80,4358808,系统文本,相沢さん家出１済み,,untranslated,
SLPM_650.80#4358976,SLPM_650.80,4358976,系统文本,御田合宿特殊イベント,,untranslated,
SLPM_650.80#4359000,SLPM_650.80,4359000,系统文本,御田全国高校演劇コンクール結果報告,,untranslated,
SLPM_650.80#4359040,SLPM_650.80,4359040,系统文本,御田全国高校演劇コンクール配役主役,,untranslated,
SLPM_650.80#4359080,SLPM_650.80,4359080,系统文本,御田全国高校演劇コンクール誘われ,,untranslated,
SLPM_650.80#4359120,SLPM_650.80,4359120,系统文本,御田全国高校演劇コンクール済み,,untranslated,
SLPM_650.80#4359152,SLPM_650.80,4359152,系统文本,御田全国高校演劇コンクール主役決定,,untranslated,
SLPM_650.80#4359192,SLPM_650.80,4359192,系统文本,御田悟りライバル,,untranslated,
SLPM_650.80#4359216,SLPM_650.80,4359216,系统文本,御田スランプ告白済み,,untranslated,
SLPM_650.80#4359240,SLPM_650.80,4359240,系统文本,御田スランプ突入済み,,untranslated,
SLPM_650.80#4359304,SLPM_650.80,4359304,系统文本,少女時代の御田を知っている？,,untranslated,
SLPM_650.80#4359336,SLPM_650.80,4359336,系统文本,河合合宿特殊イベント,,untranslated,
SLPM_650.80#4359360,SLPM_650.80,4359360,系统文本,河合メカふりくたーの最後,,untranslated,
SLPM_650.80#4359392,SLPM_650.80,4359392,系统文本,河合メカふりくたーに夢中２,,untranslated,
SLPM_650.80#4359424,SLPM_650.80,4359424,系统文本,河合メカふりくたーに夢中１,,untranslated,
SLPM_650.80#4359456,SLPM_650.80,4359456,系统文本,河合不機嫌メカふりくたーＯＫ,,untranslated,
SLPM_650.80#4359488,SLPM_650.80,4359488,系统文本,河合子犬じゃれ付き１済み,,untranslated,
SLPM_650.80#4359520,SLPM_650.80,4359520,系统文本,河合メカふりくたー登場ＯＫ,,untranslated,
SLPM_650.80#4359648,SLPM_650.80,4359648,系统文本,ふりくたーの真相を聞かされる済み,,untranslated,
SLPM_650.80#4359696,SLPM_650.80,4359696,系统文本,牧原二人でクリスマスＢ（ハムスター無〕済み,,untranslated,
SLPM_650.80#4359792,SLPM_650.80,4359792,系统文本,牧原合宿特殊イベント,,untranslated,
SLPM_650.80#4359816,SLPM_650.80,4359816,系统文本,修学旅行で４日目の約束ＮＧ,,untranslated,
SLPM_650.80#4359848,SLPM_650.80,4359848,系统文本,修学旅行で４日目の約束ＯＫ,,untranslated,
SLPM_650.80#4359880,SLPM_650.80,4359880,系统文本,牧原白鳥の挑戦４負け,,untranslated,
SLPM_650.80#4359904,SLPM_650.80,4359904,系统文本,牧原白鳥の挑戦４勝ち,,untranslated,
SLPM_650.80#4359928,SLPM_650.80,4359928,系统文本,牧原白鳥の挑戦２負け,,untranslated,
SLPM_650.80#4359952,SLPM_650.80,4359952,系统文本,牧原白鳥の挑戦２勝ち,,untranslated,
SLPM_650.80#4359976,SLPM_650.80,4359976,系统文本,牧原祝福追いかけ,,untranslated,
SLPM_650.80#4360016,SLPM_650.80,4360016,系统文本,牧原デートお断り,,untranslated,
SLPM_650.80#4360040,SLPM_650.80,4360040,系统文本,牧原立ち直り,,untranslated,
SLPM_650.80#4360056,SLPM_650.80,4360056,系统文本,牧原おばちゃん昔話,,untranslated,
SLPM_650.80#4360080,SLPM_650.80,4360080,系统文本,牧原おばちゃんお茶のみ,,untranslated,
SLPM_650.80#4360104,SLPM_650.80,4360104,系统文本,牧原ハムスタープレゼント済み,,untranslated,
SLPM_650.80#4360136,SLPM_650.80,4360136,系统文本,牧原二人でクリスマスＢ（ハムスター有〕済み,,untranslated,
SLPM_650.80#4360184,SLPM_650.80,4360184,系统文本,駄菓子屋中に入った,,untranslated,
SLPM_650.80#4360232,SLPM_650.80,4360232,系统文本,おばあちゃん死亡,,untranslated,
SLPM_650.80#4360272,SLPM_650.80,4360272,系统文本,ハムスター登場済,,untranslated,
SLPM_650.80#4360912,SLPM_650.80,4360912,系统文本,橘の後輩（コート）,,untranslated,
SLPM_650.80#4361001,SLPM_650.80,4361001,系统文本,D制服コート,,untranslated,
SLPM_650.80#4361160,SLPM_650.80,4361160,系统文本,スノボウェア,,untranslated,
SLPM_650.80#4361176,SLPM_650.80,4361176,系统文本,スキーウェア,,untranslated,
SLPM_650.80#4361192,SLPM_650.80,4361192,系统文本,クリスマススーツ,,untranslated,
SLPM_650.80#4361216,SLPM_650.80,4361216,系统文本,クリスマスドレス,,untranslated,
SLPM_650.80#4361288,SLPM_650.80,4361288,系统文本,私服（コート）,,untranslated,
SLPM_650.80#4361432,SLPM_650.80,4361432,系统文本,制服コート,,untranslated,
SLPM_650.80#4361528,SLPM_650.80,4361528,系统文本,その他の人物,,untranslated,
SLPM_650.80#4361592,SLPM_650.80,4361592,系统文本,渡井　かずみ,,untranslated,
SLPM_650.80#4361640,SLPM_650.80,4361640,系统文本,相沢　ちとせ,,untranslated,
SLPM_650.80#4364120,SLPM_650.80,4364120,系统文本,アニメ無し,,untranslated,
SLPM_650.80#4364136,SLPM_650.80,4364136,系统文本,スペシャル２,,untranslated,
SLPM_650.80#4364152,SLPM_650.80,4364152,系统文本,スペシャル１,,untranslated,
SLPM_650.80#4364248,SLPM_650.80,4364248,系统文本,リアク（無）,,untranslated,
SLPM_650.80#4364264,SLPM_650.80,4364264,系统文本,リアク（落）,,untranslated,
SLPM_650.80#4364280,SLPM_650.80,4364280,系统文本,リアク（驚）,,untranslated,
SLPM_650.80#4364296,SLPM_650.80,4364296,系统文本,リアク（悲）,,untranslated,
SLPM_650.80#4364312,SLPM_650.80,4364312,系统文本,リアク（怒）,,untranslated,
SLPM_650.80#4364328,SLPM_650.80,4364328,系统文本,リアク（照）,,untranslated,
SLPM_650.80#4364344,SLPM_650.80,4364344,系统文本,リアク（喜）,,untranslated,
SLPM_650.80#4364360,SLPM_650.80,4364360,系统文本,リアク（笑）,,untranslated,
SLPM_650.80#4364552,SLPM_650.80,4364552,系统文本,基本ポーズ,,untranslated,
SLPM_650.80#4364568,SLPM_650.80,4364568,系统文本,【その他】,,untranslated,
SLPM_650.80#4364584,SLPM_650.80,4364584,系统文本,【傘なし】,,untranslated,
SLPM_650.80#4364600,SLPM_650.80,4364600,系统文本,【傘あり】,,untranslated,
SLPM_650.80#4364864,SLPM_650.80,4364864,系统文本,戸惑い／悲しみ,,untranslated,
SLPM_650.80#4365032,SLPM_650.80,4365032,系统文本,テクスチャ調整,,untranslated,
SLPM_650.80#4365656,SLPM_650.80,4365656,系统文本,メモリアル,,untranslated,
SLPM_650.80#4366392,SLPM_650.80,4366392,系统文本,みどりの日,,untranslated,
SLPM_650.80#4370272,SLPM_650.80,4370272,系统文本,ほっきゅん,,untranslated,
SLPM_650.80#4370320,SLPM_650.80,4370320,系统文本,ほたるたん,,untranslated,
SLPM_650.80#4370352,SLPM_650.80,4370352,系统文本,ほたりゅん,,untranslated,
SLPM_650.80#4370368,SLPM_650.80,4370368,系统文本,バイト隊長,,untranslated,
SLPM_650.80#4370432,SLPM_650.80,4370432,系统文本,かずみちん,,untranslated,
SLPM_650.80#4370448,SLPM_650.80,4370448,系统文本,かずみたん,,untranslated,
SLPM_650.80#4370480,SLPM_650.80,4370480,系统文本,かずちゃん,,untranslated,
SLPM_650.80#4370520,SLPM_650.80,4370520,系统文本,せりちゃん,,untranslated,
SLPM_650.80#4370560,SLPM_650.80,4370560,系统文本,せりかっち,,untranslated,
SLPM_650.80#4370576,SLPM_650.80,4370576,系统文本,せりかたん,,untranslated,
SLPM_650.80#4370728,SLPM_650.80,4370728,系统文本,ちとせリン,,untranslated,
SLPM_650.80#4370760,SLPM_650.80,4370760,系统文本,ちとせっち,,untranslated,
SLPM_650.80#4370776,SLPM_650.80,4370776,系统文本,ちとせちん,,untranslated,
SLPM_650.80#4370792,SLPM_650.80,4370792,系统文本,ちとせたん,,untranslated,
SLPM_650.80#4370808,SLPM_650.80,4370808,系统文本,ちぃちゃん,,untranslated,
SLPM_650.80#4371048,SLPM_650.80,4371048,系统文本,ゆっこちゃん,,untranslated,
SLPM_650.80#4371064,SLPM_650.80,4371064,系统文本,ゆっこたん,,untranslated,
SLPM_650.80#4371104,SLPM_650.80,4371104,系统文本,ゆきちゃん,,untranslated,
SLPM_650.80#4373488,SLPM_650.80,4373488,系统文本,クリスマスへ,,untranslated,
SLPM_650.80#4373568,SLPM_650.80,4373568,系统文本,ファミレスへ,,untranslated,
SLPM_650.80#4373584,SLPM_650.80,4373584,系统文本,遊覧船に乗りに,,untranslated,
SLPM_650.80#4373600,SLPM_650.80,4373600,系统文本,室内プールへ,,untranslated,
SLPM_650.80#4373648,SLPM_650.80,4373648,系统文本,スケート場へ,,untranslated,
SLPM_650.80#4373664,SLPM_650.80,4373664,系统文本,ボ－リング場へ,,untranslated,
SLPM_650.80#4373696,SLPM_650.80,4373696,系统文本,デパートへ,,untranslated,
SLPM_650.80#4373712,SLPM_650.80,4373712,系统文本,プラネタリウムへ,,untranslated,
SLPM_650.80#4373752,SLPM_650.80,4373752,系统文本,コンサート会場へ,,untranslated,
SLPM_650.80#4373792,SLPM_650.80,4373792,系统文本,バスターミナルへ,,untranslated,
SLPM_650.80#4373840,SLPM_650.80,4373840,系统文本,マリンブリッジへ,,untranslated,
SLPM_650.80#4373880,SLPM_650.80,4373880,系统文本,ゲームセンターへ,,untranslated,
SLPM_650.80#4373904,SLPM_650.80,4373904,系统文本,ショッピング街へ,,untranslated,
SLPM_650.80#4373928,SLPM_650.80,4373928,系统文本,丘の上公園へ,,untranslated,
SLPM_650.80#4373960,SLPM_650.80,4373960,系统文本,コーヒーショップへ,,untranslated,
SLPM_650.80#4374016,SLPM_650.80,4374016,系统文本,神社のフリーマーケットへ,,untranslated,
SLPM_650.80#4374048,SLPM_650.80,4374048,系统文本,格闘技を観戦しに,,untranslated,
SLPM_650.80#4374072,SLPM_650.80,4374072,系统文本,サッカーの試合を観戦しに,,untranslated,
SLPM_650.80#4374104,SLPM_650.80,4374104,系统文本,野球を観戦しに,,untranslated,
SLPM_650.80#4374120,SLPM_650.80,4374120,系统文本,未来都市ショウへ,,untranslated,
SLPM_650.80#4374160,SLPM_650.80,4374160,系统文本,ゲームショウへ,,untranslated,
SLPM_650.80#4374176,SLPM_650.80,4374176,系统文本,クリスマス,,untranslated,
SLPM_650.80#4374216,SLPM_650.80,4374216,系统文本,イベントホール,,untranslated,
SLPM_650.80#4374256,SLPM_650.80,4374256,系统文本,ファミレス,,untranslated,
SLPM_650.80#4374288,SLPM_650.80,4374288,系统文本,室内プール,,untranslated,
SLPM_650.80#4374320,SLPM_650.80,4374320,系统文本,スケート場,,untranslated,
SLPM_650.80#4374336,SLPM_650.80,4374336,系统文本,ボ－リング場,,untranslated,
SLPM_650.80#4374376,SLPM_650.80,4374376,系统文本,プラネタリウム,,untranslated,
SLPM_650.80#4374400,SLPM_650.80,4374400,系统文本,コンサート会場,,untranslated,
SLPM_650.80#4374424,SLPM_650.80,4374424,系统文本,バスターミナル,,untranslated,
SLPM_650.80#4374456,SLPM_650.80,4374456,系统文本,マリンブリッジ,,untranslated,
SLPM_650.80#4374496,SLPM_650.80,4374496,系统文本,ゲームセンター,,untranslated,
SLPM_650.80#4374512,SLPM_650.80,4374512,系统文本,ショッピング街,,untranslated,
SLPM_650.80#4374560,SLPM_650.80,4374560,系统文本,コーヒーショップ,,untranslated,
SLPM_650.80#4374656,SLPM_650.80,4374656,系统文本,メイプルランド,,untranslated,
SLPM_650.80#4374672,SLPM_650.80,4374672,系统文本,ペットショップ「メグ」,,untranslated,
SLPM_650.80#4374696,SLPM_650.80,4374696,系统文本,もえぎの商店街,,untranslated,
SLPM_650.80#4374712,SLPM_650.80,4374712,系统文本,プライズゲームコーナー,,untranslated,
SLPM_650.80#4374736,SLPM_650.80,4374736,系统文本,体感ゲームコーナー,,untranslated,
SLPM_650.80#4374832,SLPM_650.80,4374832,系统文本,フリーマーケット,,untranslated,
SLPM_650.80#4374856,SLPM_650.80,4374856,系统文本,もえぎの神社,,untranslated,
SLPM_650.80#4374872,SLPM_650.80,4374872,系统文本,熱帯植物エリア,,untranslated,
SLPM_650.80#4374888,SLPM_650.80,4374888,系统文本,望ヶ浜グリーンパーク,,untranslated,
SLPM_650.80#4374912,SLPM_650.80,4374912,系统文本,新もえぎの駅,,untranslated,
SLPM_650.80#4374936,SLPM_650.80,4374936,系统文本,新もえぎの駅バスターミナル,,untranslated,
SLPM_650.80#4374984,SLPM_650.80,4374984,系统文本,ワールドシネマズ,,untranslated,
SLPM_650.80#4375024,SLPM_650.80,4375024,系统文本,もえぎのホール,,untranslated,
SLPM_650.80#4375056,SLPM_650.80,4375056,系统文本,シアターミオ,,untranslated,
SLPM_650.80#4375072,SLPM_650.80,4375072,系统文本,プラネタリウム内,,untranslated,
SLPM_650.80#4375096,SLPM_650.80,4375096,系统文本,市立もえぎのプラネタリウム,,untranslated,
SLPM_650.80#4375128,SLPM_650.80,4375128,系统文本,バーゲン会場,,untranslated,
SLPM_650.80#4375208,SLPM_650.80,4375208,系统文本,もえぎのスクエア,,untranslated,
SLPM_650.80#4375248,SLPM_650.80,4375248,系统文本,フジサキ電気ソフト館,,untranslated,
SLPM_650.80#4375272,SLPM_650.80,4375272,系统文本,ゲームボンバー,,untranslated,
SLPM_650.80#4375288,SLPM_650.80,4375288,系统文本,新もえぎの電気街,,untranslated,
SLPM_650.80#4375312,SLPM_650.80,4375312,系统文本,ボーリング場内,,untranslated,
SLPM_650.80#4375328,SLPM_650.80,4375328,系统文本,もえぎのボウル,,untranslated,
SLPM_650.80#4375360,SLPM_650.80,4375360,系统文本,新もえぎのスケートリンク,,untranslated,
SLPM_650.80#4375408,SLPM_650.80,4375408,系统文本,トリックアート展,,untranslated,
SLPM_650.80#4375432,SLPM_650.80,4375432,系统文本,ルネサンスの夜明け展,,untranslated,
SLPM_650.80#4375488,SLPM_650.80,4375488,系统文本,わくわくアシカショウ,,untranslated,
SLPM_650.80#4375512,SLPM_650.80,4375512,系统文本,マリンパノラマ,,untranslated,
SLPM_650.80#4375528,SLPM_650.80,4375528,系统文本,アクアパラダイス,,untranslated,
SLPM_650.80#4375568,SLPM_650.80,4375568,系统文本,ボディボード,,untranslated,
SLPM_650.80#4375584,SLPM_650.80,4375584,系统文本,ウォータースライダー,,untranslated,
SLPM_650.80#4375608,SLPM_650.80,4375608,系统文本,エントランス,,untranslated,
SLPM_650.80#4375624,SLPM_650.80,4375624,系统文本,オーシャンブルー,,untranslated,
SLPM_650.80#4375664,SLPM_650.80,4375664,系统文本,サッカー観戦,,untranslated,
SLPM_650.80#4375696,SLPM_650.80,4375696,系统文本,レインボウドーム,,untranslated,
SLPM_650.80#4375792,SLPM_650.80,4375792,系统文本,お子様乗物コーナー,,untranslated,
SLPM_650.80#4375816,SLPM_650.80,4375816,系统文本,ルミネファンタジー,,untranslated,
SLPM_650.80#4375840,SLPM_650.80,4375840,系统文本,ファンシーチャイムショウ,,untranslated,
SLPM_650.80#4375872,SLPM_650.80,4375872,系统文本,シツレンジャーショウ,,untranslated,
SLPM_650.80#4375896,SLPM_650.80,4375896,系统文本,メルヘンワールド,,untranslated,
SLPM_650.80#4375920,SLPM_650.80,4375920,系统文本,ゴーストハウス,,untranslated,
SLPM_650.80#4375936,SLPM_650.80,4375936,系统文本,スカイループコースター,,untranslated,
SLPM_650.80#4375976,SLPM_650.80,4375976,系统文本,ワイワイワールド,,untranslated,
SLPM_650.80#4376112,SLPM_650.80,4376112,系统文本,白雪スキー場,,untranslated,
SLPM_650.80#4376176,SLPM_650.80,4376176,系统文本,未来都市ショウ,,untranslated,
SLPM_650.80#4376192,SLPM_650.80,4376192,系统文本,コミック ソサイエティ,,untranslated,
SLPM_650.80#4376216,SLPM_650.80,4376216,系统文本,ゲームショウ,,untranslated,
SLPM_650.80#4376232,SLPM_650.80,4376232,系统文本,イベント会場,,untranslated,
SLPM_650.80#4376264,SLPM_650.80,4376264,系统文本,イヌねこランド,,untranslated,
SLPM_650.80#4376320,SLPM_650.80,4376320,系统文本,クリスマス会場,,untranslated,
SLPM_650.80#4376488,SLPM_650.80,4376488,系统文本,プールサイド,,untranslated,
SLPM_650.80#4376624,SLPM_650.80,4376624,系统文本,サッカー部部室,,untranslated,
SLPM_650.80#4376672,SLPM_650.80,4376672,系统文本,テニス部部室,,untranslated,
SLPM_650.80#4376688,SLPM_650.80,4376688,系统文本,トレーニングルーム,,untranslated,
SLPM_650.80#4376712,SLPM_650.80,4376712,系统文本,グラウンド端,,untranslated,
SLPM_650.80#4376728,SLPM_650.80,4376728,系统文本,サッカー場,,untranslated,
SLPM_650.80#4376824,SLPM_650.80,4376824,系统文本,東京タワー,,untranslated,
SLPM_650.80#4376984,SLPM_650.80,4376984,系统文本,合宿所ロビー,,untranslated,
SLPM_650.80#4377184,SLPM_650.80,4377184,系统文本,県外エリア,,untranslated,
SLPM_650.80#4377200,SLPM_650.80,4377200,系统文本,市外エリア,,untranslated,
SLPM_650.80#4377664,SLPM_650.80,4377664,系统文本,男物綿パンツ・黒,,untranslated,
SLPM_650.80#4377688,SLPM_650.80,4377688,系统文本,シャツ・黒,,untranslated,
SLPM_650.80#4377704,SLPM_650.80,4377704,系统文本,シャツ・白,,untranslated,
SLPM_650.80#4377720,SLPM_650.80,4377720,系统文本,無地Ｔシャツ・黒,,untranslated,
SLPM_650.80#4377744,SLPM_650.80,4377744,系统文本,無地Ｔシャツ・白,,untranslated,
SLPM_650.80#4377768,SLPM_650.80,4377768,系统文本,待ち下校の遭遇率ＵＰ,,untranslated,
SLPM_650.80#4377792,SLPM_650.80,4377792,系统文本,開運のお守り,,untranslated,
SLPM_650.80#4377808,SLPM_650.80,4377808,系统文本,文系・理系・芸術のＵＰ幅が大きくなる,,untranslated,
SLPM_650.80#4377848,SLPM_650.80,4377848,系统文本,勉学のお守り,,untranslated,
SLPM_650.80#4377864,SLPM_650.80,4377864,系统文本,体力・運動のＵＰ幅が大きくなる,,untranslated,
SLPM_650.80#4377896,SLPM_650.80,4377896,系统文本,健康のお守り,,untranslated,
SLPM_650.80#4377912,SLPM_650.80,4377912,系统文本,ＷＥＢの読み込みが少し速くなります,,untranslated,
SLPM_650.80#4377952,SLPM_650.80,4377952,系统文本,ＣＰＵアクセラレータ,,untranslated,
SLPM_650.80#4377976,SLPM_650.80,4377976,系统文本,その場で牧原にプレゼント（他は逃走）,,untranslated,
SLPM_650.80#4378016,SLPM_650.80,4378016,系统文本,ハムスター,,untranslated,
SLPM_650.80#4378032,SLPM_650.80,4378032,系统文本,石鹸の詰め合わせ,,untranslated,
SLPM_650.80#4378056,SLPM_650.80,4378056,系统文本,トイレットペーパー,,untranslated,
SLPM_650.80#4378080,SLPM_650.80,4378080,系统文本,ポケットティッシュ,,untranslated,
SLPM_650.80#4378104,SLPM_650.80,4378104,系统文本,ヒッピーみたいな風貌,,untranslated,
SLPM_650.80#4378128,SLPM_650.80,4378128,系统文本,伝説的ハッカーの生写真,,untranslated,
SLPM_650.80#4378152,SLPM_650.80,4378152,系统文本,女性演歌歌手のブロマイド,,untranslated,
SLPM_650.80#4378184,SLPM_650.80,4378184,系统文本,「演歌は心」…らしい,,untranslated,
SLPM_650.80#4378208,SLPM_650.80,4378208,系统文本,男性演歌歌手のブロマイド,,untranslated,
SLPM_650.80#4378240,SLPM_650.80,4378240,系统文本,女性アイドルのブロマイド,,untranslated,
SLPM_650.80#4378272,SLPM_650.80,4378272,系统文本,男性アイドルのブロマイド,,untranslated,
SLPM_650.80#4378304,SLPM_650.80,4378304,系统文本,ハワイファミリー航空券,,untranslated,
SLPM_650.80#4378344,SLPM_650.80,4378344,系统文本,温泉旅館ファミリー宿泊券,,untranslated,
SLPM_650.80#4378376,SLPM_650.80,4378376,系统文本,小さい頃の答案（８点）,,untranslated,
SLPM_650.80#4378400,SLPM_650.80,4378400,系统文本,睡眠学習セット,,untranslated,
SLPM_650.80#4378416,SLPM_650.80,4378416,系统文本,グングン背が伸びるセット,,untranslated,
SLPM_650.80#4378448,SLPM_650.80,4378448,系统文本,超忍法術お特用セット,,untranslated,
SLPM_650.80#4378488,SLPM_650.80,4378488,系统文本,サングラス,,untranslated,
SLPM_650.80#4378528,SLPM_650.80,4378528,系统文本,世界征服マント,,untranslated,
SLPM_650.80#4378544,SLPM_650.80,4378544,系统文本,表と裏両方使えます,,untranslated,
SLPM_650.80#4378568,SLPM_650.80,4378568,系统文本,リバーシブルマント,,untranslated,
SLPM_650.80#4378592,SLPM_650.80,4378592,系统文本,ハゲヅラ付ヒゲ眼鏡,,untranslated,
SLPM_650.80#4378632,SLPM_650.80,4378632,系统文本,叩くと音がする,,untranslated,
SLPM_650.80#4378648,SLPM_650.80,4378648,系统文本,ピコピコハンマー,,untranslated,
SLPM_650.80#4378672,SLPM_650.80,4378672,系统文本,背が高く見える,,untranslated,
SLPM_650.80#4378688,SLPM_650.80,4378688,系统文本,男物シークレットブーツ,,untranslated,
SLPM_650.80#4378728,SLPM_650.80,4378728,系统文本,男物ビキニパンツ,,untranslated,
SLPM_650.80#4378752,SLPM_650.80,4378752,系统文本,フェロモン香水,,untranslated,
SLPM_650.80#4378808,SLPM_650.80,4378808,系统文本,アロハシャツ,,untranslated,
SLPM_650.80#4378824,SLPM_650.80,4378824,系统文本,くろぶち眼鏡,,untranslated,
SLPM_650.80#4378848,SLPM_650.80,4378848,系统文本,犬のぬいぐるみ,,untranslated,
SLPM_650.80#4378880,SLPM_650.80,4378880,系统文本,真紅のルージュ,,untranslated,
SLPM_650.80#4378896,SLPM_650.80,4378896,系统文本,ピンクのルージュ,,untranslated,
SLPM_650.80#4378920,SLPM_650.80,4378920,系统文本,ダイヤのイヤリング,,untranslated,
SLPM_650.80#4378960,SLPM_650.80,4378960,系统文本,フリーサイズ,,untranslated,
SLPM_650.80#4378992,SLPM_650.80,4378992,系统文本,お耽美なズボン・フリーサイズ,,untranslated,
SLPM_650.80#4379024,SLPM_650.80,4379024,系统文本,男物耽美パンツ,,untranslated,
SLPM_650.80#4379040,SLPM_650.80,4379040,系统文本,お耽美なシャツ・フリーサイズ,,untranslated,
SLPM_650.80#4379072,SLPM_650.80,4379072,系统文本,男物耽美シャツ,,untranslated,
SLPM_650.80#4379088,SLPM_650.80,4379088,系统文本,バンカラ用,,untranslated,
SLPM_650.80#4379104,SLPM_650.80,4379104,系统文本,バンカラ下駄,,untranslated,
SLPM_650.80#4379120,SLPM_650.80,4379120,系统文本,夢の各種スポーツ汎用,,untranslated,
SLPM_650.80#4379144,SLPM_650.80,4379144,系统文本,男物スポーツスパイク,,untranslated,
SLPM_650.80#4379168,SLPM_650.80,4379168,系统文本,大きな麦わら帽子,,untranslated,
SLPM_650.80#4379192,SLPM_650.80,4379192,系统文本,男物麦わら帽子,,untranslated,
SLPM_650.80#4379216,SLPM_650.80,4379216,系统文本,男物サンダル,,untranslated,
SLPM_650.80#4379248,SLPM_650.80,4379248,系统文本,男物スニーカー,,untranslated,
SLPM_650.80#4379264,SLPM_650.80,4379264,系统文本,男物ハーフパンツ,,untranslated,
SLPM_650.80#4379288,SLPM_650.80,4379288,系统文本,男物下ジャージ,,untranslated,
SLPM_650.80#4379304,SLPM_650.80,4379304,系统文本,男物ジーンズ,,untranslated,
SLPM_650.80#4379320,SLPM_650.80,4379320,系统文本,男物綿パンツ,,untranslated,
SLPM_650.80#4379336,SLPM_650.80,4379336,系统文本,カジュアルシャツ,,untranslated,
SLPM_650.80#4379360,SLPM_650.80,4379360,系统文本,男物上ジャージ,,untranslated,
SLPM_650.80#4379392,SLPM_650.80,4379392,系统文本,制覇済みロックＣＤ全集・松,,untranslated,
SLPM_650.80#4379424,SLPM_650.80,4379424,系统文本,ロックＣＤ全集・松,,untranslated,
SLPM_650.80#4379448,SLPM_650.80,4379448,系统文本,制覇済みジャズＣＤ全集・松,,untranslated,
SLPM_650.80#4379480,SLPM_650.80,4379480,系统文本,ジャズＣＤ全集・松,,untranslated,
SLPM_650.80#4379504,SLPM_650.80,4379504,系统文本,制覇済みクラシックＣＤ全集・松,,untranslated,
SLPM_650.80#4379536,SLPM_650.80,4379536,系统文本,クラシックＣＤ全集・松,,untranslated,
SLPM_650.80#4379560,SLPM_650.80,4379560,系统文本,制覇済みアニメゲームＣＤ全集・松,,untranslated,
SLPM_650.80#4379600,SLPM_650.80,4379600,系统文本,アニメゲームＣＤ全集・松,,untranslated,
SLPM_650.80#4379632,SLPM_650.80,4379632,系统文本,さんざん聞き倒した幻のＣＤ全集,,untranslated,
SLPM_650.80#4379664,SLPM_650.80,4379664,系统文本,制覇済みアイドルＣＤ全集・松,,untranslated,
SLPM_650.80#4379712,SLPM_650.80,4379712,系统文本,アイドルＣＤ全集・松,,untranslated,
SLPM_650.80#4379736,SLPM_650.80,4379736,系统文本,制覇済みロックＣＤ全集・竹,,untranslated,
SLPM_650.80#4379768,SLPM_650.80,4379768,系统文本,ロックＣＤ全集・竹,,untranslated,
SLPM_650.80#4379792,SLPM_650.80,4379792,系统文本,制覇済みジャズＣＤ全集・竹,,untranslated,
SLPM_650.80#4379824,SLPM_650.80,4379824,系统文本,ジャズＣＤ全集・竹,,untranslated,
SLPM_650.80#4379848,SLPM_650.80,4379848,系统文本,制覇済みクラシックＣＤ全集・竹,,untranslated,
SLPM_650.80#4379880,SLPM_650.80,4379880,系统文本,クラシックＣＤ全集・竹,,untranslated,
SLPM_650.80#4379904,SLPM_650.80,4379904,系统文本,制覇済みアニメゲームＣＤ全集・竹,,untranslated,
SLPM_650.80#4379944,SLPM_650.80,4379944,系统文本,アニメゲームＣＤ全集・竹,,untranslated,
SLPM_650.80#4379976,SLPM_650.80,4379976,系统文本,さんざん聞き倒した高級ＣＤ全集,,untranslated,
SLPM_650.80#4380008,SLPM_650.80,4380008,系统文本,制覇済みアイドルＣＤ全集・竹,,untranslated,
SLPM_650.80#4380056,SLPM_650.80,4380056,系统文本,アイドルＣＤ全集・竹,,untranslated,
SLPM_650.80#4380080,SLPM_650.80,4380080,系统文本,制覇済みロックＣＤ全集・梅,,untranslated,
SLPM_650.80#4380112,SLPM_650.80,4380112,系统文本,ロックＣＤ全集・梅,,untranslated,
SLPM_650.80#4380136,SLPM_650.80,4380136,系统文本,制覇済みジャズＣＤ全集・梅,,untranslated,
SLPM_650.80#4380168,SLPM_650.80,4380168,系统文本,ジャズＣＤ全集・梅,,untranslated,
SLPM_650.80#4380192,SLPM_650.80,4380192,系统文本,制覇済みクラシックＣＤ全集・梅,,untranslated,
SLPM_650.80#4380224,SLPM_650.80,4380224,系统文本,クラシックＣＤ全集・梅,,untranslated,
SLPM_650.80#4380248,SLPM_650.80,4380248,系统文本,制覇済みアニメゲームＣＤ全集・梅,,untranslated,
SLPM_650.80#4380288,SLPM_650.80,4380288,系统文本,アニメゲームＣＤ全集・梅,,untranslated,
SLPM_650.80#4380320,SLPM_650.80,4380320,系统文本,さんざん聞き倒した安物ＣＤ全集,,untranslated,
SLPM_650.80#4380352,SLPM_650.80,4380352,系统文本,制覇済みアイドルＣＤ全集・梅,,untranslated,
SLPM_650.80#4380400,SLPM_650.80,4380400,系统文本,アイドルＣＤ全集・梅,,untranslated,
SLPM_650.80#4380424,SLPM_650.80,4380424,系统文本,ＣＤオーディオ雑誌,,untranslated,
SLPM_650.80#4380448,SLPM_650.80,4380448,系统文本,ＣＤカタログ,,untranslated,
SLPM_650.80#4380464,SLPM_650.80,4380464,系统文本,鳥カゴ、インコ大家族、遊戯物のセット,,untranslated,
SLPM_650.80#4380504,SLPM_650.80,4380504,系统文本,セキセイインコ大家族のセット,,untranslated,
SLPM_650.80#4380536,SLPM_650.80,4380536,系统文本,鳥カゴ、インコ家族、遊戯物のセット,,untranslated,
SLPM_650.80#4380576,SLPM_650.80,4380576,系统文本,セキセイインコ家族のセット,,untranslated,
SLPM_650.80#4380608,SLPM_650.80,4380608,系统文本,鳥カゴ、インコ親子、遊戯物のセット,,untranslated,
SLPM_650.80#4380648,SLPM_650.80,4380648,系统文本,セキセイインコ親子のセット,,untranslated,
SLPM_650.80#4380680,SLPM_650.80,4380680,系统文本,鳥カゴ、インコ夫婦、遊戯物のセット,,untranslated,
SLPM_650.80#4380720,SLPM_650.80,4380720,系统文本,セキセイインコ夫婦のセット,,untranslated,
SLPM_650.80#4380752,SLPM_650.80,4380752,系统文本,鳥カゴ、インコ大、遊戯物のセット,,untranslated,
SLPM_650.80#4380792,SLPM_650.80,4380792,系统文本,セキセイインコ大のセット,,untranslated,
SLPM_650.80#4380824,SLPM_650.80,4380824,系统文本,鳥カゴ、インコ小、遊戯物のセット,,untranslated,
SLPM_650.80#4380864,SLPM_650.80,4380864,系统文本,セキセイインコ小のセット,,untranslated,
SLPM_650.80#4380896,SLPM_650.80,4380896,系统文本,鳥カゴ、インコ小のセット,,untranslated,
SLPM_650.80#4380928,SLPM_650.80,4380928,系统文本,セキセイインコ小,,untranslated,
SLPM_650.80#4380952,SLPM_650.80,4380952,系统文本,鳥カゴのみ,,untranslated,
SLPM_650.80#4380976,SLPM_650.80,4380976,系统文本,傷心合体！ダイ・シツレンロボ完成品,,untranslated,
SLPM_650.80#4381016,SLPM_650.80,4381016,系统文本,ダイ・シツレンロボ完成品,,untranslated,
SLPM_650.80#4381048,SLPM_650.80,4381048,系统文本,シツレンファイター完成品,,untranslated,
SLPM_650.80#4381080,SLPM_650.80,4381080,系统文本,シツレンファイター模型,,untranslated,
SLPM_650.80#4381104,SLPM_650.80,4381104,系统文本,トキメキドリル完成品,,untranslated,
SLPM_650.80#4381128,SLPM_650.80,4381128,系统文本,トキメキドリル模型,,untranslated,
SLPM_650.80#4381152,SLPM_650.80,4381152,系统文本,バクダンブル完成品,,untranslated,
SLPM_650.80#4381176,SLPM_650.80,4381176,系统文本,バクダンブル模型,,untranslated,
SLPM_650.80#4381200,SLPM_650.80,4381200,系统文本,ショウシンタンク完成品,,untranslated,
SLPM_650.80#4381224,SLPM_650.80,4381224,系统文本,ショウシンタンク模型,,untranslated,
SLPM_650.80#4381248,SLPM_650.80,4381248,系统文本,ユウコウバード完成品,,untranslated,
SLPM_650.80#4381272,SLPM_650.80,4381272,系统文本,ユウコウバード模型,,untranslated,
SLPM_650.80#4381296,SLPM_650.80,4381296,系统文本,ベルちゃん完成品,,untranslated,
SLPM_650.80#4381320,SLPM_650.80,4381320,系统文本,ベルちゃん模型,,untranslated,
SLPM_650.80#4381336,SLPM_650.80,4381336,系统文本,魔法少女チャイム完成品,,untranslated,
SLPM_650.80#4381360,SLPM_650.80,4381360,系统文本,魔法少女チャイム模型,,untranslated,
SLPM_650.80#4381488,SLPM_650.80,4381488,系统文本,模型全般に関する本,,untranslated,
SLPM_650.80#4381512,SLPM_650.80,4381512,系统文本,模型カタログ,,untranslated,
SLPM_650.80#4381528,SLPM_650.80,4381528,系统文本,寂しくカサカサ転がるやつ,,untranslated,
SLPM_650.80#4381560,SLPM_650.80,4381560,系统文本,ケセランパサラン,,untranslated,
SLPM_650.80#4381648,SLPM_650.80,4381648,系统文本,宇宙人のハニワ,,untranslated,
SLPM_650.80#4381664,SLPM_650.80,4381664,系统文本,コアラ髪型の女性の偶像,,untranslated,
SLPM_650.80#4381688,SLPM_650.80,4381688,系统文本,殺人コアラの土偶,,untranslated,
SLPM_650.80#4381712,SLPM_650.80,4381712,系统文本,目の下につけると良いらしい,,untranslated,
SLPM_650.80#4381744,SLPM_650.80,4381744,系统文本,古代の付けボクロ,,untranslated,
SLPM_650.80#4381768,SLPM_650.80,4381768,系统文本,錆びたカチューシャ,,untranslated,
SLPM_650.80#4381808,SLPM_650.80,4381808,系统文本,攻略済み大作ＲＰＧゲーム,,untranslated,
SLPM_650.80#4381840,SLPM_650.80,4381840,系统文本,大作ＲＰＧゲーム,,untranslated,
SLPM_650.80#4381864,SLPM_650.80,4381864,系统文本,攻略済み戦略ＳＬＧゲーム,,untranslated,
SLPM_650.80#4381896,SLPM_650.80,4381896,系统文本,戦略ＳＬＧゲーム,,untranslated,
SLPM_650.80#4381920,SLPM_650.80,4381920,系统文本,攻略済み恋愛ＳＬＧゲーム,,untranslated,
SLPM_650.80#4381952,SLPM_650.80,4381952,系统文本,恋愛ＳＬＧゲーム,,untranslated,
SLPM_650.80#4381976,SLPM_650.80,4381976,系统文本,攻略済み格闘ＡＣＴゲーム,,untranslated,
SLPM_650.80#4382008,SLPM_650.80,4382008,系统文本,格闘ＡＣＴゲーム,,untranslated,
SLPM_650.80#4382032,SLPM_650.80,4382032,系统文本,攻略済みアクションＳＴＧゲーム,,untranslated,
SLPM_650.80#4382064,SLPM_650.80,4382064,系统文本,アクションＳＴＧゲーム,,untranslated,
SLPM_650.80#4382088,SLPM_650.80,4382088,系统文本,ゲームの攻略本,,untranslated,
SLPM_650.80#4382104,SLPM_650.80,4382104,系统文本,ゲームカタログ,,untranslated,
SLPM_650.80#4382120,SLPM_650.80,4382120,系统文本,究極のアイスクリーム,,untranslated,
SLPM_650.80#4382144,SLPM_650.80,4382144,系统文本,究極のお弁当,,untranslated,
SLPM_650.80#4382160,SLPM_650.80,4382160,系统文本,自家製コーヒー,,untranslated,
SLPM_650.80#4382176,SLPM_650.80,4382176,系统文本,自分でブレンドした紅茶,,untranslated,
SLPM_650.80#4382200,SLPM_650.80,4382200,系统文本,オリジナルブレンド紅茶,,untranslated,
SLPM_650.80#4382224,SLPM_650.80,4382224,系统文本,…食べられるのか？,,untranslated,
SLPM_650.80#4382272,SLPM_650.80,4382272,系统文本,愛情のたっぷりこもったお弁当,,untranslated,
SLPM_650.80#4382320,SLPM_650.80,4382320,系统文本,黒いせんべい,,untranslated,
SLPM_650.80#4382336,SLPM_650.80,4382336,系统文本,手作りぽてち失敗作,,untranslated,
SLPM_650.80#4382360,SLPM_650.80,4382360,系统文本,おいしそうなぽてち,,untranslated,
SLPM_650.80#4382384,SLPM_650.80,4382384,系统文本,手作りぽてち,,untranslated,
SLPM_650.80#4382400,SLPM_650.80,4382400,系统文本,かちわり氷…だよなあ。どう見ても,,untranslated,
SLPM_650.80#4382440,SLPM_650.80,4382440,系统文本,手作りアイスクリーム失敗作,,untranslated,
SLPM_650.80#4382472,SLPM_650.80,4382472,系统文本,おいしそうなアイスクリーム,,untranslated,
SLPM_650.80#4382504,SLPM_650.80,4382504,系统文本,手作りアイスクリーム,,untranslated,
SLPM_650.80#4382528,SLPM_650.80,4382528,系统文本,黒パンみたいだよなあ,,untranslated,
SLPM_650.80#4382552,SLPM_650.80,4382552,系统文本,手作りケーキ失敗作,,untranslated,
SLPM_650.80#4382576,SLPM_650.80,4382576,系统文本,おいしそうなケーキ,,untranslated,
SLPM_650.80#4382600,SLPM_650.80,4382600,系统文本,手作りケーキ,,untranslated,
SLPM_650.80#4382616,SLPM_650.80,4382616,系统文本,炭…だよなあ。これ,,untranslated,
SLPM_650.80#4382640,SLPM_650.80,4382640,系统文本,手作りクッキー失敗作,,untranslated,
SLPM_650.80#4382664,SLPM_650.80,4382664,系统文本,おいしそうなクッキー,,untranslated,
SLPM_650.80#4382688,SLPM_650.80,4382688,系统文本,手作りクッキー,,untranslated,
SLPM_650.80#4382704,SLPM_650.80,4382704,系统文本,お菓子つくり全般に関する本,,untranslated,
SLPM_650.80#4382736,SLPM_650.80,4382736,系统文本,お菓子つくり入門雑誌,,untranslated,
SLPM_650.80#4382760,SLPM_650.80,4382760,系统文本,料理全般に関する本,,untranslated,
SLPM_650.80#4382800,SLPM_650.80,4382800,系统文本,和泉さんの似顔絵。うまい！,,untranslated,
SLPM_650.80#4382848,SLPM_650.80,4382848,系统文本,和泉さん…に見えなくはないかも,,untranslated,
SLPM_650.80#4382904,SLPM_650.80,4382904,系统文本,渡井さんの似顔絵。うまい！,,untranslated,
SLPM_650.80#4382952,SLPM_650.80,4382952,系统文本,渡井さん…に見えなくはないかも,,untranslated,
SLPM_650.80#4383008,SLPM_650.80,4383008,系统文本,橘さんの似顔絵。うまい！,,untranslated,
SLPM_650.80#4383056,SLPM_650.80,4383056,系统文本,橘さん…に見えなくはないかも,,untranslated,
SLPM_650.80#4383112,SLPM_650.80,4383112,系统文本,神条さんの似顔絵。うまい！,,untranslated,
SLPM_650.80#4383160,SLPM_650.80,4383160,系统文本,神条さん…に見えなくはないかも,,untranslated,
SLPM_650.80#4383216,SLPM_650.80,4383216,系统文本,相沢さんの似顔絵。うまい！,,untranslated,
SLPM_650.80#4383264,SLPM_650.80,4383264,系统文本,相沢さん…に見えなくはないかも,,untranslated,
SLPM_650.80#4383320,SLPM_650.80,4383320,系统文本,御田さんの似顔絵。うまい！,,untranslated,
SLPM_650.80#4383368,SLPM_650.80,4383368,系统文本,御田さん…に見えなくはないかも,,untranslated,
SLPM_650.80#4383424,SLPM_650.80,4383424,系统文本,河合さんの似顔絵。うまい！,,untranslated,
SLPM_650.80#4383472,SLPM_650.80,4383472,系统文本,河合さん…に見えなくはないかも,,untranslated,
SLPM_650.80#4383528,SLPM_650.80,4383528,系统文本,牧原さんの似顔絵。うまい！,,untranslated,
SLPM_650.80#4383576,SLPM_650.80,4383576,系统文本,牧原さん…に見えなくはないかも,,untranslated,
SLPM_650.80#4383632,SLPM_650.80,4383632,系统文本,謹賀新年。…うまい,,untranslated,
SLPM_650.80#4383680,SLPM_650.80,4383680,系统文本,青い空白い雲。…うまい,,untranslated,
SLPM_650.80#4383704,SLPM_650.80,4383704,系统文本,書道「青い空白い雲」,,untranslated,
SLPM_650.80#4383728,SLPM_650.80,4383728,系统文本,爆発している,,untranslated,
SLPM_650.80#4383744,SLPM_650.80,4383744,系统文本,独創的なオブジェ,,untranslated,
SLPM_650.80#4383768,SLPM_650.80,4383768,系统文本,さわやかな山の風景,,untranslated,
SLPM_650.80#4383808,SLPM_650.80,4383808,系统文本,ある日の港の風景,,untranslated,
SLPM_650.80#4383848,SLPM_650.80,4383848,系统文本,矢部の似顔絵。…うまい,,untranslated,
SLPM_650.80#4383888,SLPM_650.80,4383888,系统文本,白鳥の似顔絵。…うまい,,untranslated,
SLPM_650.80#4383928,SLPM_650.80,4383928,系统文本,美術で使う道具のセット,,untranslated,
SLPM_650.80#4383968,SLPM_650.80,4383968,系统文本,美術全般に関する入門雑誌,,untranslated,
SLPM_650.80#4384072,SLPM_650.80,4384072,系统文本,読み返してみると恥ずかしくて死にそう,,untranslated,
SLPM_650.80#4384128,SLPM_650.80,4384128,系统文本,読書済みの童話,,untranslated,
SLPM_650.80#4384160,SLPM_650.80,4384160,系统文本,北極ペンギンのお話,,untranslated,
SLPM_650.80#4384192,SLPM_650.80,4384192,系统文本,読書済みの詩集,,untranslated,
SLPM_650.80#4384224,SLPM_650.80,4384224,系统文本,心に染み渡る,,untranslated,
SLPM_650.80#4384248,SLPM_650.80,4384248,系统文本,読書済みのとても難しい推理小説,,untranslated,
SLPM_650.80#4384304,SLPM_650.80,4384304,系统文本,とても難しい推理小説,,untranslated,
SLPM_650.80#4384344,SLPM_650.80,4384344,系统文本,読書済みのとても悲しい恋愛小説,,untranslated,
SLPM_650.80#4384400,SLPM_650.80,4384400,系统文本,とても悲しい恋愛小説,,untranslated,
SLPM_650.80#4384440,SLPM_650.80,4384440,系统文本,手編みのセーター,,untranslated,
SLPM_650.80#4384464,SLPM_650.80,4384464,系统文本,手編みのマフラー,,untranslated,
SLPM_650.80#4384488,SLPM_650.80,4384488,系统文本,愛情がこもって暖かい,,untranslated,
SLPM_650.80#4384512,SLPM_650.80,4384512,系统文本,手編みの手袋,,untranslated,
SLPM_650.80#4384528,SLPM_650.80,4384528,系统文本,よく眠れる,,untranslated,
SLPM_650.80#4384544,SLPM_650.80,4384544,系统文本,手縫いの枕カバー,,untranslated,
SLPM_650.80#4384568,SLPM_650.80,4384568,系统文本,いまどき、小学生でも使わない,,untranslated,
SLPM_650.80#4384600,SLPM_650.80,4384600,系统文本,フェルトの財布,,untranslated,
SLPM_650.80#4384616,SLPM_650.80,4384616,系统文本,丈夫で使いやすい,,untranslated,
SLPM_650.80#4384640,SLPM_650.80,4384640,系统文本,手縫いのぞうきん,,untranslated,
SLPM_650.80#4384664,SLPM_650.80,4384664,系统文本,ファッション全般に関する雑誌,,untranslated,
SLPM_650.80#4384696,SLPM_650.80,4384696,系统文本,ファッションカタログ,,untranslated,
SLPM_650.80#4384720,SLPM_650.80,4384720,系统文本,手芸に使う道具のセット,,untranslated,
SLPM_650.80#4384760,SLPM_650.80,4384760,系统文本,手芸全般に関する雑誌,,untranslated,
SLPM_650.80#4384784,SLPM_650.80,4384784,系统文本,手芸カタログ,,untranslated,
SLPM_650.80#4384800,SLPM_650.80,4384800,系统文本,くやしいので記念にした,,untranslated,
SLPM_650.80#4384840,SLPM_650.80,4384840,系统文本,釣った長靴。使えないこともない,,untranslated,
SLPM_650.80#4384888,SLPM_650.80,4384888,系统文本,でっかいブラックバス,,untranslated,
SLPM_650.80#4384912,SLPM_650.80,4384912,系统文本,ブラックバスの魚拓,,untranslated,
SLPM_650.80#4384936,SLPM_650.80,4384936,系统文本,立派な鯉の魚拓,,untranslated,
SLPM_650.80#4384952,SLPM_650.80,4384952,系统文本,コイの魚拓,,untranslated,
SLPM_650.80#4384968,SLPM_650.80,4384968,系统文本,魚拓とってもいいのかな？,,untranslated,
SLPM_650.80#4385000,SLPM_650.80,4385000,系统文本,シーラカンスの魚拓,,untranslated,
SLPM_650.80#4385024,SLPM_650.80,4385024,系统文本,命がけで魚拓をとった,,untranslated,
SLPM_650.80#4385048,SLPM_650.80,4385048,系统文本,サメの魚拓,,untranslated,
SLPM_650.80#4385064,SLPM_650.80,4385064,系统文本,くやしいから魚拓にした,,untranslated,
SLPM_650.80#4385088,SLPM_650.80,4385088,系统文本,穴開きヤカンの魚拓,,untranslated,
SLPM_650.80#4385112,SLPM_650.80,4385112,系统文本,釣ったヤカン。穴が開いているので使えない,,untranslated,
SLPM_650.80#4385160,SLPM_650.80,4385160,系统文本,穴開きヤカン,,untranslated,
SLPM_650.80#4385176,SLPM_650.80,4385176,系统文本,でっかいカジキの魚拓,,untranslated,
SLPM_650.80#4385200,SLPM_650.80,4385200,系统文本,カジキの魚拓,,untranslated,
SLPM_650.80#4385216,SLPM_650.80,4385216,系统文本,大きな真鯛,,untranslated,
SLPM_650.80#4385232,SLPM_650.80,4385232,系统文本,タイの魚拓,,untranslated,
SLPM_650.80#4385248,SLPM_650.80,4385248,系统文本,釣りに使う道具のセット,,untranslated,
SLPM_650.80#4385288,SLPM_650.80,4385288,系统文本,釣り全般についての雑誌,,untranslated,
SLPM_650.80#4385312,SLPM_650.80,4385312,系统文本,釣りカタログ,,untranslated,
SLPM_650.80#4385328,SLPM_650.80,4385328,系统文本,恐くて抜けない,,untranslated,
SLPM_650.80#4385344,SLPM_650.80,4385344,系统文本,マンドラゴラの鉢植え,,untranslated,
SLPM_650.80#4385368,SLPM_650.80,4385368,系统文本,高価なランの鉢植え,,untranslated,
SLPM_650.80#4385392,SLPM_650.80,4385392,系统文本,ランの鉢植え,,untranslated,
SLPM_650.80#4385408,SLPM_650.80,4385408,系统文本,炒る前のコーヒー豆（不味い）,,untranslated,
SLPM_650.80#4385440,SLPM_650.80,4385440,系统文本,生コーヒー豆,,untranslated,
SLPM_650.80#4385456,SLPM_650.80,4385456,系统文本,傷口とかに使うやつ。食べるとおいしい,,untranslated,
SLPM_650.80#4385496,SLPM_650.80,4385496,系统文本,アロエの鉢植え,,untranslated,
SLPM_650.80#4385512,SLPM_650.80,4385512,系统文本,ツバキの鉢植え,,untranslated,
SLPM_650.80#4385528,SLPM_650.80,4385528,系统文本,女の子によっては、あげると喜ばれる,,untranslated,
SLPM_650.80#4385568,SLPM_650.80,4385568,系统文本,つつじの鉢植え,,untranslated,
SLPM_650.80#4385584,SLPM_650.80,4385584,系统文本,ちっちゃなサボテン。食べられる,,untranslated,
SLPM_650.80#4385616,SLPM_650.80,4385616,系统文本,サボテンの鉢植え,,untranslated,
SLPM_650.80#4385640,SLPM_650.80,4385640,系统文本,チューリップのブーケ,,untranslated,
SLPM_650.80#4385664,SLPM_650.80,4385664,系统文本,女の子にあげると喜ばれる…かも,,untranslated,
SLPM_650.80#4385696,SLPM_650.80,4385696,系统文本,キクのブーケ,,untranslated,
SLPM_650.80#4385712,SLPM_650.80,4385712,系统文本,女の子にあげると喜ばれる,,untranslated,
SLPM_650.80#4385744,SLPM_650.80,4385744,系统文本,バラのブーケ,,untranslated,
SLPM_650.80#4385760,SLPM_650.80,4385760,系统文本,園芸につかう道具のセット,,untranslated,
SLPM_650.80#4385808,SLPM_650.80,4385808,系统文本,園芸全般についての雑誌,,untranslated,
SLPM_650.80#4385832,SLPM_650.80,4385832,系统文本,園芸カタログ,,untranslated,
SLPM_650.80#4389400,SLPM_650.80,4389400,系统文本,ハロウィン,,untranslated,
SLPM_650.80#4389544,SLPM_650.80,4389544,系统文本,テスト結果発表,,untranslated,
SLPM_650.80#4389584,SLPM_650.80,4389584,系统文本,インターハイ,,untranslated,
SLPM_650.80#4389600,SLPM_650.80,4389600,系统文本,高校サッカー大会,,untranslated,
SLPM_650.80#4389768,SLPM_650.80,4389768,系统文本,期末テスト,,untranslated,
SLPM_650.80#4389800,SLPM_650.80,4389800,系统文本,クリスマスイブ,,untranslated,
SLPM_650.80#4389816,SLPM_650.80,4389816,系统文本,ホワイトデー,,untranslated,
SLPM_650.80#4389832,SLPM_650.80,4389832,系统文本,バレンタインデー,,untranslated,
SLPM_650.80#4389944,SLPM_650.80,4389944,系统文本,ネオ宮城学園,,untranslated,
SLPM_650.80#4390184,SLPM_650.80,4390184,系统文本,もえぎの高校,,untranslated,
SLPM_650.80#4390232,SLPM_650.80,4390232,系统文本,もえぎのｒｅｃｏｒｄ,,untranslated,
SLPM_650.80#4390256,SLPM_650.80,4390256,系统文本,もえぎのシューズ,,untranslated,
SLPM_650.80#4390296,SLPM_650.80,4390296,系统文本,もえぎのまんじゅう,,untranslated,
SLPM_650.80#4390320,SLPM_650.80,4390320,系统文本,ぽえむの部屋,,untranslated,
SLPM_650.80#4390344,SLPM_650.80,4390344,系统文本,豆知識・バイオリズム,,untranslated,
SLPM_650.80#4390368,SLPM_650.80,4390368,系统文本,ナカさんＷＥＢ,,untranslated,
SLPM_650.80#4390384,SLPM_650.80,4390384,系统文本,チャイムうぇぶぺーじ,,untranslated,
SLPM_650.80#4390408,SLPM_650.80,4390408,系统文本,海の家・のぎえもん,,untranslated,
SLPM_650.80#4390448,SLPM_650.80,4390448,系统文本,つれづれメカ,,untranslated,
SLPM_650.80#4390464,SLPM_650.80,4390464,系统文本,プラネタリウム,,untranslated,
SLPM_650.80#4390480,SLPM_650.80,4390480,系统文本,コス・プレイガールズ,,untranslated,
SLPM_650.80#4390504,SLPM_650.80,4390504,系统文本,シツレンジャー大作戦,,untranslated,
SLPM_650.80#4390552,SLPM_650.80,4390552,系统文本,Ｗａっと選抜隊！！,,untranslated,
SLPM_650.80#4390576,SLPM_650.80,4390576,系统文本,仔にゃんこラヴ,,untranslated,
SLPM_650.80#4390592,SLPM_650.80,4390592,系统文本,もえぎの超常倶楽部,,untranslated,
SLPM_650.80#4390656,SLPM_650.80,4390656,系统文本,あいあむチロ,,untranslated,
SLPM_650.80#4390696,SLPM_650.80,4390696,系统文本,矢部卓男の特ダネ登場,,untranslated,
SLPM_650.80#4390720,SLPM_650.80,4390720,系统文本,恋羽こなみ,,untranslated,
SLPM_650.80#4390736,SLPM_650.80,4390736,系统文本,宣伝のページ,,untranslated,
SLPM_650.80#4390768,SLPM_650.80,4390768,系统文本,もえぎのウォッチャー,,untranslated,
SLPM_650.80#4390792,SLPM_650.80,4390792,系统文本,ブックマーク,,untranslated,
SLPM_650.80#4390808,SLPM_650.80,4390808,系统文本,ページが見付かりません,,untranslated,
SLPM_650.80#4390900,SLPM_650.80,4390900,系统文本,渡井 かずみ,,untranslated,
SLPM_650.80#4390948,SLPM_650.80,4390948,系统文本,相沢 ちとせ,,untranslated,
SLPM_650.80#4391608,SLPM_650.80,4391608,系统文本,父の病気について,,untranslated,
SLPM_650.80#4391632,SLPM_650.80,4391632,系统文本,アルバイトについて,,untranslated,
SLPM_650.80#4391656,SLPM_650.80,4391656,系统文本,橘の後輩について,,untranslated,
SLPM_650.80#4391680,SLPM_650.80,4391680,系统文本,橘の怪我について,,untranslated,
SLPM_650.80#4391704,SLPM_650.80,4391704,系统文本,神条自身について,,untranslated,
SLPM_650.80#4391728,SLPM_650.80,4391728,系统文本,神条の怪我について,,untranslated,
SLPM_650.80#4391752,SLPM_650.80,4391752,系统文本,神条の身の上について,,untranslated,
SLPM_650.80#4391776,SLPM_650.80,4391776,系统文本,神条のケガについて,,untranslated,
SLPM_650.80#4391800,SLPM_650.80,4391800,系统文本,インターハイについて,,untranslated,
SLPM_650.80#4391824,SLPM_650.80,4391824,系统文本,怪我の具合について,,untranslated,
SLPM_650.80#4391848,SLPM_650.80,4391848,系统文本,後輩について,,untranslated,
SLPM_650.80#4391864,SLPM_650.80,4391864,系统文本,牧原さんの矢部とのうわさについて,,untranslated,
SLPM_650.80#4391904,SLPM_650.80,4391904,系统文本,牧原さんの白鳥とのうわさについて,,untranslated,
SLPM_650.80#4391944,SLPM_650.80,4391944,系统文本,お父さんについて,,untranslated,
SLPM_650.80#4391968,SLPM_650.80,4391968,系统文本,留学について,,untranslated,
SLPM_650.80#4391984,SLPM_650.80,4391984,系统文本,河合の実験好きについて,,untranslated,
SLPM_650.80#4392008,SLPM_650.80,4392008,系统文本,スランプについて,,untranslated,
SLPM_650.80#4392032,SLPM_650.80,4392032,系统文本,全国高校演劇コンクールについて,,untranslated,
SLPM_650.80#4392064,SLPM_650.80,4392064,系统文本,御田のスランプについて,,untranslated,
SLPM_650.80#4392088,SLPM_650.80,4392088,系统文本,小犬について,,untranslated,
SLPM_650.80#4392104,SLPM_650.80,4392104,系统文本,ふりくたーについて,,untranslated,
SLPM_650.80#4392128,SLPM_650.80,4392128,系统文本,試作機について,,untranslated,
SLPM_650.80#4392144,SLPM_650.80,4392144,系统文本,渡井のお父さんについて,,untranslated,
SLPM_650.80#4392168,SLPM_650.80,4392168,系统文本,相沢の留学について,,untranslated,
SLPM_650.80#4392192,SLPM_650.80,4392192,系统文本,矢部との噂について,,untranslated,
SLPM_650.80#4392216,SLPM_650.80,4392216,系统文本,白鳥との噂について,,untranslated,
SLPM_650.80#4392240,SLPM_650.80,4392240,系统文本,ハムスターについて,,untranslated,
SLPM_650.80#4392264,SLPM_650.80,4392264,系统文本,おばあちゃんについて,,untranslated,
SLPM_650.80#4392288,SLPM_650.80,4392288,系统文本,ロックに関する専門的話題,,untranslated,
SLPM_650.80#4392320,SLPM_650.80,4392320,系统文本,ジャズに関する専門的話題,,untranslated,
SLPM_650.80#4392352,SLPM_650.80,4392352,系统文本,アニメゲームに関する専門的話題,,untranslated,
SLPM_650.80#4392384,SLPM_650.80,4392384,系统文本,アイドルに関する専門的話題,,untranslated,
SLPM_650.80#4392416,SLPM_650.80,4392416,系统文本,ロックに関する一般的話題,,untranslated,
SLPM_650.80#4392448,SLPM_650.80,4392448,系统文本,ジャズに関する一般的話題,,untranslated,
SLPM_650.80#4392480,SLPM_650.80,4392480,系统文本,アニメゲームに関する一般的話題,,untranslated,
SLPM_650.80#4392512,SLPM_650.80,4392512,系统文本,アイドルに関する一般的話題,,untranslated,
SLPM_650.80#4392544,SLPM_650.80,4392544,系统文本,ロックに関する初歩的話題,,untranslated,
SLPM_650.80#4392576,SLPM_650.80,4392576,系统文本,ジャズに関する初歩的話題,,untranslated,
SLPM_650.80#4392608,SLPM_650.80,4392608,系统文本,アニメゲームに関する初歩的話題,,untranslated,
SLPM_650.80#4392640,SLPM_650.80,4392640,系统文本,アイドルに関する初歩的話題,,untranslated,
SLPM_650.80#4392672,SLPM_650.80,4392672,系统文本,コアラの髪型について,,untranslated,
SLPM_650.80#4392696,SLPM_650.80,4392696,系统文本,殺人コアラの土偶について,,untranslated,
SLPM_650.80#4392728,SLPM_650.80,4392728,系统文本,古代の付けボクロについて,,untranslated,
SLPM_650.80#4392760,SLPM_650.80,4392760,系统文本,錆びたカチューシャについて,,untranslated,
SLPM_650.80#4392808,SLPM_650.80,4392808,系统文本,大作ＲＰＧゲームの裏情報,,untranslated,
SLPM_650.80#4392840,SLPM_650.80,4392840,系统文本,大作ＲＰＧゲームの攻略について,,untranslated,
SLPM_650.80#4392872,SLPM_650.80,4392872,系统文本,大作ＲＰＧゲームについて,,untranslated,
SLPM_650.80#4392904,SLPM_650.80,4392904,系统文本,戦略ＳＬＧゲームの裏情報,,untranslated,
SLPM_650.80#4392936,SLPM_650.80,4392936,系统文本,戦略ＳＬＧゲームの攻略について,,untranslated,
SLPM_650.80#4392968,SLPM_650.80,4392968,系统文本,戦略ＳＬＧゲームについて,,untranslated,
SLPM_650.80#4393000,SLPM_650.80,4393000,系统文本,恋愛ＳＬＧゲームの裏情報,,untranslated,
SLPM_650.80#4393032,SLPM_650.80,4393032,系统文本,恋愛ＳＬＧゲームの攻略について,,untranslated,
SLPM_650.80#4393064,SLPM_650.80,4393064,系统文本,恋愛ＳＬＧゲームについて,,untranslated,
SLPM_650.80#4393096,SLPM_650.80,4393096,系统文本,格闘ＡＣＴゲームの裏情報,,untranslated,
SLPM_650.80#4393128,SLPM_650.80,4393128,系统文本,格闘ＡＣＴゲームの攻略について,,untranslated,
SLPM_650.80#4393160,SLPM_650.80,4393160,系统文本,格闘ＡＣＴゲームについて,,untranslated,
SLPM_650.80#4393192,SLPM_650.80,4393192,系统文本,アクションＳＴＧゲームの裏情報,,untranslated,
SLPM_650.80#4393224,SLPM_650.80,4393224,系统文本,アクションＳＴＧゲームの攻略について,,untranslated,
SLPM_650.80#4393264,SLPM_650.80,4393264,系统文本,アクションＳＴＧゲームについて,,untranslated,
SLPM_650.80#4393296,SLPM_650.80,4393296,系统文本,ゲーム全般の攻略情報,,untranslated,
SLPM_650.80#4393320,SLPM_650.80,4393320,系统文本,ゲーム全般の話題,,untranslated,
SLPM_650.80#4393344,SLPM_650.80,4393344,系统文本,アイスクリームに関する専門的話題,,untranslated,
SLPM_650.80#4393384,SLPM_650.80,4393384,系统文本,コーヒーに関する専門的話題,,untranslated,
SLPM_650.80#4393416,SLPM_650.80,4393416,系统文本,紅茶に関する専門的話題,,untranslated,
SLPM_650.80#4393440,SLPM_650.80,4393440,系统文本,お菓子つくり全般の話題,,untranslated,
SLPM_650.80#4393480,SLPM_650.80,4393480,系统文本,釣り全般の話題,,untranslated,
SLPM_650.80#4393496,SLPM_650.80,4393496,系统文本,ランの栽培について,,untranslated,
SLPM_650.80#4393520,SLPM_650.80,4393520,系统文本,ツバキの栽培について,,untranslated,
SLPM_650.80#4393544,SLPM_650.80,4393544,系统文本,つつじの栽培について,,untranslated,
SLPM_650.80#4393568,SLPM_650.80,4393568,系统文本,アロエの栽培について,,untranslated,
SLPM_650.80#4393592,SLPM_650.80,4393592,系统文本,サボテンの栽培について,,untranslated,
SLPM_650.80#4393616,SLPM_650.80,4393616,系统文本,チューリップの栽培について,,untranslated,
SLPM_650.80#4393648,SLPM_650.80,4393648,系统文本,キクの栽培について,,untranslated,
SLPM_650.80#4393672,SLPM_650.80,4393672,系统文本,バラの栽培について,,untranslated,
SLPM_650.80#4393696,SLPM_650.80,4393696,系统文本,ガーデニング全般の話題,,untranslated,
SLPM_650.80#4393720,SLPM_650.80,4393720,系统文本,矢部くんについて教えて,,untranslated,
SLPM_650.80#4393744,SLPM_650.80,4393744,系统文本,白鳥くんについて教えて,,untranslated,
SLPM_650.80#4393768,SLPM_650.80,4393768,系统文本,和泉さんについて教えて,,untranslated,
SLPM_650.80#4393792,SLPM_650.80,4393792,系统文本,渡井さんについて教えて,,untranslated,
SLPM_650.80#4393816,SLPM_650.80,4393816,系统文本,神条さんについて教えて,,untranslated,
SLPM_650.80#4393840,SLPM_650.80,4393840,系统文本,橘さんについて教えて,,untranslated,
SLPM_650.80#4393864,SLPM_650.80,4393864,系统文本,相沢さんについて教えて,,untranslated,
SLPM_650.80#4393888,SLPM_650.80,4393888,系统文本,御田さんについて教えて,,untranslated,
SLPM_650.80#4393912,SLPM_650.80,4393912,系统文本,河合さんについて教えて,,untranslated,
SLPM_650.80#4393936,SLPM_650.80,4393936,系统文本,牧原さんについて教えて,,untranslated,
SLPM_650.80#4393960,SLPM_650.80,4393960,系统文本,仲の良い友達は？,,untranslated,
SLPM_650.80#4393984,SLPM_650.80,4393984,系统文本,生徒会について,,untranslated,
SLPM_650.80#4394000,SLPM_650.80,4394000,系统文本,部活について,,untranslated,
SLPM_650.80#4394016,SLPM_650.80,4394016,系统文本,呼び名変更していい？,,untranslated,
SLPM_650.80#4394040,SLPM_650.80,4394040,系统文本,電話番号を教えて,,untranslated,
SLPM_650.80#4394080,SLPM_650.80,4394080,系统文本,誕生日はいつ？,,untranslated,
SLPM_650.80#4394112,SLPM_650.80,4394112,系统文本,今朝は何を食べた？,,untranslated,
SLPM_650.80#4394136,SLPM_650.80,4394136,系统文本,とりとめのない話,,untranslated,
SLPM_650.80#4394160,SLPM_650.80,4394160,系统文本,合気道部の部活について,,untranslated,
SLPM_650.80#4394184,SLPM_650.80,4394184,系统文本,テニス部の部活について,,untranslated,
SLPM_650.80#4394208,SLPM_650.80,4394208,系统文本,陸上部の部活について,,untranslated,
SLPM_650.80#4394232,SLPM_650.80,4394232,系统文本,サッカー部の部活について,,untranslated,
SLPM_650.80#4394264,SLPM_650.80,4394264,系统文本,野球部の部活について,,untranslated,
SLPM_650.80#4394288,SLPM_650.80,4394288,系统文本,効果的な昼寝の仕方について,,untranslated,
SLPM_650.80#4394320,SLPM_650.80,4394320,系统文本,効果的なリハビリテーションについて,,untranslated,
SLPM_650.80#4394360,SLPM_650.80,4394360,系统文本,効果的な栄養管理について,,untranslated,
SLPM_650.80#4394392,SLPM_650.80,4394392,系统文本,効果的なイメージトレーニングについて,,untranslated,
SLPM_650.80#4394432,SLPM_650.80,4394432,系统文本,効果的なテーピングについて,,untranslated,
SLPM_650.80#4394464,SLPM_650.80,4394464,系统文本,効果的なアイシングについて,,untranslated,
SLPM_650.80#4394496,SLPM_650.80,4394496,系统文本,効果的な筋力トレーニングについて,,untranslated,
SLPM_650.80#4394536,SLPM_650.80,4394536,系统文本,効果的なストレッチの仕方について,,untranslated,
SLPM_650.80#4394576,SLPM_650.80,4394576,系统文本,運動するのは好き？,,untranslated,
SLPM_650.80#4394600,SLPM_650.80,4394600,系统文本,演劇部の部活について,,untranslated,
SLPM_650.80#4394624,SLPM_650.80,4394624,系统文本,クラシック音楽に関する専門的話題,,untranslated,
SLPM_650.80#4394664,SLPM_650.80,4394664,系统文本,クラシック音楽に関する一般的話題,,untranslated,
SLPM_650.80#4394704,SLPM_650.80,4394704,系统文本,クラシック音楽に関する初歩的話題,,untranslated,
SLPM_650.80#4394776,SLPM_650.80,4394776,系统文本,メソッド演技について,,untranslated,
SLPM_650.80#4394800,SLPM_650.80,4394800,系统文本,作曲の対位法について,,untranslated,
SLPM_650.80#4394824,SLPM_650.80,4394824,系统文本,後期印象派と浮世絵について,,untranslated,
SLPM_650.80#4394856,SLPM_650.80,4394856,系统文本,ソルフェージュについて,,untranslated,
SLPM_650.80#4394880,SLPM_650.80,4394880,系统文本,絵画の質感と配色について,,untranslated,
SLPM_650.80#4394912,SLPM_650.80,4394912,系统文本,絵画の構図のとりかたについて,,untranslated,
SLPM_650.80#4394944,SLPM_650.80,4394944,系统文本,楽譜の読み方について,,untranslated,
SLPM_650.80#4394968,SLPM_650.80,4394968,系统文本,発声練習について,,untranslated,
SLPM_650.80#4394992,SLPM_650.80,4394992,系统文本,芸術には興味ある？,,untranslated,
SLPM_650.80#4395016,SLPM_650.80,4395016,系统文本,放送部の部活について,,untranslated,
SLPM_650.80#4395040,SLPM_650.80,4395040,系统文本,詩集について,,untranslated,
SLPM_650.80#4395056,SLPM_650.80,4395056,系统文本,推理小説について,,untranslated,
SLPM_650.80#4395080,SLPM_650.80,4395080,系统文本,恋愛小説について,,untranslated,
SLPM_650.80#4395104,SLPM_650.80,4395104,系统文本,童話について,,untranslated,
SLPM_650.80#4395136,SLPM_650.80,4395136,系统文本,囚人のジレンマについて,,untranslated,
SLPM_650.80#4395160,SLPM_650.80,4395160,系统文本,諸子百家の思想について,,untranslated,
SLPM_650.80#4395184,SLPM_650.80,4395184,系统文本,英語のスピーチについて,,untranslated,
SLPM_650.80#4395208,SLPM_650.80,4395208,系统文本,古典文学の無常観について,,untranslated,
SLPM_650.80#4395240,SLPM_650.80,4395240,系统文本,英語の仮定法について,,untranslated,
SLPM_650.80#4395264,SLPM_650.80,4395264,系统文本,故事成語について,,untranslated,
SLPM_650.80#4395288,SLPM_650.80,4395288,系统文本,英語の５文型について,,untranslated,
SLPM_650.80#4395312,SLPM_650.80,4395312,系统文本,漢字の書き順について,,untranslated,
SLPM_650.80#4395336,SLPM_650.80,4395336,系统文本,文系の勉強好き？,,untranslated,
SLPM_650.80#4395360,SLPM_650.80,4395360,系统文本,天体観測について,,untranslated,
SLPM_650.80#4395384,SLPM_650.80,4395384,系统文本,天文部の部活について,,untranslated,
SLPM_650.80#4395408,SLPM_650.80,4395408,系统文本,科学部の部活について,,untranslated,
SLPM_650.80#4395432,SLPM_650.80,4395432,系统文本,イオンビームの発生について,,untranslated,
SLPM_650.80#4395464,SLPM_650.80,4395464,系统文本,ＲＳＡの暗号強度について,,untranslated,
SLPM_650.80#4395496,SLPM_650.80,4395496,系统文本,術後論理式について,,untranslated,
SLPM_650.80#4395520,SLPM_650.80,4395520,系统文本,ラプラス変換について,,untranslated,
SLPM_650.80#4395544,SLPM_650.80,4395544,系统文本,フーリエ変換について,,untranslated,
SLPM_650.80#4395568,SLPM_650.80,4395568,系统文本,因数分解について,,untranslated,
SLPM_650.80#4395592,SLPM_650.80,4395592,系统文本,表とグラフについて,,untranslated,
SLPM_650.80#4395616,SLPM_650.80,4395616,系统文本,三角関数について,,untranslated,
SLPM_650.80#4395640,SLPM_650.80,4395640,系统文本,分数の計算について,,untranslated,
SLPM_650.80#4395664,SLPM_650.80,4395664,系统文本,理系の勉強好き？,,untranslated,
SLPM_650.80#4396008,SLPM_650.80,4396008,系统文本,2相沢ちとせとは、大の仲良し。,,untranslated,
SLPM_650.80#4396040,SLPM_650.80,4396040,系统文本,2を問わず好かれる人気者。,,untranslated,
SLPM_650.80#4396072,SLPM_650.80,4396072,系统文本,2分け隔てない優しさから、異性同性,,untranslated,
SLPM_650.80#4396112,SLPM_650.80,4396112,系统文本,2周囲の変化に戸惑っている様子。,,untranslated,
SLPM_650.80#4396144,SLPM_650.80,4396144,系统文本,2人気者になった。…が本人は急激な,,untranslated,
SLPM_650.80#4396184,SLPM_650.80,4396184,系统文本,2一大決心のもとイメチェンをしたら,,untranslated,
SLPM_650.80#4396224,SLPM_650.80,4396224,系统文本,3クラスでは目立たない存在だったが、,,untranslated,
SLPM_650.80#4396264,SLPM_650.80,4396264,系统文本,2いる心優しい女の子。小・中学校と,,untranslated,
SLPM_650.80#4396304,SLPM_650.80,4396304,系统文本,2ちょっぴり内気だけど、どこにでも,,untranslated,
SLPM_650.80#4396352,SLPM_650.80,4396352,系统文本,1好きな物：ケーキ,,untranslated,
SLPM_650.80#4396376,SLPM_650.80,4396376,系统文本,1 特　技 ：お菓子作り,,untranslated,
SLPM_650.80#4396520,SLPM_650.80,4396520,系统文本,3裏には一つの目的があるようだが…。,,untranslated,
SLPM_650.80#4396560,SLPM_650.80,4396560,系统文本,2迷惑を振りまくことも。その行動の,,untranslated,
SLPM_650.80#4396600,SLPM_650.80,4396600,系统文本,2て悪気が無いのだが、周囲に多大な,,untranslated,
SLPM_650.80#4396640,SLPM_650.80,4396640,系统文本,2おねだりしてくる。本人にはいたっ,,untranslated,
SLPM_650.80#4396680,SLPM_650.80,4396680,系统文本,2無邪気な顔で、無理難題をかわいく,,untranslated,
SLPM_650.80#4396720,SLPM_650.80,4396720,系统文本,3長大から軽薄短小へと多岐にわたる。,,untranslated,
SLPM_650.80#4396760,SLPM_650.80,4396760,系统文本,2生み出すメカは陸海空問わず、重厚,,untranslated,
SLPM_650.80#4396800,SLPM_650.80,4396800,系统文本,2破天荒な『メカトロニクス少女』。,,untranslated,
SLPM_650.80#4396840,SLPM_650.80,4396840,系统文本,3科学の力を信じ科学の道を突き進む、,,untranslated,
SLPM_650.80#4396880,SLPM_650.80,4396880,系统文本,1好きな物：ポテトチップス,,untranslated,
SLPM_650.80#4397048,SLPM_650.80,4397048,系统文本,2を歩んでいく決意の表れ…か？,,untranslated,
SLPM_650.80#4397080,SLPM_650.80,4397080,系统文本,2それは自分を信じ、自らの選んだ道,,untranslated,
SLPM_650.80#4397120,SLPM_650.80,4397120,系统文本,2ちょっぴり高飛車な面も見せるが、,,untranslated,
SLPM_650.80#4397160,SLPM_650.80,4397160,系统文本,2入学した。,,untranslated,
SLPM_650.80#4397176,SLPM_650.80,4397176,系统文本,2の反対を押し切り、もえぎの高校に,,untranslated,
SLPM_650.80#4397216,SLPM_650.80,4397216,系统文本,2自分の信じた道を進むために、両親,,untranslated,
SLPM_650.80#4397256,SLPM_650.80,4397256,系统文本,2で学校中の男子の憧れの的である。,,untranslated,
SLPM_650.80#4397296,SLPM_650.80,4397296,系统文本,2もつサラブレッドの少女。容姿端麗,,untranslated,
SLPM_650.80#4397336,SLPM_650.80,4397336,系统文本,2舞台女優の母親と映画監督の父親を,,untranslated,
SLPM_650.80#4397376,SLPM_650.80,4397376,系统文本,1好きな物：高級アイス,,untranslated,
SLPM_650.80#4397544,SLPM_650.80,4397544,系统文本,4たいと考えている。,,untranslated,
SLPM_650.80#4397568,SLPM_650.80,4397568,系统文本,4があるようで、将来は語学留学し,,untranslated,
SLPM_650.80#4397600,SLPM_650.80,4397600,系统文本,4報収集力はピカイチ。英語に興味,,untranslated,
SLPM_650.80#4397632,SLPM_650.80,4397632,系统文本,4クラスの情報にも詳しく、その情,,untranslated,
SLPM_650.80#4397672,SLPM_650.80,4397672,系统文本,4が無くて、かかさずチェックして,,untranslated,
SLPM_650.80#4397704,SLPM_650.80,4397704,系统文本,4女の子らしく、流行りモノには目,,untranslated,
SLPM_650.80#4397736,SLPM_650.80,4397736,系统文本,4流行好きの関西弁少女。思春期の,,untranslated,
SLPM_650.80#4397768,SLPM_650.80,4397768,系统文本,4元気いっぱい、ボケとツッコミ、,,untranslated,
SLPM_650.80#4397800,SLPM_650.80,4397800,系统文本,1好きな物：ファーストフード,,untranslated,
SLPM_650.80#4397952,SLPM_650.80,4397952,系统文本,0　　 相沢　ちとせ,,untranslated,
SLPM_650.80#4397976,SLPM_650.80,4397976,系统文本,3れば、何でも一通りこなす万能少女。,,untranslated,
SLPM_650.80#4398016,SLPM_650.80,4398016,系统文本,2合気道をやっていた。日本武道であ,,untranslated,
SLPM_650.80#4398056,SLPM_650.80,4398056,系统文本,2祖父の影響を受けて、小さな頃から,,untranslated,
SLPM_650.80#4398096,SLPM_650.80,4398096,系统文本,2らしさも垣間見せる。,,untranslated,
SLPM_650.80#4398120,SLPM_650.80,4398120,系统文本,2静かで大人であるが、ときどき少女,,untranslated,
SLPM_650.80#4398160,SLPM_650.80,4398160,系统文本,3いつも微笑みを絶やさず、やさしく、,,untranslated,
SLPM_650.80#4398208,SLPM_650.80,4398208,系统文本,2日本の心を愛し、武道を愛する大和,,untranslated,
SLPM_650.80#4398248,SLPM_650.80,4398248,系统文本,1好きな物：生八つ橋,,untranslated,
SLPM_650.80#4398400,SLPM_650.80,4398400,系统文本,4は巨大な影が…。,,untranslated,
SLPM_650.80#4398424,SLPM_650.80,4398424,系统文本,4行動が全く読めないが、その裏に,,untranslated,
SLPM_650.80#4398456,SLPM_650.80,4398456,系统文本,4ぶっきらぼうな面もある。,,untranslated,
SLPM_650.80#4398488,SLPM_650.80,4398488,系统文本,4クールな雰囲気を漂わせて、少し,,untranslated,
SLPM_650.80#4398520,SLPM_650.80,4398520,系统文本,3神出鬼没、孤独に生きる謎の少女。,,untranslated,
SLPM_650.80#4398560,SLPM_650.80,4398560,系统文本,1好きな物：ブラックコーヒー,,untranslated,
SLPM_650.80#4398592,SLPM_650.80,4398592,系统文本,1 特　技 ：あやとり/除霊,,untranslated,
SLPM_650.80#4398728,SLPM_650.80,4398728,系统文本,2をこなすバイトのプロ？,,untranslated,
SLPM_650.80#4398752,SLPM_650.80,4398752,系统文本,2に傘張りまで、ありとあらゆる職種,,untranslated,
SLPM_650.80#4398792,SLPM_650.80,4398792,系统文本,2掃除、洗濯、料理にお裁縫、子守り,,untranslated,
SLPM_650.80#4398832,SLPM_650.80,4398832,系统文本,2えた腕前は超一流。レジうちから、,,untranslated,
SLPM_650.80#4398872,SLPM_650.80,4398872,系统文本,2勉強はそこそこだけど、バイトで鍛,,untranslated,
SLPM_650.80#4398912,SLPM_650.80,4398912,系统文本,2飛ばしてしまう。,,untranslated,
SLPM_650.80#4398936,SLPM_650.80,4398936,系统文本,2体に秘められたパワーで明るく吹き,,untranslated,
SLPM_650.80#4398976,SLPM_650.80,4398976,系统文本,2不幸な境遇もなんのその、小さな身,,untranslated,
SLPM_650.80#4399016,SLPM_650.80,4399016,系统文本,2いつも元気いっぱい、バイト少女。,,untranslated,
SLPM_650.80#4399056,SLPM_650.80,4399056,系统文本,1好きな物：銀シャリ/からあげ,,untranslated,
SLPM_650.80#4399088,SLPM_650.80,4399088,系统文本,1 特　技 ：バイト全般,,untranslated,
SLPM_650.80#4399192,SLPM_650.80,4399192,系统文本,0　　 渡井　かずみ,,untranslated,
SLPM_650.80#4399216,SLPM_650.80,4399216,系统文本,2るが…。,,untranslated,
SLPM_650.80#4399232,SLPM_650.80,4399232,系统文本,2何か辛い傷を負っているように見え,,untranslated,
SLPM_650.80#4399272,SLPM_650.80,4399272,系统文本,2その憂いを含んだ瞳からは、過去に,,untranslated,
SLPM_650.80#4399312,SLPM_650.80,4399312,系统文本,2でピアノを弾いているらしい。,,untranslated,
SLPM_650.80#4399344,SLPM_650.80,4399344,系统文本,2ピアノの演奏が得意で、よく音楽室,,untranslated,
SLPM_650.80#4399384,SLPM_650.80,4399384,系统文本,2にこなす超優等生。,,untranslated,
SLPM_650.80#4399408,SLPM_650.80,4399408,系统文本,2芸術問わず、なんでもパーフェクト,,untranslated,
SLPM_650.80#4399448,SLPM_650.80,4399448,系统文本,3社長令嬢でお嬢様育ち。運動、勉強、,,untranslated,
SLPM_650.80#4399488,SLPM_650.80,4399488,系统文本,1好きな物：ダージリンティー,,untranslated,
SLPM_650.80#4399520,SLPM_650.80,4399520,系统文本,1 特　技 ：ピアノ,,untranslated,
SLPM_650.80#4399648,SLPM_650.80,4399648,系统文本,3ちょっとナルシスト気味な所がある。,,untranslated,
SLPM_650.80#4399688,SLPM_650.80,4399688,系统文本,2自分に絶対的な自信を持っており、,,untranslated,
SLPM_650.80#4399728,SLPM_650.80,4399728,系统文本,2男の友人は少ない。,,untranslated,
SLPM_650.80#4399752,SLPM_650.80,4399752,系统文本,3いが、同性に対する嫌みな口調から、,,untranslated,
SLPM_650.80#4399792,SLPM_650.80,4399792,系统文本,2も良いので、女の子達には人気が高,,untranslated,
SLPM_650.80#4399832,SLPM_650.80,4399832,系统文本,2スポーツ万能な上に長身でルックス,,untranslated,
SLPM_650.80#4399872,SLPM_650.80,4399872,系统文本,1好きな物：パスタ,,untranslated,
SLPM_650.80#4399896,SLPM_650.80,4399896,系统文本,1 特　技 ：キラキラ,,untranslated,
SLPM_650.80#4400024,SLPM_650.80,4400024,系统文本,2と女の子には人気があるらしい…。,,untranslated,
SLPM_650.80#4400064,SLPM_650.80,4400064,系统文本,2話上手で人当たりが良いので、意外,,untranslated,
SLPM_650.80#4400104,SLPM_650.80,4400104,系统文本,2など数々の怪しい特技を持つ。,,untranslated,
SLPM_650.80#4400136,SLPM_650.80,4400136,系统文本,2のが趣味で、「瞬間ピント合わせ」,,untranslated,
SLPM_650.80#4400176,SLPM_650.80,4400176,系统文本,2医者の息子で小金持ち。写真を撮る,,untranslated,
SLPM_650.80#4400216,SLPM_650.80,4400216,系统文本,1好きな物：ドーナツ,,untranslated,
SLPM_650.80#4400240,SLPM_650.80,4400240,系统文本,1 特　技 ：瞬間ピント合わせ,,untranslated,
SLPM_650.80#4400376,SLPM_650.80,4400376,系统文本,2闇の中である。,,untranslated,
SLPM_650.80#4400392,SLPM_650.80,4400392,系统文本,2使い回しという噂があるが、真実は,,untranslated,
SLPM_650.80#4400432,SLPM_650.80,4400432,系统文本,2頭のリボンは、制服の胸のリボンの,,untranslated,
SLPM_650.80#4400472,SLPM_650.80,4400472,系统文本,3名字以外は全てが謎に包まれた後輩。,,untranslated,
SLPM_650.80#4400512,SLPM_650.80,4400512,系统文本,1好きな物：？？？,,untranslated,
SLPM_650.80#4400672,SLPM_650.80,4400672,系统文本,2目元のシワが一本多いらしい…。,,untranslated,
SLPM_650.80#4400704,SLPM_650.80,4400704,系统文本,2に似せて作ったロボット。本物より,,untranslated,
SLPM_650.80#4400744,SLPM_650.80,4400744,系统文本,2河合理佳が人格再生実験用に主人公,,untranslated,
SLPM_650.80#4417080,SLPM_650.80,4417080,系统文本,渡井　かずみ,,untranslated,
SLPM_650.80#4417128,SLPM_650.80,4417128,系统文本,相沢　ちとせ,,untranslated,
SLPM_650.80#4417208,SLPM_650.80,4417208,系统文本,卒業データ,,untranslated,
SLPM_650.80#4417480,SLPM_650.80,4417480,系统文本,フォーマットに失敗しました。,,untranslated,
SLPM_650.80#4417512,SLPM_650.80,4417512,系统文本,"ＥＶＳデータのロードに失敗
しました。",,untranslated,
SLPM_650.80#4417552,SLPM_650.80,4417552,系统文本,"ＥＶＳデータのセーブに失敗
しました。",,untranslated,
SLPM_650.80#4417592,SLPM_650.80,4417592,系统文本,ＥＶＳデータをロードしました。,,untranslated,
SLPM_650.80#4417624,SLPM_650.80,4417624,系统文本,ＥＶＳデータをセーブしました。,,untranslated,
SLPM_650.80#4417656,SLPM_650.80,4417656,系统文本,"ＥＶＳデータをロードしています。
メモリーカード（PS2）を抜き差し
しないで下さい。",,untranslated,
SLPM_650.80#4417744,SLPM_650.80,4417744,系统文本,"ＥＶＳデータをセーブしています。
メモリーカード（PS2）を抜き差し
しないで下さい。",,untranslated,
SLPM_650.80#4417832,SLPM_650.80,4417832,系统文本,"ＥＶＳデータをロードします。
差込口を選択してください。",,untranslated,
SLPM_650.80#4417888,SLPM_650.80,4417888,系统文本,"ＥＶＳデータをセーブします。
差込口を選択してください。",,untranslated,
SLPM_650.80#4417944,SLPM_650.80,4417944,系统文本,"フォーマットしています。
メモリーカード（PS2）を抜き差し
しないで下さい。",,untranslated,
SLPM_650.80#4418024,SLPM_650.80,4418024,系统文本,"のメモリーカード（PS2）
の空き容量が足りません。
ＥＶＳデータのセーブには 1381KB
以上の空き容量が必要です。",,untranslated,
SLPM_650.80#4418136,SLPM_650.80,4418136,系统文本,"のメモリーカード（PS2）
がフォーマットされていません。
フォーマットしますか？",,untranslated,
SLPM_650.80#4418216,SLPM_650.80,4418216,系统文本,"のメモリーカード（PS2）
からＥＶＳデータをロードします。
よろしいですか？",,untranslated,
SLPM_650.80#4418296,SLPM_650.80,4418296,系统文本,"のメモリーカード（PS2）
にＥＶＳデータを上書きします。
よろしいですか？",,untranslated,
SLPM_650.80#4418368,SLPM_650.80,4418368,系统文本,"のメモリーカード（PS2）
にＥＶＳデータをセーブします。
よろしいですか？",,untranslated,
SLPM_650.80#4418440,SLPM_650.80,4418440,系统文本,"のメモリーカード（PS2）
をチェックしています。",,untranslated,
SLPM_650.80#4418496,SLPM_650.80,4418496,系统文本,ときめきメモリアル３ＥＶＳデータ,,untranslated,
SLPM_650.80#4418786,SLPM_650.80,4418786,系统文本,"%c名　前：%s　%s
あだ名：%s",,untranslated,
SLPM_650.80#4418818,SLPM_650.80,4418818,系统文本,%c破損データ,,untranslated,
SLPM_650.80#4418896,SLPM_650.80,4418896,系统文本,データをセーブ中です。,,untranslated,
SLPM_650.80#4418920,SLPM_650.80,4418920,系统文本,セーブに失敗しました。,,untranslated,
SLPM_650.80#4418944,SLPM_650.80,4418944,系统文本,データをロード中です。,,untranslated,
SLPM_650.80#4418968,SLPM_650.80,4418968,系统文本,ロードに失敗しました。,,untranslated,
SLPM_650.80#4418992,SLPM_650.80,4418992,系统文本,データが壊れています。,,untranslated,
SLPM_650.80#4419016,SLPM_650.80,4419016,系统文本,カードをフォーマット中です。,,untranslated,
SLPM_650.80#4419048,SLPM_650.80,4419048,系统文本,フォーマットに失敗しました。,,untranslated,
SLPM_650.80#4419080,SLPM_650.80,4419080,系统文本,ファイルをチェック中です。,,untranslated,
SLPM_650.80#4419112,SLPM_650.80,4419112,系统文本,セーブしますか？　はい／いいえ,,untranslated,
SLPM_650.80#4419144,SLPM_650.80,4419144,系统文本,初期化しますか？　はい／いいえ,,untranslated,
SLPM_650.80#4419176,SLPM_650.80,4419176,系统文本,ロードしますか？　はい／いいえ,,untranslated,
SLPM_650.80#4419530,SLPM_650.80,4419530,系统文本,ファイルが壊れています,,untranslated,
SLPM_650.80#4419784,SLPM_650.80,4419784,系统文本,ときめきメモリアル３［００］,,untranslated,
SLPM_650.80#4419856,SLPM_650.80,4419856,系统文本,%sは%sと一緒の教育大学に二人仲良く進学したそうだ。意外だったよなあ…。,,untranslated,
SLPM_650.80#4419928,SLPM_650.80,4419928,系统文本,%sは教育大学に進学したそうだ。きっと皆に愛される、優しくステキな先生になれるだろう。,,untranslated,
SLPM_650.80#4420016,SLPM_650.80,4420016,系统文本,%sは%sと二人仲良く公務員になったそうだ。ビックリしたよなあ…。,,untranslated,
SLPM_650.80#4420080,SLPM_650.80,4420080,系统文本,%sは公務員になったそうだ。なんだか彼女らしい選択かな。,,untranslated,
SLPM_650.80#4420136,SLPM_650.80,4420136,系统文本,%sはスチュワーデスになったそうだ。毎日忙しそうに世界中の空を飛び回ってるんだろうな。,,untranslated,
SLPM_650.80#4420224,SLPM_650.80,4420224,系统文本,%sはアイドルになったそうだ。この間ＴＶで見たけど、もう気軽に会えないかと思うと寂しいな。,,untranslated,
SLPM_650.80#4420320,SLPM_650.80,4420320,系统文本,%sは%sと二人揃ってモデルになったそうだ。正直、ビックリしたよな…。,,untranslated,
SLPM_650.80#4420392,SLPM_650.80,4420392,系统文本,%sはモデルになったそうだ。この間雑誌で見たけど一段とキレイになってた。少し寂しいな。,,untranslated,
SLPM_650.80#4420480,SLPM_650.80,4420480,系统文本,%sは%sと二人揃ってフリーターをやっているそうだ。意外だったなあ…。,,untranslated,
SLPM_650.80#4420552,SLPM_650.80,4420552,系统文本,%sは風のうわさではフリーターになったそうだ。時には人生を見つめなおす時間も必要だよな。,,untranslated,
SLPM_650.80#4420640,SLPM_650.80,4420640,系统文本,%sは%sと二人で花屋を開くそうだ。ビックリしたな…。二人ともお幸せに。,,untranslated,
SLPM_650.80#4420712,SLPM_650.80,4420712,系统文本,%sは花屋さんを開くそうだ。かわいい彼女にピッタリだな。きっと街で評判の店になるだろう。,,untranslated,
SLPM_650.80#4420800,SLPM_650.80,4420800,系统文本,%sは%sと二人一緒に美容師になるそうだ。ビックリしたな…。,,untranslated,
SLPM_650.80#4420864,SLPM_650.80,4420864,系统文本,%sは美容師になるそうだ。彼女は愛想も良いし、きっと街で評判の店になるだろう。,,untranslated,
SLPM_650.80#4420944,SLPM_650.80,4420944,系统文本,%sは%sと二人でお菓子屋を開くそうだ。ビックリしたな…。二人ともお幸せに。,,untranslated,
SLPM_650.80#4421024,SLPM_650.80,4421024,系统文本,%sはお菓子屋さんを開くそうだ。彼女にピッタリだな。きっと街で評判の店になるだろう。,,untranslated,
SLPM_650.80#4421112,SLPM_650.80,4421112,系统文本,%sは%sと二人仲良く一流大学に進学できたそうだ。あの二人がなあ…。,,untranslated,
SLPM_650.80#4421184,SLPM_650.80,4421184,系统文本,%sは一流大学に進学できたそうだ。最近は連絡も途絶えがちだし、きっと忙しいんだろうな。,,untranslated,
SLPM_650.80#4421272,SLPM_650.80,4421272,系统文本,%sは%sと二人仲良く二流大学に進学したそうだ。意外な組み合わせだな…。,,untranslated,
SLPM_650.80#4421344,SLPM_650.80,4421344,系统文本,%sは二流大学に進学したそうだ。連絡も途絶えがちだし、サークル活動とか色々と忙しそうだ。,,untranslated,
SLPM_650.80#4421432,SLPM_650.80,4421432,系统文本,%sは%sと三流大学に進学したそうだ。二人がそんな仲とは気づかなかったなあ。,,untranslated,
SLPM_650.80#4421512,SLPM_650.80,4421512,系统文本,%sは三流大学に進学したそうだ。きっと新しい友達を見つけ、大学生活を楽しんでいるだろう。,,untranslated,
SLPM_650.80#4421600,SLPM_650.80,4421600,系统文本,%sは%sと二人仲良く一流企業に就職できたそうだ。あの二人がなあ…。,,untranslated,
SLPM_650.80#4421672,SLPM_650.80,4421672,系统文本,%sは一流企業に就職できたそうだ。最近は連絡も途絶えがちだし、きっと忙しいんだろうな。,,untranslated,
SLPM_650.80#4421760,SLPM_650.80,4421760,系统文本,%sは%sと二人仲良く二流企業に就職したそうだ。意外な組み合わせだな…。,,untranslated,
SLPM_650.80#4421832,SLPM_650.80,4421832,系统文本,%sは二流企業に就職したそうだ。連絡も途絶えがちだし、仕事とか色々と忙しいんだろうな。,,untranslated,
SLPM_650.80#4421920,SLPM_650.80,4421920,系统文本,%sは%sと三流企業に就職したそうだ。二人がそんな仲とは気づかなかったなあ。,,untranslated,
SLPM_650.80#4422000,SLPM_650.80,4422000,系统文本,%sは三流企業に就職したそうだ。きっと新しい友達を見つけ、新しい生活を楽しんでいるだろう。,,untranslated,
SLPM_650.80#4422096,SLPM_650.80,4422096,系统文本,%sは今、何をしているんだろうか…。元気でいるといいな。,,untranslated,
SLPM_650.80#4422464,SLPM_650.80,4422464,系统文本,%sは工科大学に進学し、ロボットの研究を続けているそうだ。今度は宇宙まで飛ばしたいらしい…。,,untranslated,
SLPM_650.80#4422560,SLPM_650.80,4422560,系统文本,%sはフリーのプログラマーになったそうだ。彼女らしいや。流石だなあ…。,,untranslated,
SLPM_650.80#4422632,SLPM_650.80,4422632,系统文本,%sは将棋のプロ棋士になったそうだ。確かに彼女なら連戦連勝かもしれないけど…。意外だなあ。,,untranslated,
SLPM_650.80#4422728,SLPM_650.80,4422728,系统文本,%sは囲碁のプロ棋士になったそうだ。確かに彼女なら連戦連勝かもしれないけど…。意外だなあ。,,untranslated,
SLPM_650.80#4422824,SLPM_650.80,4422824,系统文本,%sはおもちゃ屋を開いたそうだ。なんだか、彼女にピッタリなイメージだなあ…。,,untranslated,
SLPM_650.80#4422904,SLPM_650.80,4422904,系统文本,%sは風のうわさではフリーターになったそうだ。彼女には人生を見つめなおす時間も必要だよな。,,untranslated,
SLPM_650.80#4423000,SLPM_650.80,4423000,系统文本,%sは%sと二人で消防士になったそうだ。うーん、なんだか想像しにくいな…。,,untranslated,
SLPM_650.80#4423072,SLPM_650.80,4423072,系统文本,%sは消防士になったそうだ。確かに好きそうだもんな…。でも、ちゃんと仕事になるのかな？,,untranslated,
SLPM_650.80#4423160,SLPM_650.80,4423160,系统文本,%sは%sと二人でお菓子屋を開くそうだ。やっぱり、機械で作るのかな…。,,untranslated,
SLPM_650.80#4423232,SLPM_650.80,4423232,系统文本,%sはお菓子屋さんを開くそうだ。きっと、食べたいからだろうな…。どうせ、機械で作りそうだし。,,untranslated,
SLPM_650.80#4423328,SLPM_650.80,4423328,系统文本,%sはアニメーターになったそうだ。自ら描かずにメカに描かせているらしい…。彼女らしいな。,,untranslated,
SLPM_650.80#4423416,SLPM_650.80,4423416,系统文本,%sは%sと二人仲良く一流大学に進学したそうだ。あの二人がなあ…。意外だ。,,untranslated,
SLPM_650.80#4423488,SLPM_650.80,4423488,系统文本,%sは一流大学に進学したそうだ。何でも中華ロボを作成するらしくて、今は凄く忙しそうだ。,,untranslated,
SLPM_650.80#4423576,SLPM_650.80,4423576,系统文本,%sは%sと二人仲良く二流大学に進学したそうだ。凄く意外な組み合わせだな…。,,untranslated,
SLPM_650.80#4423656,SLPM_650.80,4423656,系统文本,%sは二流大学に進学したそうだ。どうやら大学でもロボットを作成しているらしい。飽きないな。,,untranslated,
SLPM_650.80#4423752,SLPM_650.80,4423752,系统文本,%sは%sと二人仲良く一流企業に就職したそうだ。あの二人がなあ…。,,untranslated,
SLPM_650.80#4423816,SLPM_650.80,4423816,系统文本,%sは一流企業に就職したそうだ。研究開発職らしいけど、彼女らしいかな。,,untranslated,
SLPM_650.80#4423888,SLPM_650.80,4423888,系统文本,%sは二流企業に就職したそうだ。彼女にしては意外と普通の仕事についたよなあ。,,untranslated,
SLPM_650.80#4424288,SLPM_650.80,4424288,系统文本,%sはアルバイトをしながら劇団に通っているらしい。意外と彼女ってストイックなんだなあ…。,,untranslated,
SLPM_650.80#4424376,SLPM_650.80,4424376,系统文本,%sは教育大学に進学したそうだ。意外だったよな…。ま、彼女ならステキな先生になれるだろう。,,untranslated,
SLPM_650.80#4424472,SLPM_650.80,4424472,系统文本,%sは演劇を勉強するために留学したそうだ。ああ見えて、彼女も頑張っているんだな…。,,untranslated,
SLPM_650.80#4424560,SLPM_650.80,4424560,系统文本,%sは映画監督になったそうだ。やっぱり、彼女って並外れた才能の持ち主だったんだなあ…。,,untranslated,
SLPM_650.80#4424648,SLPM_650.80,4424648,系统文本,%sを映画の端役で見かけた。彼女も頑張っているんだな。早く重要な役を演じられるといいな。,,untranslated,
SLPM_650.80#4424736,SLPM_650.80,4424736,系统文本,%sは%sと二人で美容師になったそうだ。うーん、あの二人がなあ…。,,untranslated,
SLPM_650.80#4424800,SLPM_650.80,4424800,系统文本,%sはカリスマ美容師になったらしい。やっぱり、彼女は並外れた才能の持ち主だったんだな…。,,untranslated,
SLPM_650.80#4424888,SLPM_650.80,4424888,系统文本,%sは風のうわさではフリーターになったそうだ。人間、人生を見つめなおす時間も必要だよな。,,untranslated,
SLPM_650.80#4424976,SLPM_650.80,4424976,系统文本,%sは二流大学に進学したそうだ。演劇サークルに入ったらしい。きっと忙しい毎日だろうな。,,untranslated,
SLPM_650.80#4425064,SLPM_650.80,4425064,系统文本,%sは三流大学に進学したそうだ。演劇サークルに入ったらしい。きっと忙しい毎日だろうな。,,untranslated,
SLPM_650.80#4425152,SLPM_650.80,4425152,系统文本,%sは二流企業に就職したそうだ。彼女にしては、凄く意外な選択だったよなあ…。,,untranslated,
SLPM_650.80#4425232,SLPM_650.80,4425232,系统文本,%sは三流企業に就職したそうだ。彼女にしては、凄く意外な選択だったよなあ…。,,untranslated,
SLPM_650.80#4425584,SLPM_650.80,4425584,系统文本,結局、%sは%sと二人揃ってフリーターをやっているそうだ。意外だったなあ…。,,untranslated,
SLPM_650.80#4425664,SLPM_650.80,4425664,系统文本,結局、%sはフリーターをやっているそうだ。人間には人生を見つめなおす時間も必要だよな。,,untranslated,
SLPM_650.80#4425752,SLPM_650.80,4425752,系统文本,結局、%sは家事手伝いをやっているそうだ。人間には人生を見つめなおす時間も必要だよな。,,untranslated,
SLPM_650.80#4425840,SLPM_650.80,4425840,系统文本,結局、%sは語学留学しているそうだ。きっと、日々楽しく勉強に励んでいるんだろうな。,,untranslated,
SLPM_650.80#4425928,SLPM_650.80,4425928,系统文本,結局、%sは海外でラジオのＤＪをしているそうだ。彼女のイメージにピッタリな仕事だなあ…。,,untranslated,
SLPM_650.80#4426016,SLPM_650.80,4426016,系统文本,結局、%sは地元でラジオのＤＪをしている。彼女のイメージにピッタリな仕事だよなあ…。,,untranslated,
SLPM_650.80#4426104,SLPM_650.80,4426104,系统文本,結局、%sはノリの良さを生かして漫才師になった。凄く意外だけど、ある意味納得かなあ…。,,untranslated,
SLPM_650.80#4426192,SLPM_650.80,4426192,系统文本,結局、%sは語学力を生かしてスチュワーデスになったそうだ。彼女にはピッタリかもな。,,untranslated,
SLPM_650.80#4426280,SLPM_650.80,4426280,系统文本,結局、%sはアイドルになったそうだ。確かに、こういうの好きそうだったけど…。意外だなあ。,,untranslated,
SLPM_650.80#4426368,SLPM_650.80,4426368,系统文本,結局、%sは%sと二人仲良く二流大学に進学したそうだ。意外な組み合わせだ…。,,untranslated,
SLPM_650.80#4426448,SLPM_650.80,4426448,系统文本,結局、%sは二流大学に進学したそうだ。サークル活動とか色々と忙しそうだし、充実した毎日かな。,,untranslated,
SLPM_650.80#4426544,SLPM_650.80,4426544,系统文本,結局、%sは%sと二人仲良く三流大学に進学したそうだ。意外な組み合わせだ…。,,untranslated,
SLPM_650.80#4426624,SLPM_650.80,4426624,系统文本,結局、%sは三流大学に進学したそうだ。サークル活動とか色々と忙しそうだし、充実した毎日かな。,,untranslated,
SLPM_650.80#4426720,SLPM_650.80,4426720,系统文本,結局、%sは%sと二人仲良く二流企業に就職したそうだ。意外な組み合わせだ…。,,untranslated,
SLPM_650.80#4426800,SLPM_650.80,4426800,系统文本,結局、%sは二流企業に就職したそうだ。語学力を頼りにされているらしく、仕事に忙しそうだ。,,untranslated,
SLPM_650.80#4426888,SLPM_650.80,4426888,系统文本,結局、%sは%sと二人仲良く三流企業に就職したそうだ。意外な組み合わせだ…。,,untranslated,
SLPM_650.80#4426968,SLPM_650.80,4426968,系统文本,結局、%sは三流企業に就職したそうだ。語学力を頼りにされているらしく、仕事に忙しそうだ。,,untranslated,
SLPM_650.80#4427376,SLPM_650.80,4427376,系统文本,%sは祖父の道場で師範代をしているそうだ。毎日子供達に囲まれて、幸せそうだ。,,untranslated,
SLPM_650.80#4427456,SLPM_650.80,4427456,系统文本,%sは家事手伝いをしているそうだ。家業も忙しそうだし、そのままおかみさんになるのかな。,,untranslated,
SLPM_650.80#4427544,SLPM_650.80,4427544,系统文本,%sは歌手になって、童話を歌っているそうだ。色々あったけど、なんだか彼女らしい気もする…。,,untranslated,
SLPM_650.80#4427640,SLPM_650.80,4427640,系统文本,%sはモデルになったそうだ。彼女には他人に無い独特の雰囲気があるし、きっと成功するだろう。,,untranslated,
SLPM_650.80#4427736,SLPM_650.80,4427736,系统文本,%sは風のうわさではフリーターをやっているそうだ。人には人生を見つめなおす時間も必要だよな。,,untranslated,
SLPM_650.80#4427832,SLPM_650.80,4427832,系统文本,%sは花屋さんを開くそうだ。可憐な彼女にピッタリだな。きっと街で評判の店になるだろう。,,untranslated,
SLPM_650.80#4427920,SLPM_650.80,4427920,系统文本,%sは%sと二人仲良く体育大学に進学したそうだ。ビックリしたよなあ…。,,untranslated,
SLPM_650.80#4427992,SLPM_650.80,4427992,系统文本,%sは体育大学に進学したそうだ。彼女なら、きっと素晴らしいスポーツ指導者になれるだろう。,,untranslated,
SLPM_650.80#4428080,SLPM_650.80,4428080,系统文本,%sは二流大学に進学したそうだ。日本武道サークルで、忙しい大学生活を過ごしているそうだ。,,untranslated,
SLPM_650.80#4428168,SLPM_650.80,4428168,系统文本,%sは%sと二人仲良く三流大学に進学したそうだ。ビックリしたよな…。,,untranslated,
SLPM_650.80#4428240,SLPM_650.80,4428240,系统文本,%sは三流大学に進学したそうだ。サークル活動で、日々忙しい大学生活を過ごしているそうだ。,,untranslated,
SLPM_650.80#4428328,SLPM_650.80,4428328,系统文本,%sは%sと二人仲良く二流企業に就職したそうだ。意外だったよなあ…。,,untranslated,
SLPM_650.80#4428400,SLPM_650.80,4428400,系统文本,%sは二流企業に就職したそうだ。企業の部活で合気道を続けているらしい。頑張っているなあ。,,untranslated,
SLPM_650.80#4428488,SLPM_650.80,4428488,系统文本,%sは%sと二人仲良く二流企業に就職したそうだ。ビックリしたよなあ…。,,untranslated,
SLPM_650.80#4428824,SLPM_650.80,4428824,系统文本,%sは風のうわさには全国を転々としているらしい。なんでも、重要な仕事についたんだそうだ…。,,untranslated,
SLPM_650.80#4428920,SLPM_650.80,4428920,系统文本,%sは%sと二人仲良く自衛官になったそうだ。意外な組み合わせだよなあ…。,,untranslated,
SLPM_650.80#4428992,SLPM_650.80,4428992,系统文本,%sは某国の外人部隊に入隊し、戦地へと出向いたそうだ…。,,untranslated,
SLPM_650.80#4429048,SLPM_650.80,4429048,系统文本,%sは生き別れの家族を探して、旅に出ているらしい。はやく見つかるといいな…。,,untranslated,
SLPM_650.80#4429128,SLPM_650.80,4429128,系统文本,%sは風のうわさによると、プロの雀士になったらしい…。なんだか、かっこいいなあ…。,,untranslated,
SLPM_650.80#4429488,SLPM_650.80,4429488,系统文本,%sは料理の腕を生かして、コックになったそうだ。彼女の腕なら、間違いなく大繁盛だろう。,,untranslated,
SLPM_650.80#4429576,SLPM_650.80,4429576,系统文本,%sは料理の腕を磨くために調理専門学校に通っているそうだ。彼女の腕ならきっと大丈夫だよ。,,untranslated,
SLPM_650.80#4429664,SLPM_650.80,4429664,系统文本,%sはレースクイーンになったそうだ。本人は着ぐるみの延長だとか言ってたけど…。,,untranslated,
SLPM_650.80#4429744,SLPM_650.80,4429744,系统文本,結局、%sはバイトを続けてフリーターをやっているそうだ。ま、彼女らしいかもな…。,,untranslated,
SLPM_650.80#4429824,SLPM_650.80,4429824,系统文本,%sは%sと二人でパン屋を開くそうだ。意外だったなあ…。あの二人がか…。,,untranslated,
SLPM_650.80#4429896,SLPM_650.80,4429896,系统文本,%sはパン屋さんを開くそうだ。彼女の腕なら、そう遠くないうちに大繁盛間違いなしだな。,,untranslated,
SLPM_650.80#4429984,SLPM_650.80,4429984,系统文本,%sは%sと二人一緒に美容師になるそうだ。い、意外な組み合わせだったよな。,,untranslated,
SLPM_650.80#4430056,SLPM_650.80,4430056,系统文本,%sは美容師になったそうだ。既にカリスマ美容師と呼ばれているらしい。プロ中のプロだ…。,,untranslated,
SLPM_650.80#4430144,SLPM_650.80,4430144,系统文本,%sは自宅庭先に油田を掘り当てて、石油王になったそうだ…。す、凄い人生を送っているなあ。,,untranslated,
SLPM_650.80#4430232,SLPM_650.80,4430232,系统文本,%sはその腕を買われて、証券会社でディーラーをやっているらしい。プロだ、本物のプロだ…。,,untranslated,
SLPM_650.80#4430320,SLPM_650.80,4430320,系统文本,%sは二流企業に就職したそうだ。バイトで鍛えた腕を生かして、経理一切を処理しているらしい。,,untranslated,
SLPM_650.80#4430416,SLPM_650.80,4430416,系统文本,%sは三流企業に就職したそうだ。バイトで鍛えた腕を生かして、経理一切を処理しているらしい。,,untranslated,
SLPM_650.80#4430792,SLPM_650.80,4430792,系统文本,%sは古傷が悪化して、今入院中だそうだ。早く元気になるといいな。,,untranslated,
SLPM_650.80#4430856,SLPM_650.80,4430856,系统文本,%sは今、どうしているだろうか？元気でいてくれたらいいな…。,,untranslated,
SLPM_650.80#4430960,SLPM_650.80,4430960,系统文本,%sは%sに猛烈にアタックしていたらしい。頑張ったんだな…。,,untranslated,
SLPM_650.80#4431024,SLPM_650.80,4431024,系统文本,%sは風のうわさではフリーターをやっているらしい。まあ、彼にとっては良い勉強かもなあ。,,untranslated,
SLPM_650.80#4431112,SLPM_650.80,4431112,系统文本,%sは今、スポーツインストラクターをやっているらしい。お約束通りだけど彼にはピッタリかな。,,untranslated,
SLPM_650.80#4431208,SLPM_650.80,4431208,系统文本,%sって意外と情熱的だったんだなあ。ちょっと誤解していたかも。,,untranslated,
SLPM_650.80#4431272,SLPM_650.80,4431272,系统文本,%sは体育大学に進学したそうだ。ゆくゆくは体育教師にでもなるのかな？まあ、頑張れよ。,,untranslated,
SLPM_650.80#4431360,SLPM_650.80,4431360,系统文本,%sは超豪腕投手として、プロ球団に入団したらしい。どうやらモテモテでウハウハらしい…。,,untranslated,
SLPM_650.80#4431448,SLPM_650.80,4431448,系统文本,%sは超大物フォワードとして、プロ球団に入団した。実は、意外と凄い奴だったんだなあ。,,untranslated,
SLPM_650.80#4431536,SLPM_650.80,4431536,系统文本,%sは日本では珍しいプロのスプリンターとなったそうだ。実は、意外と凄い奴だったんだなあ。,,untranslated,
SLPM_650.80#4431624,SLPM_650.80,4431624,系统文本,%sはアイドルになったそうだ。そういえば、この間、ＴＶＣＭで見かけたよな。凄いなあ。,,untranslated,
SLPM_650.80#4431712,SLPM_650.80,4431712,系统文本,結局、%sを追って自衛官になったのが真相らしい。じょ、情熱的だなあ…%s。,,untranslated,
SLPM_650.80#4431784,SLPM_650.80,4431784,系统文本,結局、%sは自衛官になったらしい。あの性格で自衛官ってのはイマイチ想像しにくいよなあ。,,untranslated,
SLPM_650.80#4431872,SLPM_650.80,4431872,系统文本,結局、%sは証券会社に入ったが、外回りの営業をしているらしい。体力は有り余っているもんな。,,untranslated,
SLPM_650.80#4431968,SLPM_650.80,4431968,系统文本,今ではカリスマ美容師と呼ばれているらしい。人間、意外なところに才能が眠っているもんだなあ。,,untranslated,
SLPM_650.80#4432064,SLPM_650.80,4432064,系统文本,%sはパイロットとなるべく勉強中らしい。今ごろは勉強で、てんてこ舞いなんだろうな。,,untranslated,
SLPM_650.80#4432152,SLPM_650.80,4432152,系统文本,%sの焼くパンも凄く美味しいらしい。意外なところに才能って潜んでいるんだなあ。,,untranslated,
SLPM_650.80#4432232,SLPM_650.80,4432232,系统文本,%sはパン屋さんを開くそうだ。しかし、パン屋になるなんて全く想像がつかなかったよなあ。,,untranslated,
SLPM_650.80#4432320,SLPM_650.80,4432320,系统文本,%sとは仲良くやっていけているらしい。%s、頑張れよ、応援してるからな。,,untranslated,
SLPM_650.80#4432392,SLPM_650.80,4432392,系统文本,%sは花屋さんを開くそうだ。なんだか全くイメージとあわないような…。まあ、本人の選ぶ道だし。,,untranslated,
SLPM_650.80#4432488,SLPM_650.80,4432488,系统文本,%sは一流大学に進学できたそうだ。しかし、奇跡的だよな。よく受かったな。,,untranslated,
SLPM_650.80#4432560,SLPM_650.80,4432560,系统文本,%sは今、何をしているんだろうか…。奴のことだ、きっと元気でいるだろう。,,untranslated,
SLPM_650.80#4432960,SLPM_650.80,4432960,系统文本,%sと%sが付き合うなんてなあ。本当にビックリだよ。,,untranslated,
SLPM_650.80#4433016,SLPM_650.80,4433016,系统文本,%sは風のうわさではフリーターをやっているらしい。なんとなくだけど、彼らしいかも。,,untranslated,
SLPM_650.80#4433104,SLPM_650.80,4433104,系统文本,%sは地元スポーツ新聞の記者になったらしい。毎日特ダネを求めて飛び回っているようだ。,,untranslated,
SLPM_650.80#4433192,SLPM_650.80,4433192,系统文本,%sは三流歯科大学に入学したらしい。三流とはいえ、歯科大学だ。立派なことだと思う。,,untranslated,
SLPM_650.80#4433280,SLPM_650.80,4433280,系统文本,%sは医学大学に入学できたらしい。将来は、立派な医者になってくれるだろう…。たぶん。,,untranslated,
SLPM_650.80#4433368,SLPM_650.80,4433368,系统文本,%sは特技を生かして写真家になったらしい。どうやら海外でも高い評価を受けているそうだ。,,untranslated,
SLPM_650.80#4433456,SLPM_650.80,4433456,系统文本,%sは登山家になったらしい。なんでも、山の写真を撮るためらしい。頑張っているよなあ。,,untranslated,
SLPM_650.80#4433544,SLPM_650.80,4433544,系统文本,%sはダンサーになったらしい。なんでも、卒業式のときの腹踊りがクセになったとか…。,,untranslated,
SLPM_650.80#4433632,SLPM_650.80,4433632,系统文本,結局、%sは自衛官になったらしい。あの%sがなあ…。イマイチ想像しにくいよなあ。,,untranslated,
SLPM_650.80#4433712,SLPM_650.80,4433712,系统文本,%sはＴＶ局のカメラマンをしているらしい。アイドルが間近に見られて、幸せなんだろうな。,,untranslated,
SLPM_650.80#4433800,SLPM_650.80,4433800,系统文本,%sの焼く超ＬＬサイズのメロンパンが巷で大人気らしい。意外な才能を持ってたんだなあ。,,untranslated,
SLPM_650.80#4433888,SLPM_650.80,4433888,系统文本,%sはパン屋さんを開いたそうだ。超ＬＬサイズのメロンパンが巷で大人気らしい。,,untranslated,
SLPM_650.80#4433968,SLPM_650.80,4433968,系统文本,%sは花屋さんを開くそうだ。%sと花…。なんだか全くイメージとあわないような…。,,untranslated,
SLPM_650.80#4434048,SLPM_650.80,4434048,系统文本,%sは今、何をしているんだろうか…。奴のことだ、きっとしぶとく生きているだろう。,,untranslated,
DATA3.BIN#1299498,DATA3.BIN,1299498,对话,"ご、ごめんなさい。
待たせるつもりなんてなかったのに…",,untranslated,
DATA3.BIN#1303110,DATA3.BIN,1303110,对话,"今日はなんだか、
いつもと別人みたい。
その服のせいかしら？",,untranslated,
DATA3.BIN#1304644,DATA3.BIN,1304644,对话,"今日は一日、どうもありがとう。
…とても楽しかったわ",,untranslated,
DATA3.BIN#1564853,DATA3.BIN,1564853,对话,"「今年の展示、まあまあ楽しそうだよね。
ビーム兵器って巨大ロボには付き物だもんね。
がんばって造ろうねー",,untranslated,
DATA3.BIN#1564964,DATA3.BIN,1564964,对话,"「そ、そうだね…。
（こらこら、いつから兵器になったんだ",,untranslated,
DATA3.BIN#1565287,DATA3.BIN,1565287,对话,"「今年の展示、あんまり楽しくないねー。
人工筋肉って、なんていうか美しくないもん",,untranslated,
DATA3.BIN#1565375,DATA3.BIN,1565375,对话,"「ま、いっかぁ。
アクチュエータの素材に利用できるかも
しれないし。がんばって作ろうねー",,untranslated,
DATA3.BIN#1565557,DATA3.BIN,1565557,对话,"「今年の展示、まぁまぁだけど…。
ま、いっかぁ。
一緒にがんばって作ろうねー",,untranslated,
DATA3.BIN#1565741,DATA3.BIN,1565741,对话,"「今年の展示、すっごく楽しそうだねー。
やっぱり科学っていったら巨大ロボだもん！",,untranslated,
DATA3.BIN#1565829,DATA3.BIN,1565829,对话,"「しかも軍事用、合体！
燃えるよねー、ワクワクしちゃう！",,untranslated,
DATA3.BIN#2191410,DATA3.BIN,2191410,对话,"やっぴー、月夜見でーす。
メールどうもありがとりゅん！",,untranslated,
DATA3.BIN#2193469,DATA3.BIN,2193469,对话,"こんちわ。月夜見です。
わんぱく一号さんもクラシックが好きなんだー。
私もだいすきです。",,untranslated,
DATA3.BIN#2613468,DATA3.BIN,2613468,对话,"「やった！　大吉だ！
（でも、なんだったんだ今の…）",,untranslated,
DATA3.BIN#3698842,DATA3.BIN,3698842,对话,"「でも、参加するのは自由だから、
わたしはこれからしばらくも
顔を出そうと思うんだ",,untranslated,
DATA3.BIN#3735890,DATA3.BIN,3735890,对话,"「ずいぶんにぎわっているな。
心なしかカップルが多いような…",,untranslated,
DATA3.BIN#3736037,DATA3.BIN,3736037,对话,"「なんか面白そうな屋台があるぞ。
縁日ミニゲームか…",,untranslated,
DATA3.BIN#3736190,DATA3.BIN,3736190,对话,"「なんか面白そうな屋台があるぞ。
スマートボールか…",,untranslated,
DATA3.BIN#3736395,DATA3.BIN,3736395,对话,"おやぢ「やるじゃないか兄ちゃん。
ほれ、景品だよ",,untranslated,
DATA3.BIN#3736638,DATA3.BIN,3736638,对话,"おやぢ「まあ、そう落ち込みなさんなって。
ほれ、景品だよ",,untranslated,
DATA3.BIN#3737094,DATA3.BIN,3737094,对话,"「（…相変わらずむかつくヤツ…）
あ、あのなぁ…",,untranslated,
DATA3.BIN#3737363,DATA3.BIN,3737363,对话,"フッ、そうだね。それじゃ行こうか。
…失礼するよ",,untranslated,
DATA3.BIN#3737566,DATA3.BIN,3737566,对话,"「フッ、そうだね。それじゃ行こうか。
…失礼するよ",,untranslated,
DATA3.BIN#3737952,DATA3.BIN,3737952,对话,"な、白鳥、あっちの方が
おもろそうやで、早よ行こ",,untranslated,
DATA3.BIN#3738187,DATA3.BIN,3738187,对话,"「……ここにいたのですか、
白鳥くん。さあ、参りましょう",,untranslated,
DATA3.BIN#3739374,DATA3.BIN,3739374,对话,"「おう、わかってるって。
…それじゃ、また今度な",,untranslated,
DATA3.BIN#3739979,DATA3.BIN,3739979,对话,"「……ここにいたのですか、
矢部くん。さあ、参りましょう",,untranslated,
DATA3.BIN#3740656,DATA3.BIN,3740656,对话,"「や、やぁ君、こんな所で会うなんて奇遇だな。
それにしても、一人とは…寂しいものだな",,untranslated,
DATA3.BIN#3740802,DATA3.BIN,3740802,对话,"「な…。
何を言ってるんだ。
こ、この俺が一人で来るわけないだろう",,untranslated,
DATA3.BIN#3740875,DATA3.BIN,3740875,对话,"「…失礼するよ。
連れの子を待たせてるんでね。
はっはっは…",,untranslated,
DATA3.BIN#4217556,DATA3.BIN,4217556,对话,"うん。…あ、でもでも、
ほんのちょっと待っただけだよ",,untranslated,
DATA3.BIN#4217902,DATA3.BIN,4217902,对话,"今日はすっごく楽しみだったから
自然と家を早く出ちゃって。えへへ…",,untranslated,
DATA3.BIN#4219690,DATA3.BIN,4219690,对话,"すっごく心配したんだからね！
事故とかに遭ったんじゃないかって…",,untranslated,
DATA3.BIN#27132156,DATA3.BIN,27132156,对话,"ふーん。
ま、どっちにしろあたしは
占いなんて大して信じてないからさ。",,untranslated,
DATA3.BIN#27197527,DATA3.BIN,27197527,对话,主人公「あれ？　おかしいな？　麻子はまだ来てないのかな？」,,untranslated,
DATA3.BIN#27197674,DATA3.BIN,27197674,对话,二宮「ごめんねぇ、赤信号、三つもブッチしてきたんだけど……」,,untranslated,
DATA3.BIN#27197885,DATA3.BIN,27197885,对话,主人公「言ってみただけだよ。気をつけないと事故起こすぞ」,,untranslated,
DATA3.BIN#27198502,DATA3.BIN,27198502,对话,"二宮「……でも、もう少しで、　　　　　　　　　　　　　　　　　　　　　
アポロン３号が完成するとこだったんだもぉん！」",,untranslated,
DATA3.BIN#27198647,DATA3.BIN,27198647,对话,二宮「ＡＳＡＫＯ航空宇宙局のペットボトルロケット,,untranslated,
DATA3.BIN#27199313,DATA3.BIN,27199313,对话,主人公「そうそう、ショッピング街を抜けたとこの」,,untranslated,
DATA3.BIN#27199663,DATA3.BIN,27199663,对话,主人公（こういう店が当たりとは、変わった子だな！）,,untranslated,
DATA3.BIN#27199720,DATA3.BIN,27199720,对话,"二宮「へええーっ、
……主人公ってパフェなんか食べるん
だぁ？」",,untranslated,
DATA3.BIN#27199914,DATA3.BIN,27199914,对话,"二宮「へえ～っ、麻子、こういう店、　　
あんまり入らないからなぁ」",,untranslated,
DATA3.BIN#27200017,DATA3.BIN,27200017,对话,二宮「あれ？　言わなかったっけ、あんまり食べないって……」,,untranslated,
DATA3.BIN#27200430,DATA3.BIN,27200430,对话,"主人公「一緒に入らないの？
ほら、その子犬、とってもかわいいよ」",,untranslated,
DATA3.BIN#27201186,DATA3.BIN,27201186,对话,二宮「ううん、ただ大声出しちゃうかもしれないから……」,,untranslated,
DATA3.BIN#27201572,DATA3.BIN,27201572,对话,主人公「なんで？　入った事ないの？　お化け屋敷」,,untranslated,
DATA3.BIN#27202103,DATA3.BIN,27202103,对话,主人公「だって、あんなに叫んだらお化けがビックリしちゃうよ！」,,untranslated,
DATA3.BIN#27202167,DATA3.BIN,27202167,对话,二宮「ひどーい！　だって怖いんだもん！　ウフフッ」,,untranslated,
DATA3.BIN#27202519,DATA3.BIN,27202519,对话,"二宮「冷たくて美味しい！　……でも、久し振り。　　　　　　　　　　　　
こんなにドキドキしたり、大声出したりするの」",,untranslated,
DATA3.BIN#27202880,DATA3.BIN,27202880,对话,主人公「ここからじゃ取れないな……。よし、待ってて！」,,untranslated,
DATA3.BIN#27203597,DATA3.BIN,27203597,对话,主人公「このままじゃ何もわからないよ！　話してくれないか」,,untranslated,
DATA3.BIN#27204314,DATA3.BIN,27204314,对话,二宮「怖いの……。あたし、震えるぐらい怖くて怖くて仕方がないの,,untranslated,
DATA3.BIN#27204601,DATA3.BIN,27204601,对话,二宮「もう二度とあんなに辛い思いはしたくないの……」,,untranslated,
DATA3.BIN#27204709,DATA3.BIN,27204709,对话,主人公「俺の気持ちはどうなるんだ！　考えた事があるかい,,untranslated,
DATA3.BIN#27204766,DATA3.BIN,27204766,对话,"俺にとって千菜を失う事は……、
　　　　君が彼を失う事と同じじゃないのか",,untranslated,
DATA3.BIN#27204873,DATA3.BIN,27204873,对话,主人公「俺には、このまま千菜を放っておくなんてできない,,untranslated,
DATA3.BIN#27205460,DATA3.BIN,27205460,对话,二宮「……あたしの事、放っておけないんでしょう？」,,untranslated,
